-- phpMyAdmin SQL Dump
-- version 5.2.1
-- https://www.phpmyadmin.net/
--
-- Εξυπηρετητής: 127.0.0.1
-- Χρόνος δημιουργίας: 29 Απρ 2025 στις 22:04:46
-- Έκδοση διακομιστή: 10.4.32-MariaDB
-- Έκδοση PHP: 8.2.12

SET SQL_MODE = "NO_AUTO_VALUE_ON_ZERO";
START TRANSACTION;
SET time_zone = "+00:00";


/*!40101 SET @OLD_CHARACTER_SET_CLIENT=@@CHARACTER_SET_CLIENT */;
/*!40101 SET @OLD_CHARACTER_SET_RESULTS=@@CHARACTER_SET_RESULTS */;
/*!40101 SET @OLD_COLLATION_CONNECTION=@@COLLATION_CONNECTION */;
/*!40101 SET NAMES utf8mb4 */;

--
-- Βάση δεδομένων: `supermarket`
--

DELIMITER $$
--
-- Διαδικασίες
--
CREATE DEFINER=`root`@`localhost` PROCEDURE `handle_order` (IN `p_product_id` INT, IN `p_quantity` INT, IN `p_warehouse_id` INT, IN `p_source_id` INT, IN `p_source_type` ENUM('warehouse','store'), IN `is_auto_triggered` BOOLEAN)   BEGIN
    DECLARE current_qty INT;
    DECLARE current_price DECIMAL(10,2);
    DECLARE product_price DECIMAL(10,2);
    DECLARE v_message TEXT;

    -- Retrieve the price from the products table
    SELECT price INTO product_price
    FROM products
    WHERE product_id = p_product_id;

    IF p_source_type = 'store' THEN

        -- Get current warehouse quantity
        SELECT quantity INTO current_qty
        FROM warehouse_inventory
        WHERE product_id = p_product_id AND warehouse_id = p_warehouse_id;

        -- Product not found
        IF current_qty IS NULL THEN
            SIGNAL SQLSTATE '45000' SET MESSAGE_TEXT = 'Product not found in warehouse';
        
        -- Not enough in stock — move what you can
        ELSEIF current_qty < p_quantity THEN

            -- Move only available stock
            UPDATE warehouse_inventory
            SET quantity = quantity - current_qty
            WHERE product_id = p_product_id AND warehouse_id = p_warehouse_id;

            -- Log partial OUT from warehouse
            INSERT INTO inventory_transactions (
                product_id, quantity, warehouse_id, store_id,
                source_type, transaction_type, notes
            ) VALUES (
                p_product_id, current_qty, p_warehouse_id, p_source_id,
                'store', 'OUT', CONCAT('Partial transfer to store ', p_source_id)
            );

            -- Update or insert store inventory
            IF EXISTS (
                SELECT 1 FROM store_inventory
                WHERE product_id = p_product_id AND store_id = p_source_id
            ) THEN
                UPDATE store_inventory
                SET quantity = quantity + current_qty
                WHERE product_id = p_product_id AND store_id = p_source_id;
            ELSE
                INSERT INTO store_inventory (product_id, store_id, quantity)
                VALUES (p_product_id, p_source_id, current_qty);
            END IF;

            -- Log partial IN to store
            INSERT INTO inventory_transactions (
                product_id, quantity, warehouse_id, store_id,
                source_type, transaction_type, notes
            ) VALUES (
                p_product_id, current_qty, p_warehouse_id, p_source_id,
                'store', 'IN', CONCAT('Partially received from warehouse ', p_warehouse_id)
            );

            -- Backorder shortfall
            INSERT INTO backorder_requests (
                product_id, warehouse_id, store_id, requested_qty,
                fulfilled_qty, shortfall_qty, request_type, notes
            ) VALUES (
                p_product_id, p_warehouse_id, p_source_id,
                p_quantity, current_qty, p_quantity - current_qty,
                'store', 'Auto-created from store order shortfall'
            );

            -- Call reorder procedure if not auto-triggered
            IF NOT is_auto_triggered THEN
                CALL PlaceOrderForLowInventory(p_product_id, p_warehouse_id, 'warehouse');
            END IF;

            -- Raise a warning with shortfall
            SET v_message = CONCAT(
                'Shortfall: only ', current_qty,
                ' moved to store. Remaining ', p_quantity - current_qty,
                ' pending and reorder triggered.'
            );
            SIGNAL SQLSTATE '01000' SET MESSAGE_TEXT = v_message;

        ELSE
            -- Full stock available, proceed normally
            UPDATE warehouse_inventory
            SET quantity = quantity - p_quantity
            WHERE product_id = p_product_id AND warehouse_id = p_warehouse_id;

            -- Log full OUT from warehouse
            INSERT INTO inventory_transactions (
                product_id, quantity, warehouse_id, store_id,
                source_type, transaction_type, notes
            ) VALUES (
                p_product_id, p_quantity, p_warehouse_id, p_source_id,
                'store', 'OUT', CONCAT('Transfer to store ', p_source_id)
            );

            -- Add to store inventory
            IF EXISTS (
                SELECT 1 FROM store_inventory
                WHERE product_id = p_product_id AND store_id = p_source_id
            ) THEN
                UPDATE store_inventory
                SET quantity = quantity + p_quantity
                WHERE product_id = p_product_id AND store_id = p_source_id;
            ELSE
                INSERT INTO store_inventory (product_id, store_id, quantity)
                VALUES (p_product_id, p_source_id, p_quantity);
            END IF;

            -- Log full IN to store
            INSERT INTO inventory_transactions (
                product_id, quantity, warehouse_id, store_id,
                source_type, transaction_type, notes
            ) VALUES (
                p_product_id, p_quantity, p_warehouse_id, p_source_id,
                'store', 'IN', CONCAT('Received from warehouse ', p_warehouse_id)
            );
        END IF;

    ELSEIF p_source_type = 'warehouse' THEN
        -- Handle supplier -> warehouse restock

        -- Check if the price in the order is different from the price in the products table
        SELECT price INTO current_price
        FROM orders
        WHERE order_id = order_id AND product_id = p_product_id;

        -- If prices don't match, update the price in the products table
        IF current_price != product_price THEN
            UPDATE products
            SET price = current_price
            WHERE product_id = p_product_id;
        END IF;

        -- Update or insert warehouse inventory
        IF EXISTS (
            SELECT 1 FROM warehouse_inventory
            WHERE product_id = p_product_id AND warehouse_id = p_warehouse_id
        ) THEN
             CALL UpdateWarehouseInventoryAndHandleBackorders(p_product_id,  p_quantity, p_warehouse_id);
        ELSE
            INSERT INTO warehouse_inventory (product_id, warehouse_id, quantity)
            VALUES (p_product_id, p_warehouse_id, p_quantity);
        END IF;

        -- Log IN from supplier
        INSERT INTO inventory_transactions (
            product_id, quantity, warehouse_id, source_type,
            transaction_type, notes
        ) VALUES (
            p_product_id, p_quantity, p_warehouse_id, 'warehouse',
            'IN', CONCAT('Received from supplier (source ID ', p_source_id, ')')
        );
    END IF;
END$$

CREATE DEFINER=`root`@`localhost` PROCEDURE `PlaceBackOrderRequest` (IN `p_product_id` INT, IN `p_warehouse_id` INT)   BEGIN
    DECLARE order_count INT;
    DECLARE backorder_exists INT;

    -- Check if there is an existing confirmed order for this product and warehouse
    SELECT COUNT(*) INTO order_count
    FROM orders
    WHERE product_id = p_product_id
    AND warehouse_id = p_warehouse_id
    AND status = 'confirmed';

    -- If no confirmed order exists, place a backorder
    IF order_count != 0 THEN
        -- Call the PlaceOrderForLowInventory procedure to create a new order
       -- CALL PlaceOrderForLowInventory(p_product_id, p_warehouse_id, 'warehouse');
        
        -- Check if a backorder request already exists
        SELECT COUNT(*) INTO backorder_exists
        FROM backorder_requests
        WHERE product_id = p_product_id AND warehouse_id = p_warehouse_id AND status = 'pending';

        -- If a backorder request exists, update the status to 'ordered'
        IF backorder_exists > 0 THEN
            UPDATE backorder_requests
            SET status = 'ordered', order_date = NOW()
            WHERE product_id = p_product_id AND warehouse_id = p_warehouse_id AND status = 'pending';
        END IF;
    END IF;
END$$

CREATE DEFINER=`root`@`localhost` PROCEDURE `PlaceOrderForLowInventory` (IN `input_product_id` INT, IN `input_source_id` INT, IN `input_source_type` ENUM('warehouse','store'))   BEGIN
    DECLARE supplier_id INT;
    DECLARE best_price DECIMAL(10,2);
    DECLARE minimum_quantity INT DEFAULT 0;
    DECLARE current_quantity INT DEFAULT 0;
    DECLARE order_quantity INT DEFAULT 0;
    DECLARE warehouse_id INT;
    DECLARE error_message VARCHAR(255);
    
    -- Check if product exists
    IF NOT EXISTS (SELECT 1 FROM products WHERE product_id = input_product_id) THEN
        SIGNAL SQLSTATE '45000' SET MESSAGE_TEXT = 'Product does not exist';
    END IF;

    -- Get best supplier info for the product
    SELECT sp.supplier_id, sp.sale_price
    INTO supplier_id, best_price
    FROM supplier_product sp
    WHERE sp.product_id = input_product_id
    ORDER BY sp.sale_price ASC
    LIMIT 1;

    IF supplier_id IS NULL THEN
        SIGNAL SQLSTATE '45000' SET MESSAGE_TEXT = 'No supplier found for this product';
    END IF;

    -- Warehouse logic
    IF input_source_type = 'warehouse' THEN

        -- Get current quantity and minimum quantity
        SELECT wi.quantity, wi.minimum_quantity
        INTO current_quantity, minimum_quantity
        FROM warehouse_inventory wi
        WHERE wi.product_id = input_product_id AND wi.warehouse_id = input_source_id;

        -- Only place order if quantity < minimum
        IF current_quantity < minimum_quantity THEN

            SET order_quantity = IFNULL(minimum_quantity, 0) * 2;

            -- Check if warehouse exists
            SELECT 1 FROM warehouses WHERE warehouse_id = input_source_id;

            INSERT INTO orders (
                product_id, quantity, price, order_date,
                supplier_id, warehouse_id,
                source_id, source_type, status
            )
            VALUES (
                input_product_id, order_quantity, best_price, CURDATE(),
                supplier_id, NULL,
                input_source_id, 'warehouse', 'confirmed'
            );
-- Log the low inventory alert
            INSERT INTO low_inventory_alerts (
                product_id, warehouse_id, quantity, alert_date
            ) VALUES (
                input_product_id, input_source_id, order_quantity, NOW()
            );
        END IF;

    -- Store logic
    ELSEIF input_source_type = 'store' THEN

        IF NOT EXISTS (SELECT 1 FROM stores WHERE store_id = input_source_id) THEN
            SIGNAL SQLSTATE '45000' SET MESSAGE_TEXT = 'Store does not exist';
        END IF;

        SELECT s.warehouse_id INTO warehouse_id
        FROM stores s
        WHERE s.store_id = input_source_id;

        SELECT si.quantity, si.minimum_stock
        INTO current_quantity, minimum_quantity
        FROM store_inventory si
        WHERE si.product_id = input_product_id AND si.store_id = input_source_id;

        IF current_quantity < minimum_quantity THEN

            SET order_quantity = minimum_quantity * 2;

            IF NOT EXISTS (SELECT 1 FROM warehouses WHERE warehouse_id = warehouse_id) THEN
                SET error_message = CONCAT('Warehouse with ID ', warehouse_id, ' does not exist for the store');
                SIGNAL SQLSTATE '45000' SET MESSAGE_TEXT = error_message;
            END IF;

            INSERT INTO orders (
                product_id, quantity, price, order_date,
                supplier_id, warehouse_id,
                source_id, source_type, status
            )
            VALUES (
                input_product_id, order_quantity, 0.00, CURDATE(),
                NULL, warehouse_id,
                input_source_id, 'store', 'confirmed'
            );
-- Log the low inventory alert
            INSERT INTO low_inventory_alerts (
                product_id, warehouse_id, quantity, alert_date
            ) VALUES (
                input_product_id, input_source_id, order_quantity, NOW()
            );
        END IF;

    ELSE
        SIGNAL SQLSTATE '45000'
        SET MESSAGE_TEXT = 'Invalid source type. Use ''warehouse'' or ''store''.';
    END IF;
END$$

CREATE DEFINER=`root`@`localhost` PROCEDURE `UpdateWarehouseInventoryAndHandleBackorders` (IN `p_product_id` INT, IN `p_quantity` INT, IN `p_warehouse_id` INT, IN `p_store_id` INT)   BEGIN
    DECLARE backorder_qty INT DEFAULT 0;

    -- Step 1: Add inventory to warehouse
    IF EXISTS (
        SELECT 1 FROM warehouse_inventory
        WHERE product_id = p_product_id AND warehouse_id = p_warehouse_id
    ) THEN
        UPDATE warehouse_inventory
        SET quantity = quantity + p_quantity
        WHERE product_id = p_product_id AND warehouse_id = p_warehouse_id;
    ELSE
        INSERT INTO warehouse_inventory (product_id, warehouse_id, quantity)
        VALUES (p_product_id, p_warehouse_id, p_quantity);
    END IF;

    -- Step 2: Check for pending backorders
    SELECT (requested_qty - fulfilled_qty) INTO backorder_qty
    FROM backorder_requests
    WHERE product_id = p_product_id
      AND warehouse_id = p_warehouse_id
      AND status = 'ordered'
    LIMIT 1;

    -- Step 3: If there's a shortfall to fulfill
    IF backorder_qty > 0 THEN

        -- Update store inventory
        IF EXISTS (
            SELECT 1 FROM store_inventory
            WHERE product_id = p_product_id AND store_id = p_store_id
        ) THEN
            UPDATE store_inventory
            SET quantity = quantity + backorder_qty
            WHERE product_id = p_product_id AND store_id = p_store_id;
        ELSE
            INSERT INTO store_inventory (product_id, store_id, quantity)
            VALUES (p_product_id, p_store_id, backorder_qty);
        END IF;

        -- Subtract from warehouse inventory
        UPDATE warehouse_inventory
        SET quantity = quantity - backorder_qty
        WHERE product_id = p_product_id AND warehouse_id = p_warehouse_id;

        -- Update backorder as fulfilled
        UPDATE backorder_requests
        SET fulfilled_qty = fulfilled_qty + backorder_qty,
            status = 'fulfilled',
            request_date = NOW()
        WHERE product_id = p_product_id
          AND warehouse_id = p_warehouse_id
          AND status = 'ordered';
    END IF;

END$$

DELIMITER ;

-- --------------------------------------------------------

--
-- Δομή πίνακα για τον πίνακα `backorder_requests`
--

CREATE TABLE `backorder_requests` (
  `id` int(11) NOT NULL,
  `product_id` int(11) NOT NULL,
  `warehouse_id` int(11) NOT NULL,
  `store_id` int(11) DEFAULT NULL,
  `requested_qty` int(11) NOT NULL,
  `fulfilled_qty` int(11) NOT NULL,
  `shortfall_qty` int(11) NOT NULL,
  `request_type` enum('store','warehouse') NOT NULL,
  `request_date` timestamp NOT NULL DEFAULT current_timestamp(),
  `status` enum('pending','ordered','fulfilled') DEFAULT 'pending',
  `notes` text DEFAULT NULL
) ENGINE=InnoDB DEFAULT CHARSET=utf8mb4 COLLATE=utf8mb4_general_ci;

--
-- Άδειασμα δεδομένων του πίνακα `backorder_requests`
--

INSERT INTO `backorder_requests` (`id`, `product_id`, `warehouse_id`, `store_id`, `requested_qty`, `fulfilled_qty`, `shortfall_qty`, `request_type`, `request_date`, `status`, `notes`) VALUES
(2, 4, 7, 13, 76, 76, 26, 'store', '2025-04-28 19:43:25', 'fulfilled', 'Auto-created from store order shortfall'),
(3, 4, 7, 13, 76, 26, 76, 'store', '2025-04-28 19:43:25', 'fulfilled', 'Auto-created from store order shortfall'),
(5, 4, 7, 13, 76, 26, 76, 'store', '2025-04-28 19:43:25', 'fulfilled', 'Auto-created from store order shortfall'),
(6, 5, 7, 13, 166, 128, 38, 'store', '2025-04-28 20:33:15', 'ordered', 'Auto-created from store order shortfall'),
(30, 4, 7, 13, 76, 26, 76, 'store', '2025-04-28 19:43:25', 'fulfilled', 'Auto-created from store order shortfall'),
(31, 5, 7, 13, 166, 0, 166, 'store', '2025-04-28 20:33:15', 'ordered', 'Auto-created from store order shortfall'),
(32, 13, 4, 28, 64, 46, 18, 'store', '2025-04-28 20:36:11', 'ordered', 'Auto-created from store order shortfall'),
(33, 17, 4, 28, 184, 184, 164, 'store', '2025-04-28 20:47:07', 'fulfilled', 'Auto-created from store order shortfall'),
(34, 4, 7, 13, 76, 26, 76, 'store', '2025-04-28 19:43:25', 'fulfilled', 'Auto-created from store order shortfall'),
(35, 5, 7, 13, 166, 0, 166, 'store', '2025-04-28 20:33:15', 'ordered', 'Auto-created from store order shortfall'),
(36, 17, 4, 28, 184, 164, 184, 'store', '2025-04-28 20:47:07', 'fulfilled', 'Auto-created from store order shortfall'),
(37, 4, 7, 13, 76, 26, 76, 'store', '2025-04-28 19:43:25', 'fulfilled', 'Auto-created from store order shortfall'),
(38, 5, 7, 13, 166, 0, 166, 'store', '2025-04-28 20:33:15', 'ordered', 'Auto-created from store order shortfall'),
(39, 17, 4, 28, 184, 164, 184, 'store', '2025-04-28 20:47:07', 'fulfilled', 'Auto-created from store order shortfall'),
(40, 4, 7, 13, 76, 26, 76, 'store', '2025-04-28 19:43:25', 'fulfilled', 'Auto-created from store order shortfall'),
(41, 4, 7, 13, 76, 26, 76, 'store', '2025-04-28 19:43:25', 'fulfilled', 'Auto-created from store order shortfall'),
(42, 5, 7, 13, 166, 0, 166, 'store', '2025-04-28 20:33:15', 'ordered', 'Auto-created from store order shortfall'),
(43, 17, 4, 28, 184, 164, 184, 'store', '2025-04-28 20:47:07', 'fulfilled', 'Auto-created from store order shortfall'),
(44, 4, 7, 13, 76, 26, 76, 'store', '2025-04-28 19:43:25', 'fulfilled', 'Auto-created from store order shortfall'),
(45, 3, 1, 1, 182, 168, 14, 'store', '2025-04-28 20:47:53', 'ordered', 'Auto-created from store order shortfall'),
(46, 53, 8, 35, 128, 67, 61, 'store', '2025-04-28 20:47:54', 'ordered', 'Auto-created from store order shortfall'),
(47, 3, 1, 1, 182, 0, 182, 'store', '2025-04-28 20:47:53', 'ordered', 'Auto-created from store order shortfall'),
(48, 53, 8, 35, 128, 0, 128, 'store', '2025-04-28 20:47:54', 'ordered', 'Auto-created from store order shortfall'),
(49, 3, 1, 1, 182, 0, 182, 'store', '2025-04-28 20:47:53', 'ordered', 'Auto-created from store order shortfall'),
(50, 53, 8, 35, 128, 0, 128, 'store', '2025-04-28 20:47:54', 'ordered', 'Auto-created from store order shortfall'),
(51, 3, 1, 1, 182, 0, 182, 'store', '2025-04-28 20:47:53', 'ordered', 'Auto-created from store order shortfall'),
(52, 53, 8, 35, 128, 0, 128, 'store', '2025-04-28 20:47:54', 'ordered', 'Auto-created from store order shortfall'),
(53, 3, 1, 1, 182, 0, 182, 'store', '2025-04-28 20:47:53', 'ordered', 'Auto-created from store order shortfall'),
(54, 53, 8, 35, 128, 0, 128, 'store', '2025-04-28 20:47:54', 'ordered', 'Auto-created from store order shortfall'),
(55, 3, 1, 1, 182, 0, 182, 'store', '2025-04-28 20:47:53', 'ordered', 'Auto-created from store order shortfall'),
(56, 53, 8, 35, 128, 0, 128, 'store', '2025-04-28 20:47:54', 'ordered', 'Auto-created from store order shortfall'),
(59, 13, 4, 28, 64, 0, 64, 'store', '2025-04-28 20:36:11', 'ordered', 'Auto-created from store order shortfall'),
(62, 13, 4, 28, 64, 0, 64, 'store', '2025-04-28 20:36:11', 'ordered', 'Auto-created from store order shortfall'),
(63, 12, 4, 28, 90, 39, 51, 'store', '2025-04-28 20:36:11', 'ordered', 'Auto-created from store order shortfall'),
(66, 13, 4, 28, 64, 0, 64, 'store', '2025-04-28 20:36:11', 'ordered', 'Auto-created from store order shortfall'),
(67, 12, 4, 28, 90, 0, 90, 'store', '2025-04-28 20:36:11', 'ordered', 'Auto-created from store order shortfall'),
(68, 11, 4, 28, 126, 28, 98, 'store', '2025-04-28 20:36:11', 'ordered', 'Auto-created from store order shortfall'),
(72, 13, 4, 28, 64, 0, 64, 'store', '2025-04-28 20:36:11', 'ordered', 'Auto-created from store order shortfall'),
(73, 12, 4, 28, 90, 0, 90, 'store', '2025-04-28 20:36:11', 'ordered', 'Auto-created from store order shortfall'),
(74, 11, 4, 28, 126, 0, 126, 'store', '2025-04-28 20:36:11', 'ordered', 'Auto-created from store order shortfall'),
(75, 12, 4, 28, 90, 0, 90, 'store', '2025-04-28 20:36:11', 'ordered', 'Auto-created from store order shortfall'),
(76, 3, 1, 1, 182, 0, 182, 'store', '2025-04-28 20:47:53', 'ordered', 'Auto-created from store order shortfall'),
(77, 53, 8, 35, 128, 0, 128, 'store', '2025-04-28 20:47:54', 'ordered', 'Auto-created from store order shortfall'),
(78, 3, 1, 1, 182, 0, 182, 'store', '2025-04-28 20:47:53', 'ordered', 'Auto-created from store order shortfall'),
(79, 53, 8, 35, 128, 0, 128, 'store', '2025-04-28 20:47:54', 'ordered', 'Auto-created from store order shortfall'),
(80, 3, 1, 1, 182, 0, 182, 'store', '2025-04-28 20:47:53', 'ordered', 'Auto-created from store order shortfall'),
(81, 53, 8, 35, 128, 0, 128, 'store', '2025-04-28 20:47:54', 'ordered', 'Auto-created from store order shortfall'),
(82, 3, 1, 1, 182, 0, 182, 'store', '2025-04-28 20:47:53', 'ordered', 'Auto-created from store order shortfall'),
(83, 53, 8, 35, 128, 0, 128, 'store', '2025-04-28 20:47:54', 'ordered', 'Auto-created from store order shortfall'),
(84, 3, 1, 1, 182, 0, 182, 'store', '2025-04-28 20:47:53', 'ordered', 'Auto-created from store order shortfall'),
(85, 53, 8, 35, 128, 0, 128, 'store', '2025-04-28 20:47:54', 'ordered', 'Auto-created from store order shortfall'),
(86, 3, 1, 1, 182, 0, 182, 'store', '2025-04-28 20:47:53', 'ordered', 'Auto-created from store order shortfall'),
(87, 53, 8, 35, 128, 0, 128, 'store', '2025-04-28 20:47:54', 'ordered', 'Auto-created from store order shortfall');

-- --------------------------------------------------------

--
-- Δομή πίνακα για τον πίνακα `employees`
--

CREATE TABLE `employees` (
  `employee_id` int(11) NOT NULL,
  `full_name` varchar(100) NOT NULL,
  `address` varchar(255) DEFAULT NULL,
  `phone` varchar(20) DEFAULT NULL,
  `salary` decimal(10,2) DEFAULT NULL,
  `id_number` varchar(50) NOT NULL,
  `store_id` int(11) DEFAULT NULL,
  `user_id` int(11) DEFAULT NULL
) ENGINE=InnoDB DEFAULT CHARSET=utf8mb4 COLLATE=utf8mb4_general_ci;

--
-- Άδειασμα δεδομένων του πίνακα `employees`
--

INSERT INTO `employees` (`employee_id`, `full_name`, `address`, `phone`, `salary`, `id_number`, `store_id`, `user_id`) VALUES
(1, 'Tasos', 'Pod Pramenem 4', '774940796', 1000000.00, 'ID617750F', 1, 18),
(2, 'Βασιλεία-Θεοφανία Κλεινάκη', 'Πεσάδας 4,, ΤΚ 087 46 Καλαμάτα', '6970 249040', 2002.54, 'ID364281C', 14, NULL),
(3, 'Σώζων Τσαμασλίδης', 'Σκοπιάς 29,, 392 52 Θεσσαλονίκη', '2104672496', 1006.14, 'ID931168H', 25, NULL),
(4, 'Βαλεντίνος Μπαντής', 'Μεταξάδων 215-625,, ΤΚ 982 46 Γρεβενά', '2600 483 964', 969.83, 'ID585935A', 5, NULL),
(5, 'Θεοφύλακτη Χαραλαμπίδου', 'Μπεκάκου 410-844,, ΤΚ 060 67 Χίος', '2710 650538', 1719.20, 'ID182050B', 15, NULL),
(6, 'Ανάργυρη Κουτσουρέλη', 'Τσουκαλαιίκων 00,, 24838 Ιωάννινα', '+302202528266', 2490.11, 'ID843709F', 19, NULL),
(7, 'Αμβρόσιος Κανελλόπουλος', 'Πλατεία Ανωπόλεως 79,, 329 72 Μεσολόγγι', '210 3454177', 1089.67, 'ID662951G', 31, NULL),
(8, 'Πηνελόπη-Μαγδαληνή Παπαγεωργίου', 'Αλεποχωρίου 009-581,, ΤΚ 11109 Τρίπολη', '2660 115 062', 2404.44, 'ID274572A', 33, NULL),
(9, 'Γεώργιος Πολυχρονίδης', 'Βιλίων 08-28,, 594 95 Πολύγυρος', '2043087560', 1245.17, 'ID988147F', 22, NULL),
(10, 'Αλεξία Μηλιάκη', 'Κοκκινορράχης 08-42,, ΤΚ 07634 Αργοστόλι', '2770093449', 1489.62, 'ID314332D', 29, NULL),
(11, 'Αργύριος Παπαροϊδάμης', 'Πλ. Χριστιανουπόλεως 4,, 803 20 Τρίπολη', '6989 126 802', 2020.74, 'ID207535A', 34, NULL),
(12, 'Δέσποινα Φασουλή', 'Καμιναράτων 93,, ΤΚ 46301 Θεσσαλονίκη', '6916 833 986', 872.47, 'ID912800E', 27, NULL),
(13, 'Θεόπιστος Γρίβας', 'Καστρίου 394,, 62757 Πάτρα', '+306919782798', 2056.30, 'ID811891F', 17, NULL),
(14, 'Περικλής-Ξανθός Καρούντζος', 'Πάροδος Καλάνου 0,, ΤΚ 643 33 Φλώρινα', '(+30) 2751 485757', 2092.47, 'ID238260A', 25, NULL),
(15, 'Παναγία-Γαβριέλλα Γκαλίου', 'Καρκαλέτση 07,, 44158 Γρεβενά', '2310 479 142', 1614.81, 'ID641625C', 15, NULL),
(16, 'Τζανέτος Κατσογιάννης', 'Πάρ. Κρυόβρυση 72-07,, ΤΚ 795 70 Ρέθυμνο', '+306944185004', 842.28, 'ID875404H', 18, NULL),
(17, 'Φώτιος-Μαυρούδης Γκαλίου', 'Βαμβακοπούλου 67,, 86335 Κομοτηνή', '25750 90 681', 1861.50, 'ID606963B', 36, NULL),
(18, 'Ιωάννα Ζαννίκου', 'Ασκληπιείου 4,, ΤΚ 522 66 Πάτρα', '(+30) 2764 768238', 2360.84, 'ID908081B', 36, NULL),
(19, 'Αιμίλιος Κριάλης', 'Λεωφόρος Μουζακαιίκων 45,, 737 44 Λευκάδα', '(+30) 6988 725837', 1866.31, 'ID225280H', 14, NULL),
(20, 'Χριστόφιλη Περουλάκη', 'Αγίας Σοφίας 4,, ΤΚ 72383 Λαμία', '2440109755', 2170.99, 'ID607105H', 25, NULL),
(21, 'Χριστίνα Παπανικολάου', 'Κόκλα 22,, 11278 Δράμα', '(+30) 2225 846646', 1333.10, 'ID982946B', 10, NULL),
(22, 'Χάρις Κακαβός', 'Κορομπόκη 9,, ΤΚ 16979 Σέρρες', '6941 271575', 1347.95, 'ID234003F', 12, NULL),
(23, 'Σώζων Βιτσαξής', 'Επταλόφου 7,, ΤΚ 269 07 Δράμα', '+302008881095', 2056.26, 'ID899550H', 22, NULL),
(24, 'Ιερεμίας Λιόλιος', 'Πάροδος Οινόης 48,, ΤΚ 28579 Κομοτηνή', '(+30) 6972 611346', 2300.29, 'ID677144B', 18, NULL),
(25, 'Ευστράτιος-Τριαντάφυλλος Κασούτσας', 'Παυλάκη 4,, 55956 Κομοτηνή', '6935 245181', 919.56, 'ID560396E', 23, NULL),
(26, 'Χριστόφορος Κουκλατζής', 'Λεωφ. Πυργιωτίκων 44,, ΤΚ 801 33 Χανιά', '+30 2342 033876', 1942.94, 'ID284808H', 7, NULL),
(27, 'Τιμοθέα Δημοπούλου', 'Λεωφ. Αγίου Ηλία 5,, 05973 Καρπενήσι', '6921 219 173', 2136.28, 'ID526704F', 13, NULL),
(28, 'Ακριβή Λέκκα', 'Φίλκα 79-69,, 927 28 Πάτρα', '+302694820537', 1389.79, 'ID951492G', 37, NULL),
(29, 'Γλαύκη Νάντσου', 'Πουρνάρα 34,, ΤΚ 72570 Κέρκυρα', '210 4747835', 2225.29, 'ID345458F', 28, NULL),
(30, 'Μαντώ Μποτζιώρη', 'Νεράιδας 5,, 619 12 Λαμία', '(+30) 6963 140864', 1896.50, 'ID905507B', 21, NULL),
(31, 'Διαμάντω Καψή', 'Κωστακιών 3,, ΤΚ 872 69 Βέροια', '2170932461', 1311.77, 'ID576929F', 12, NULL),
(32, 'Πραξιτέλης Αλατζάκης', 'Καλυμνίων 42-24,, ΤΚ 65874 Άμφισσα', '6972 754745', 1027.55, 'ID102317E', 34, NULL),
(33, 'Ζαχαρίας Καραμάνος', 'Φιλοτίου 56,, 11771 Κόρινθος', '6936962104', 1728.87, 'ID575244G', 29, NULL),
(34, 'Βικέντια Γεωργουλάκη', 'Αγίου Ακακίου 83,, 255 79 Άρτα', '2830 929825', 1331.93, 'ID157521G', 30, NULL),
(35, 'Προδρομία Τραγούστη', 'Μύστακας 319-088,, ΤΚ 100 11 Μυτιλήνη', '210 7454535', 1598.93, 'ID373384E', 1, NULL),
(36, 'Χρυσάνθη Τόλη', 'Στιμάγκας 47,, 629 70 Ηράκλειο', '+306977010478', 2418.67, 'ID495072D', 36, NULL),
(37, 'Ασημίνα Παπαευαγγέλου', 'Κυριαννάκη 94,, 34535 Κατερίνη', '2101295863', 1579.86, 'ID506003D', 40, NULL),
(38, 'Μάριος Στεργιούδης', 'Γλυφάδα 4,, ΤΚ 847 48 Κιλκίς', '(+30) 6967 070480', 1600.41, 'ID556151D', 26, NULL),
(39, 'Σωκράτης Μπερμπατιώτης', 'Αδένδρου 9,, 31709 Καρδίτσα', '+306975244416', 1723.73, 'ID994767F', 18, NULL),
(40, 'Αλέξιος Καλαργυρός', 'Τριπύλας 50-27,, 11979 Πρέβεζα', '(+30) 2435 259602', 1760.08, 'ID809871F', 9, NULL),
(41, 'Βιργινία Δαγλή', 'Μαλακίων 9,, ΤΚ 570 54 Κιλκίς', '210 2579719', 1628.98, 'ID465071F', 40, NULL),
(42, 'Μιλτιάδης-Προκόπιος Παλαιολόγος', 'Φαββάτα 20,, 12305 Μεσολόγγι', '210 6189450', 1224.54, 'ID869630G', 24, NULL),
(43, 'Πίνδαρος Σταμέλος', 'Ζαχαριουδάκη 5,, ΤΚ 16738 Κατερίνη', '6985649634', 1458.94, 'ID830705G', 22, NULL),
(44, 'Αρτεμισία Παπανώτα', 'Καμποχωρίου 26,, ΤΚ 12855 Καρπενήσι', '2050 571 493', 1317.74, 'ID405130B', 9, NULL),
(45, 'Ευμένιος Αναστασίου', 'Κάσπακα 418-563,, ΤΚ 700 77 Πάτρα', '+302157818145', 1614.06, 'ID606559B', 37, NULL),
(46, 'Μεθόδιος Ψάλτης', 'Βυζικίου 19,, 40410 Κοζάνη', '210 6858318', 2102.55, 'ID946219D', 2, NULL),
(47, 'Φερενίκη Παππά', 'Υαμείας 6,, 46190 Αγ. Νικόλαος', '+306904821873', 1436.29, 'ID872834E', 30, NULL),
(48, 'Βαγιανή Ευαγγελάκη', 'Μακίστου 120-794,, 38171 Λαμία', '+302417750157', 1402.37, 'ID324600G', 24, NULL),
(49, 'Αργυρώ Αλεξανδράκη', 'Αγκαιριάς 739,, 624 93 Ναύπλιο', '6985 754059', 1353.70, 'ID524777G', 4, NULL),
(50, 'Έξαρχος Παπαροϊδάμης', 'Κεράμου 3,, 49870 Ζάκυνθος', '(+30) 2375 913970', 2176.49, 'ID518635F', 2, NULL),
(51, 'Νεοκλής Πετριτάκης', 'Ρίου 14,, 00559 Μεσολόγγι', '(+30) 2503 130122', 2092.71, 'ID497502G', 26, NULL),
(52, 'Ανανίας Αντωνόπουλος', 'Χανίων 9,, ΤΚ 26308 Κομοτηνή', '25350 25 847', 2045.62, 'ID109801D', 26, NULL),
(53, 'Θέμις Κυρκούδη', 'Πολυρράχου 729-691,, 81150 Λευκάδα', '6971 691420', 2204.28, 'ID753568B', 33, NULL),
(54, 'Λάσκαρης Πίππας', 'Χορτερού 851-469,, 388 77 Σάμος', '(+30) 2132 758053', 1875.13, 'ID696346D', 37, NULL),
(55, 'Νίκων Λαζαρίδης', 'Λεωφ. Στενής 2,, 58611 Ερμούπολη', '+302119233820', 1212.67, 'ID562667D', 17, NULL),
(56, 'Ισαάκ Ρέππος', 'Πουλιάση 88,, 910 77 Λιβαδιά', '210 2221896', 1633.15, 'ID363626H', 18, NULL),
(57, 'Γερακίνα Ρέππα', 'Ραχούλας 229-541,, ΤΚ 72146 Άρτα', '2630 583155', 1848.13, 'ID570465C', 16, NULL),
(58, 'Αλεξάνδρα Μιχελακάκη', 'Λεωφόρος Δοξάτου 817,, ΤΚ 825 50 Χαλκίδα', '210 210 5365', 1991.63, 'ID674520F', 40, NULL),
(59, 'Λεωνίδας Πίππας', 'Χιόνας 01,, 89800 Σάμος', '(+30) 2271 503706', 1635.36, 'ID310036B', 6, NULL),
(60, 'Τρύφων Κατσιγιάννης', 'Θεοδοσίου 14-94,, 023 39 Ρόδος', '+302774512367', 2488.48, 'ID241440F', 14, NULL),
(61, 'Σωτήριος Χριστάκης', 'Λεωφόρος Λαγκαδαιίκων 9,, 46022 Κομοτηνή', '+302659493544', 1783.22, 'ID255591E', 20, NULL),
(62, 'Ευσέβιος Σαρίκας', 'Σερρών 38,, ΤΚ 41478 Λάρισα', '(+30) 6929 310459', 2486.23, 'ID445398F', 23, NULL),
(63, 'Γκίκας Σαμανίδης', 'Αγίου Νικολάου Βοιών 77,, ΤΚ 284 82 Χαλκίδα', '210 784 0019', 1528.91, 'ID764612H', 6, NULL),
(64, 'Αγησίλαος Παναγιωτακόπουλος', 'Κλήματος Ευπαλίου 781-606,, ΤΚ 35904 Ερμούπολη', '210 3712241', 1970.78, 'ID795776H', 10, NULL),
(65, 'Λυκούργος Κουρής', 'Πλατεία Κλεισορρευμάτων 502-801,, 19046 Κοζάνη', '20140 14 338', 1610.60, 'ID306719G', 19, NULL),
(66, 'Χρίστος Μαζαράκης', 'Πάροδος Στενημάχου 3,, ΤΚ 601 12 Βέροια', '(+30) 6909 737678', 2205.48, 'ID817197A', 13, NULL),
(67, 'Βασίλειος Φερεντίνος', 'Πλ. Αρωνά 9,, 290 45 Σπάρτη', '+30 6955 855863', 840.02, 'ID400943H', 11, NULL),
(68, 'Βάιος Διαμαντής', 'Λεωφόρος Διασέλλων 52,, 14255 Δράμα', '2930 664445', 1446.06, 'ID608622A', 16, NULL),
(69, 'Επαμεινώνδας Σεβδάς', 'Δούκα 9,, 11710 Άρτα', '2170962586', 1218.63, 'ID538958H', 40, NULL),
(70, 'Μιλτιάδης Πολυχρονίδης', 'Κεχρινιάς 85-86,, ΤΚ 28385 Χίος', '6979 067752', 1976.41, 'ID380800C', 19, NULL),
(71, 'Ανδρόνικος Τσώνης', 'Στεφανοβούνου 1,, ΤΚ 01915 Κέρκυρα', '2460456532', 1638.72, 'ID147119H', 26, NULL),
(72, 'Βρασίδας Πατμανίδης', 'Λεωφόρος Ποτιστικών 11,, ΤΚ 31137 Θεσσαλονίκη', '2020 310060', 2253.46, 'ID699843B', 38, NULL),
(73, 'Πελοπίδας Τσαπραλής', 'Αργυρίων 10,, ΤΚ 90108 Καστοριά', '2590 958137', 1317.72, 'ID878878F', 12, NULL),
(74, 'Νεκτάριος-Πυθαγόρας Σαρίκας', 'Παυλή 41,, ΤΚ 29780 Κομοτηνή', '22750 57 453', 1601.08, 'ID222882C', 19, NULL),
(75, 'Σπυράννα-Φεβρωνία Πολέμη', 'Καμαριώτου 034,, ΤΚ 55849 Βέροια', '6929862087', 1240.38, 'ID432543A', 9, NULL),
(76, 'Καλλίνικη-Κυράτσα Ξένου', 'Οξυλίθου 2,, ΤΚ 917 47 Κόρινθος', '2720 088 287', 1873.54, 'ID719148G', 3, NULL),
(77, 'Τσαμπίκος Μοσχόπουλος', 'Αγίου Γεωργίου Λαρίσης 519-083,, ΤΚ 917 62 Γρεβενά', '+306909513416', 2007.92, 'ID815701E', 18, NULL),
(78, 'Όλγα Καρυδά', 'Καλογριανών 88,, 93839 Χαλκίδα', '2630 884 802', 1125.33, 'ID889647E', 31, NULL),
(79, 'Στέφανος Γερόπουλος', 'Αρσενάκη 92-79,, 84018 Ναύπλιο', '210 8648628', 2276.31, 'ID333029H', 38, NULL),
(80, 'Γιάννης-Ιωάννης Χρυσοβέργης', 'Μπαλανίκα 53,, 10965 Λαμία', '(+30) 6998 170240', 1651.58, 'ID820283D', 33, NULL),
(81, 'Παρασκευάς Μπούκος', 'Βασιλατίκων 14,, ΤΚ 427 58 Αγ. Νικόλαος', '+302753103495', 1083.12, 'ID145182B', 2, NULL),
(82, 'Ευσέβιος Ζαφείρης', 'Διχωρίου 09,, ΤΚ 658 85 Τρίπολη', '23650 22 734', 2019.20, 'ID532420E', 15, NULL),
(83, 'Παρασκευάς Χαρισιάδης', 'Γερούκη 97,, ΤΚ 55078 Αθήνα', '6928 554502', 1512.89, 'ID406125H', 36, NULL),
(84, 'Μαρωτέσα Παλιούρα', 'Σφακερών 4,, 57181 Ναύπλιο', '2890 803230', 1189.11, 'ID468035C', 33, NULL),
(85, 'Τίτος Μποφός', 'Καραγιοβάννη 85,, 01202 Ηράκλειο', '6909009763', 1995.58, 'ID497209A', 12, NULL),
(86, 'Διομήδης Ευταξιάς', 'Τοσούνη 408-586,, 64554 Ηράκλειο', '210 904 0452', 1969.40, 'ID637956G', 18, NULL),
(87, 'Φιλοθέη-Παταπία Καπουρνιώτη', 'Τάτση 5,, 61436 Ηγουμενίτσα', '+30 2344 020977', 2012.63, 'ID714417A', 2, NULL),
(88, 'Χρήστος Δουκατζής', 'Πλ. Σαργιάδας 98,, 12145 Κατερίνη', '(+30) 6949 654273', 2061.17, 'ID824820D', 3, NULL),
(89, 'Χρυσούλα Μαμαλά', 'Βουχωρίνας 4,, ΤΚ 787 93 Καβάλα', '6972 392 775', 1275.70, 'ID737785G', 40, NULL),
(90, 'Δημούλα Μπενέτου', 'Δρακουλή 47-72,, 23860 Χίος', '(+30) 2257 905712', 2267.29, 'ID163862C', 19, NULL),
(91, 'Πασχάλης Κολοκάθης', 'Τσαριτσάνης 68,, ΤΚ 749 98 Ιωάννινα', '+30 2238 690297', 1779.95, 'ID245470B', 11, NULL),
(92, 'Γερασιμούλα Ραυτοπούλου', 'Καλυβίων Μυρτουντίων 26,, ΤΚ 88439 Αθήνα', '(+30) 6957 230161', 1927.38, 'ID530291F', 31, NULL),
(93, 'Ηράκλεια Καλαθά', 'Παπανδρέου 89,, 910 78 Ηγουμενίτσα', '2640012655', 1133.21, 'ID588405F', 18, NULL),
(94, 'Λεμονής Γρίβας', 'Γαλατακίου 226-449,, 16283 Ξάνθη', '210 7898034', 1009.10, 'ID686690B', 27, NULL),
(95, 'Κόσμια Δημτσούδη', 'Δρίβα 75,, 50682 Δράμα', '(+30) 2908 820298', 2040.37, 'ID488783C', 31, NULL),
(96, 'Θεοτόκης Βουτσελας', 'Τάντου 49-21,, 90552 Αθήνα', '210 8067286', 2457.29, 'ID861935H', 10, NULL),
(97, 'Βάγια Κατσιμάλη', 'Λυμαξή 33-06,, 50694 Κομοτηνή', '(+30) 2625 787078', 2488.40, 'ID348735C', 26, NULL),
(98, 'Πελαγία Μπραέσα', 'Κετεσίδου 637,, ΤΚ 73710 Αθήνα', '6918252369', 1647.48, 'ID910631H', 39, NULL),
(99, 'Ζήνων Χρυσικός', 'Ζώη 19,, ΤΚ 578 13 Λαμία', '(+30) 2672 506217', 1593.00, 'ID939449B', 32, NULL),
(100, 'Λύσανδρος Τάχας', 'Παπαθωμά 66-44,, 68470 Γρεβενά', '+30 6968 935836', 980.52, 'ID660222E', 4, NULL),
(101, 'Πανορμίτης-Καλλίνικος Δουβρόπουλος', 'Χαριτωμένης 35,, 810 78 Κόρινθος', '2740 676889', 1536.73, 'ID604168D', 3, NULL),
(102, 'Αταλάντη Χατζημιχαήλ', 'Πετρανών 02-47,, 624 26 Μυτιλήνη', '+302449092933', 1271.77, 'ID522233A', 40, NULL),
(103, 'Τίτος Πιάγκος', 'Καλαμαρά 23,, ΤΚ 02553 Λάρισα', '210 639 6919', 2229.22, 'ID508569F', 37, NULL),
(104, 'Ηρακλής-Ευσέβιος Γιατρομανωλάκης', 'Καρινών 152,, ΤΚ 20937 Καστοριά', '210 197 5228', 1754.21, 'ID855171B', 17, NULL),
(105, 'Δρόσος Τσώνης', 'Πισκοπάνη 23,, 70993 Πρέβεζα', '2726049991', 2249.32, 'ID728969D', 26, NULL),
(106, 'Βρασίδας Χατζελλής', 'Αγίου Ονουφρίου 38,, 566 80 Λιβαδιά', '210 953 4353', 2346.81, 'ID451310C', 30, NULL),
(107, 'Θεοδώρα Μάρα', 'Παπατζήκα 2,, ΤΚ 11940 Χανιά', '+302537610706', 2299.30, 'ID462219G', 2, NULL),
(108, 'Ισαβέλλα Τσακαλάκου', 'Καραβάδου 8,, ΤΚ 71677 Ναύπλιο', '+30 6919 609197', 2064.24, 'ID555425E', 36, NULL),
(109, 'Δικαία Βαμβουκάκη', 'Σιδερά 92,, 26614 Καρδίτσα', '+306982900259', 1159.19, 'ID918607B', 33, NULL),
(110, 'Παντελής Ζηματίκας', 'Τζιγκούρα 57-73,, ΤΚ 092 28 Κοζάνη', '2540 898 130', 1182.72, 'ID590188H', 21, NULL),
(111, 'Αθηνά-Σωζούσα Λογκάκη', 'Καλλεργιανών 99-09,, 54500 Πύργος', '2940705458', 1704.27, 'ID461970B', 32, NULL),
(112, 'Ιωακείμ Ρίσβας', 'Σαμικού 940-462,, 27390 Ζάκυνθος', '2310 094775', 2195.51, 'ID607810E', 8, NULL),
(113, 'Πελαγία Χανταμπή', 'Πάροδος Σέτας 0,, 820 11 Βόλος', '6929367266', 1296.35, 'ID706687F', 25, NULL),
(114, 'Μίνωας Καλαμαράκης', 'Λεωφόρος Μελανιού 742-870,, 29633 Καρδίτσα', '210 2220382', 2320.77, 'ID446101F', 32, NULL),
(115, 'Κοραλία Παπαδήμα', 'Γιακαμόζη 41-58,, 75796 Σέρρες', '2390 317 958', 1725.99, 'ID846301G', 23, NULL),
(116, 'Αιμιλιανός Ματσούκας', 'Πλατεία Κουσπάδων 17,, ΤΚ 76351 Κατερίνη', '2730 086894', 2130.77, 'ID261494G', 39, NULL),
(117, 'Βικέντια-Χριστίνα Χορόζη', 'Καβησού 71-10,, 939 66 Αλεξανδρούπολη', '2106610617', 2262.46, 'ID196102B', 20, NULL),
(118, 'Στέλλα Παναγιώτου', 'Πλατεία Ταξιαρχών 469,, 93324 Καρδίτσα', '23990 59 610', 1357.45, 'ID974207B', 31, NULL),
(119, 'Μαυρούδης Γιαννούκος', 'Πλατεία Ίσαρη 13,, 68717 Άμφισσα', '6918360883', 1020.84, 'ID111691A', 2, NULL),
(120, 'Χαραλαμπία Τσέτου', 'Πάροδος Πλατανούσσης 774,, 71266 Καρπενήσι', '24830 07 662', 1664.34, 'ID893154B', 26, NULL),
(121, 'Διομήδης Τζιώτζης', 'Λεωφόρος Παντανάσσης 29-52,, ΤΚ 694 31 Βέροια', '+302539299001', 1539.36, 'ID340068F', 35, NULL),
(122, 'Μαρκέλλα Ματεντσίδου', 'Πάρ. Μουλκίου 073-135,, ΤΚ 59356 Ιωάννινα', '2240038676', 1679.50, 'ID802039E', 11, NULL),
(123, 'Μελέτια Κοντογεωργάκη', 'Πλ. Ποροβίτσης 7,, ΤΚ 90771 Πύργος', '2350 452069', 1329.97, 'ID476061H', 39, NULL),
(124, 'Σελήνη Στυλιανίδου', 'Σαγκρίου 5,, 987 55 Αθήνα', '+30 6975 223389', 1924.68, 'ID925947C', 37, NULL),
(125, 'Γλαύκη Χαλαντζούκα', 'Λιμένος Χερσονήσου 68-88,, 57693 Βόλος', '2107162455', 1896.28, 'ID805913D', 15, NULL),
(126, 'Κλεόβουλος Χαχούδης', 'Λεωφόρος Ελικίστρας 07,, ΤΚ 32007 Κιλκίς', '+30 6916 768574', 2479.38, 'ID657268D', 17, NULL),
(127, 'Δάφνη Πάντζιου', 'Κρικέλλου 724,, ΤΚ 370 92 Βόλος', '+306991995407', 1195.84, 'ID360722B', 12, NULL),
(128, 'Ανθούλης Λαμπρινός', 'Χαροκόπιον 264,, 22013 Ηράκλειο', '+302280859476', 1693.82, 'ID630366A', 13, NULL),
(129, 'Ελένη Μέλανι', 'Υψηλού Χωρίου 67-22,, 02741 Φλώρινα', '(+30) 2082 469515', 965.05, 'ID422451H', 40, NULL),
(130, 'Βαρσαμία Φίλκα', 'Σύρνας 1,, ΤΚ 878 16 Λαμία', '(+30) 6930 470714', 971.17, 'ID524170B', 4, NULL),
(131, 'Λυκούργος Ντόκος', 'Μπεκάκου 76-57,, 35367 Δράμα', '210 062 2356', 1705.86, 'ID636227A', 33, NULL),
(132, 'Δράκων Κατσογιάννης', 'Λεωφόρος Δαρμένη 94,, 368 38 Κόρινθος', '+30 2809 189587', 1194.41, 'ID282972A', 7, NULL),
(133, 'Αρέθα Σπυριδάκη', 'Ευρωστίνης Ροζενών 90,, 62809 Κιλκίς', '2104761390', 1371.72, 'ID419241B', 22, NULL),
(134, 'Αριστέα Βουλτσίδου', 'Μαυρίδη 70-98,, 12499 Πάτρα', '2240 544 682', 911.89, 'ID574694G', 29, NULL),
(135, 'Βικτόρια-Σαββούλα Πουρνάρα', 'Λεωφ. Μαυροκάμπου 44,, 12457 Καλαμάτα', '6962 121649', 1449.29, 'ID918506B', 6, NULL),
(136, 'Ελευθερία Ευαγγελίδη', 'Τσάτη 3,, 53290 Ιωάννινα', '2104617227', 940.75, 'ID964287D', 29, NULL),
(137, 'Ηράκλεια Λογκάκη', 'Παλαιάς Γιαννιτσούς 7,, 44792 Ιωάννινα', '2180438184', 1096.72, 'ID191747A', 35, NULL),
(138, 'Δημοσθένης Νικουλής', 'Σελλίου 59,, 34332 Ρέθυμνο', '2240242503', 989.60, 'ID852958H', 3, NULL),
(139, 'Άννα Βαμβουκάκη', 'Γραμμένου 4,, 85547 Κομοτηνή', '2470551568', 1388.43, 'ID197533B', 9, NULL),
(140, 'Φανουρία Τζάγκα', 'Θαρουνίων 145,, 741 24 Τρίκαλα', '(+30) 6998 816346', 1415.53, 'ID567211E', 28, NULL),
(141, 'Μαρτίνος Πουλημένος', 'Μαργαρίτη 9,, 02527 Καβάλα', '+30 2577 542627', 2181.52, 'ID560544D', 5, NULL),
(142, 'Υβόννη Παπαδημητροπούλου', 'Γρηγοροπούλου 3,, 53816 Ρόδος', '210 878 5370', 1570.88, 'ID834727G', 18, NULL),
(143, 'Ελπίδα Γαλανάκη', 'Ταφραλή 785-572,, ΤΚ 63174 Βόλος', '(+30) 6972 068999', 2221.00, 'ID746370F', 38, NULL),
(144, 'Ταξιαρχία Δρυμαλίτου', 'Γαρέας 34,, 53817 Καλαμάτα', '+302740654646', 2363.04, 'ID168471E', 34, NULL),
(145, 'Υβόννη Σκοτάδη', 'Κρυοπηγής 9,, ΤΚ 08922 Καρδίτσα', '+306904482681', 1619.18, 'ID489315H', 22, NULL),
(146, 'Ανανίας Μαμμής', 'Γέροντα 23,, 003 58 Κέρκυρα', '2820 453 350', 2277.53, 'ID364470B', 3, NULL),
(147, 'Έκτορας-Ανάργυρος Λεβέντης', 'Πικέρνη 355-048,, 790 50 Χαλκίδα', '(+30) 2489 828389', 2383.50, 'ID904705E', 34, NULL),
(148, 'Έξαρχος Κουτσογιάννης', 'Δρόσου 723,, ΤΚ 01070 Καβάλα', '210 8769795', 898.41, 'ID571497G', 40, NULL),
(149, 'Ρίζος-Μάρκος Βορλόκας', 'Γεωργίτση 38,, ΤΚ 156 93 Καβάλα', '2130 383413', 2162.38, 'ID720219E', 20, NULL),
(150, 'Βεατρίκη Παπαδοπούλου', 'Βράσκου 51,, 13569 Πρέβεζα', '6938372369', 1888.19, 'ID704890A', 36, NULL),
(151, 'Ταξιαρχία Καργάκου', 'Λαδικούς 53-17,, 898 83 Αλεξανδρούπολη', '(+30) 2083 040612', 2482.81, 'ID442998F', 15, NULL),
(152, 'Ανθή Σόφρα', 'Δραγασιάς 33,, ΤΚ 11712 Κέρκυρα', '2107570924', 1547.19, 'ID144115H', 19, NULL),
(153, 'Αλκιβιάδης Τσατσάνης', 'Λευκόβρυσης 52,, 974 04 Ρέθυμνο', '+302983858646', 2499.29, 'ID329623B', 32, NULL),
(154, 'Γεώργιος-Ευστάθιος Ιακωβάκης', 'Μαινάλου 4,, ΤΚ 764 05 Ζάκυνθος', '210 285 4495', 2015.86, 'ID972236F', 31, NULL),
(155, 'Νικολέτα-Εύκλεια Κουτσουνάκη', 'Τσαμτσούρη 01,, ΤΚ 78423 Ηγουμενίτσα', '+306997409759', 2086.57, 'ID436604D', 1, NULL),
(156, 'Ιωνάς Ράλλης', 'Καμιναράτων 13-64,, 50057 Ζάκυνθος', '(+30) 6977 005201', 957.24, 'ID465430G', 36, NULL),
(157, 'Τριαντάφυλλος-Στέργιος Καπετάνιος', 'Πάρ. Ανθοχωρίου Δωδώνης 73,, ΤΚ 062 04 Σπάρτη', '210 0315339', 1750.34, 'ID664696F', 1, NULL),
(158, 'Παρασκευή Γκιριτζιώνη', 'Αλειμματάδων 28,, ΤΚ 22603 Ηγουμενίτσα', '+30 6915 445697', 1423.56, 'ID191500G', 27, NULL),
(159, 'Γερακίνα Πλατάκη', 'Κεραμιδιάς 39-76,, ΤΚ 15193 Λαμία', '(+30) 6934 330206', 2014.42, 'ID219589B', 19, NULL),
(160, 'Δημήτρης Μασγαλάς', 'Πάρ. Καμαρίων 820-012,, 932 62 Καλαμάτα', '210 8293466', 1774.71, 'ID606096C', 31, NULL),
(161, 'Φωτεινή Νταγκαλή', 'Χαβαρίου 93,, ΤΚ 69826 Σπάρτη', '2800 324508', 1111.96, 'ID842487C', 3, NULL),
(162, 'Ιππολύτη-Ζαμπέτα Κανταρελή', 'Δαρδιώτη 0,, 00596 Ζάκυνθος', '6962 158207', 2009.72, 'ID385571F', 23, NULL),
(163, 'Θεόκλητος Μακρυγιάννης', 'Καλογριανής 4,, ΤΚ 12520 Πρέβεζα', '2109656575', 1362.22, 'ID300228F', 22, NULL),
(164, 'Μαρίνος Αργυρόπουλος', 'Πάρ. Πλακωτής 3,, 91095 Αργοστόλι', '2410306383', 1280.56, 'ID420580F', 14, NULL),
(165, 'Φραγκίσκος Κορδατζής', 'Λινισταίνης 758-277,, ΤΚ 56464 Φλώρινα', '(+30) 6967 321419', 1104.56, 'ID144274F', 32, NULL),
(166, 'Ξένη Χρυσανθακοπούλου', 'Μαλουνίου 98,, 27206 Κατερίνη', '(+30) 6930 448364', 1785.59, 'ID870966A', 2, NULL),
(167, 'Λεμονής Μπέκος', 'Μιχαηλίδου 1,, ΤΚ 009 80 Σάμος', '+30 2407 776919', 1967.82, 'ID466837G', 8, NULL),
(168, 'Αγαθή Κουτσικούρη', 'Παπαδήμα 3,, 29402 Βόλος', '+302046722020', 2255.32, 'ID621185H', 8, NULL),
(169, 'Καρυοφυλλιά Πέτση', 'Χριστού 058-044,, 63094 Ναύπλιο', '2540829835', 2489.11, 'ID383400E', 16, NULL),
(170, 'Ερμής Αμπλιάνιτης', 'Σερβίων 06,, 421 59 Χανιά', '2960 015974', 911.36, 'ID725724F', 24, NULL),
(171, 'Αρτεμισία Πουλή', 'Πάρ. Ζεμενού 1,, 156 30 Ηγουμενίτσα', '(+30) 6932 697153', 870.42, 'ID689347H', 23, NULL),
(172, 'Ανδριανή Καργάκου', 'Κάρπης 874-351,, 00622 Αλεξανδρούπολη', '6910 898 880', 2074.41, 'ID467530E', 22, NULL),
(173, 'Υβόννη Ιωακειμίδου', 'Αμαράντων 55-50,, 64261 Βόλος', '2210 983534', 2236.80, 'ID402238F', 39, NULL),
(174, 'Συμέλα Μπιμπίκα', 'Μπαλή 84,, ΤΚ 577 75 Σάμος', '+30 6983 585507', 1441.29, 'ID564890G', 14, NULL),
(175, 'Γαβριέλλα Οικονομοπούλου', 'Ποταμιάνου 74,, 43090 Βέροια', '+30 2649 257606', 1012.23, 'ID779385F', 4, NULL),
(176, 'Παύλος Κατσίφος', 'Τσιωλξ 488,, 888 87 Πάτρα', '210 636 2778', 2031.27, 'ID449750H', 19, NULL),
(177, 'Άγγελος Κουμιώτης', 'Καλεντζίου 04,, 67906 Σέρρες', '+30 6985 989267', 1511.54, 'ID251940F', 3, NULL),
(178, 'Χριστόφιλη Τσαμτσούρη', 'Φύλλων 019,, 048 48 Αγ. Νικόλαος', '+30 6998 446700', 1067.03, 'ID766904G', 30, NULL),
(179, 'Καλομοίρα Βαρθαλίτη', 'Ελατόβρυσης 60,, 86084 Χίος', '2760 898 471', 1104.72, 'ID935227F', 39, NULL),
(180, 'Ερμής-Φανούριος Καραγιάννης', 'Σάντας 6,, 15868 Κατερίνη', '+30 6992 077306', 1636.86, 'ID581930C', 30, NULL),
(181, 'Θεώνη-Σουμέλα Στυλιανίδου', 'Λεωφόρος Χρυσορράχης 299-775,, ΤΚ 48424 Καστοριά', '6970 017219', 2405.72, 'ID819559F', 17, NULL),
(182, 'Προκόπιος Αλατζάκης', 'Πάροδος Πυλών 69,, 39736 Ηγουμενίτσα', '2670602915', 1065.51, 'ID680265G', 22, NULL),
(183, 'Τζανέτος-Νικόλαος Δουμάς', 'Γαβριήλ 90,, 02823 Καστοριά', '2650 963891', 1771.00, 'ID166587H', 13, NULL),
(184, 'Διαμαντούλα Γεωργή', 'Πλανητέρου 729,, ΤΚ 557 99 Χανιά', '6936 943310', 977.38, 'ID705047A', 5, NULL),
(185, 'Ζαχαρούλα Μαυροείδη', 'Σπάρτου 148,, 158 58 Ξάνθη', '+302013866594', 863.27, 'ID764555E', 35, NULL),
(186, 'Σωκράτης-Λουκάς Σεφέκος', 'Λεωφ. Παλαμπά 5,, 68036 Καβάλα', '(+30) 2084 545363', 1322.47, 'ID493301B', 7, NULL),
(187, 'Καρυοφυλλιά Μπαρκούτα', 'Λεπενούς 853,, 643 51 Άρτα', '2940959981', 2329.35, 'ID127110B', 28, NULL),
(188, 'Ερατώ Μπούζα', 'Μεσοβουνίων 135-362,, 72435 Καβάλα', '6997 047 114', 2422.44, 'ID453145H', 9, NULL),
(189, 'Άρης Στόγιος', 'Πάρ. Περάνθης 7,, ΤΚ 207 64 Κέρκυρα', '6927 698693', 1545.14, 'ID980582E', 4, NULL),
(190, 'Βλάσης Πορίχης', 'Βαρελίδου 28-28,, 75623 Πάτρα', '2104576146', 1438.22, 'ID135398A', 5, NULL),
(191, 'Φιλιώ Φαρμάκη', 'Φωλιά 48,, 70166 Σέρρες', '2104872636', 1865.15, 'ID929497A', 13, NULL),
(192, 'Ηλέκτρα Φραγκιαδάκη', 'Πηγαδακίων 8,, ΤΚ 920 60 Ηγουμενίτσα', '(+30) 6902 287595', 1622.02, 'ID315805E', 37, NULL),
(193, 'Θεανώ Παπαθωμά', 'Παπουτσοπούλου 946,, ΤΚ 93473 Σάμος', '210 8871346', 938.41, 'ID559863H', 39, NULL),
(194, 'Πυθαγόρας Γάτος', 'Πλ. Γαζώρου 17,, 06899 Καρπενήσι', '2102076785', 933.43, 'ID623785C', 19, NULL),
(195, 'Πανταζής Γκίνης', 'Γαβριηλίδη 02-54,, ΤΚ 77804 Ηγουμενίτσα', '2101755836', 2296.08, 'ID691855A', 29, NULL),
(196, 'Σώζων Παπαθεοδοσίου', 'Πλ. Αχλαδερής 63,, 59571 Ηράκλειο', '(+30) 6907 510055', 1258.14, 'ID868872H', 34, NULL),
(197, 'Ευτέρπη Παλιούρα', 'Λεωφ. Κρηστώνης 693-513,, ΤΚ 12766 Χανιά', '6985 751804', 2428.65, 'ID752510E', 10, NULL),
(198, 'Λάζαρος Μπραζιώτης', 'Ζερβά 8,, 48085 Άρτα', '+302345274098', 978.13, 'ID819955C', 26, NULL),
(199, 'Μελένια Μανουσοπούλου', 'Δαφνοσπηλιάς 15,, 75313 Έδεσσα', '+306945765727', 1758.12, 'ID110525E', 27, NULL),
(200, 'Ναθαναήλ Τοδώρης', 'Καλοχωρίου 08-58,, ΤΚ 385 97 Αθήνα', '6935241503', 1985.02, 'ID725871C', 17, NULL),
(201, 'Τίτος Μαντάς', 'Γιουργάνιστας 970-497,, 65798 Κατερίνη', '+306915193758', 2037.85, 'ID573764E', 7, NULL),
(202, 'Επαμεινώνδας Φραγκόπουλος', 'Καλλιμασιάς 91,, 97315 Ναύπλιο', '2660064524', 2241.07, 'ID580174B', 17, NULL),
(203, 'Ευτέρπη Συβιλιά', 'Σαντομερίου 4,, 32902 Αλεξανδρούπολη', '2104220244', 1644.61, 'ID172813D', 21, NULL),
(204, 'Αθηνά Τσαμπαλή', 'Κατσιμάλη 65-82,, 982 12 Αθήνα', '+30 6964 395377', 2391.97, 'ID173860E', 37, NULL),
(205, 'Βαλάντης Σαμανίδης', 'Πάροδος Ρουστίκων 47-02,, 03505 Άρτα', '210 291 6132', 1504.55, 'ID337603E', 36, NULL),
(206, 'Θεοδόσιος Προβής', 'Αγίου Σύλλα 616-232,, 53489 Ξάνθη', '6989 636 513', 1664.39, 'ID856492B', 2, NULL),
(207, 'Μαργιέττα Σιμιτζή', 'Πάρ. Σέτας 1,, ΤΚ 07338 Ναύπλιο', '210 033 6394', 998.66, 'ID679091A', 29, NULL),
(208, 'Κλεάνθης Δημόπουλος', 'Ομβριακής 60,, ΤΚ 305 33 Μυτιλήνη', '+302764825908', 839.80, 'ID715702C', 18, NULL),
(209, 'Δανάη-Μελέτια Πυροβόλου', 'Καβαλλαρίου 368,, 95128 Τρίπολη', '+302708699011', 1647.43, 'ID363056F', 16, NULL),
(210, 'Θεολόγος Κατιρτζής', 'Αναρράχης 215-651,, 06775 Ρέθυμνο', '6924 727 356', 1010.91, 'ID398236E', 34, NULL),
(211, 'Δάφνη Σπυριδάκη', 'Πάρ. Μεταξά 2,, 96055 Ερμούπολη', '26560 33 248', 1199.52, 'ID179952F', 24, NULL),
(212, 'Νίκων-Χριστόφορος Ζώτος', 'Αλεξοπούλου 4,, 238 28 Πολύγυρος', '(+30) 2134 221349', 1393.56, 'ID581844B', 38, NULL),
(213, 'Ευτυχία Τουλάκη', 'Κωστοπούλου 0,, 399 41 Κέρκυρα', '(+30) 6949 563925', 1348.34, 'ID268330H', 11, NULL),
(214, 'Τριαντάφυλλος-Τρύφων Παπαθεοδοσίου', 'Φλογητών 032-812,, 27265 Ερμούπολη', '2940512283', 1615.23, 'ID775113E', 17, NULL),
(215, 'Ράλλης Μακρυκώστας', 'Αερινού 26,, 728 30 Βέροια', '(+30) 6926 703496', 1666.73, 'ID693522C', 8, NULL),
(216, 'Βενετία Μυλωνίδου', 'Φρεγκαίνης 261,, ΤΚ 767 00 Φλώρινα', '+306922284448', 1739.61, 'ID940868H', 1, NULL),
(217, 'Βενιαμίν Μουτουσίδης', 'Λεωφόρος Πεμονίων 02,, 09895 Ξάνθη', '+30 2683 596387', 1716.60, 'ID262874G', 22, NULL),
(218, 'Καλή Καρκανάκη', 'Σκουρβούλων 911,, ΤΚ 921 85 Θεσσαλονίκη', '(+30) 6947 352594', 1622.34, 'ID578673A', 30, NULL),
(219, 'Περικλής-Σεβαστιανός Τσαπραλής', 'Βατατάδων 36,, 57444 Καλαμάτα', '(+30) 2272 105680', 2372.78, 'ID673781E', 38, NULL),
(220, 'Δημοκράτης Γρετός', 'Λεωφ. Τρικερίου 63,, 20803 Αγ. Νικόλαος', '(+30) 2450 689107', 1199.84, 'ID161577E', 7, NULL),
(221, 'Χάρη Βαγενά', 'Ζερμπισίων 6,, ΤΚ 449 52 Λιβαδιά', '6921 530 339', 1198.74, 'ID456358C', 34, NULL),
(222, 'Αρχιμήδης Αξιώτης', 'Εκκλησοχωρίου 0,, 15138 Ζάκυνθος', '+302891782903', 1959.80, 'ID353451E', 15, NULL),
(223, 'Ανάργυρη Διαμαντοπούλου', 'Γέργερης 47,, ΤΚ 28780 Άμφισσα', '6928 739 051', 1033.97, 'ID620274A', 3, NULL),
(224, 'Αδαμάντιος Περδίκης', 'Γόμφων 82,, 268 79 Λάρισα', '+306952496619', 2116.22, 'ID325928B', 10, NULL),
(225, 'Νέαρχος Σεφέκος', 'Λυσιμαχείας 33,, 50784 Ιωάννινα', '6960395052', 1996.78, 'ID536462G', 39, NULL),
(226, 'Καρυοφυλλιά Νατσουλή', 'Λανθίου 72,, 46286 Ζάκυνθος', '2870743302', 1329.66, 'ID457048C', 39, NULL),
(227, 'Πέτρος Τσέγας', 'Αγίας Σωτήρας 926-855,, ΤΚ 75457 Φλώρινα', '6928829494', 1436.29, 'ID565341A', 31, NULL),
(228, 'Ρηγούλα Παπανώτα', 'Αύρας 206,, 131 52 Κιλκίς', '2060 195508', 2280.78, 'ID701574B', 34, NULL),
(229, 'Φλώρα-Κυβέλη Κυρίτση', 'Λεωφ. Χαραυγής 0,, ΤΚ 114 13 Πολύγυρος', '210 9820949', 1297.02, 'ID441942G', 37, NULL),
(230, 'Θεοδόσης Πολυχρόνης', 'Λεωφόρος Ποιμενικού 236-425,, ΤΚ 78843 Καστοριά', '22140 11 145', 2304.34, 'ID131912E', 28, NULL),
(231, 'Κρυσταλλένια Ασουχίδου', 'Πάρ. Ρουσσοπουλίου 4,, 21414 Φλώρινα', '210 6616471', 1694.66, 'ID662181B', 18, NULL),
(232, 'Στεργιαννώ-Τερψιχόρη Παπακωνσταντίνου', 'Ναούμ 4,, 32806 Κιλκίς', '+30 2091 610852', 1490.38, 'ID180400C', 31, NULL),
(233, 'Ντανιέλα Ραδιοπούλου', 'Κατσιλλή 77,, 279 21 Ρέθυμνο', '2443001750', 1512.11, 'ID833226D', 7, NULL),
(234, 'Πηνελόπη Γκάβρου', 'Πάροδος Αμπελείας 49,, ΤΚ 024 76 Χανιά', '+30 2934 292247', 1891.18, 'ID377598E', 16, NULL),
(235, 'Χαρίτος Γκαγκαουδάκης', 'Ταγαράδων 51,, ΤΚ 898 51 Ερμούπολη', '2920094358', 2357.88, 'ID246612E', 19, NULL),
(236, 'Λαζαρία Αθανασιάδου', 'Φιλαδελφείας 16,, 70864 Πάτρα', '2590 478758', 1970.49, 'ID489993F', 25, NULL),
(237, 'Μελπομένη Μυλωνίδου', 'Κουτσουνάκη 33,, ΤΚ 51039 Ρέθυμνο', '(+30) 2821 949155', 1711.07, 'ID702688G', 5, NULL),
(238, 'Βλαδίμηρος Κουράκος', 'Τσελεπάκου 6,, ΤΚ 35485 Ηράκλειο', '6931 356 742', 1992.34, 'ID463287A', 21, NULL),
(239, 'Θεοφύλακτη Ευαγγελάκη', 'Περιστέρας 39-31,, ΤΚ 052 69 Αλεξανδρούπολη', '+30 2013 892608', 1726.67, 'ID932337G', 36, NULL),
(240, 'Φώτιος Παληός', 'Βρυτών 5,, ΤΚ 34938 Ρόδος', '210 288 8447', 2301.10, 'ID971879E', 40, NULL),
(241, 'Ευσέβιος Μασόπουλος', 'Κουτουζίδου 1,, ΤΚ 89724 Καστοριά', '+30 2152 509545', 1023.21, 'ID771722C', 24, NULL),
(242, 'Κικιλία Πετράκη', 'Σταβιών 23-66,, 110 00 Σάμος', '6965 690280', 1046.83, 'ID841960E', 7, NULL),
(243, 'Αγαθάγγελος-Απόλλων Λαφατζής', 'Κακαλετρίου 47,, 78564 Πύργος', '(+30) 2729 928084', 1908.73, 'ID912301F', 22, NULL),
(244, 'Παντελεήμων Πετρογιάννης', 'Πηγής 446-799,, 30838 Ηράκλειο', '+30 2462 299966', 2198.08, 'ID567707F', 19, NULL),
(245, 'Δημοσθένης Τζιώτζης', 'Κρικέλλου 2,, ΤΚ 96527 Ηγουμενίτσα', '+306911274585', 941.92, 'ID910687A', 10, NULL),
(246, 'Αφροδίτη Ποταμιάνου', 'Κορφών 0,, 803 60 Ιωάννινα', '+302188395287', 801.04, 'ID640455D', 14, NULL),
(247, 'Πολύκαρπος Σύκας', 'Πηδάσου 10,, ΤΚ 954 93 Ερμούπολη', '24680 10 414', 2281.74, 'ID899210G', 20, NULL),
(248, 'Δανιήλ Πετράκης', 'Φιγαλείας 94,, ΤΚ 37114 Μεσολόγγι', '+306917214818', 2478.16, 'ID202566C', 31, NULL),
(249, 'Κλεοπάτρα Αποστολάκη', 'Καλλιόπης 1,, ΤΚ 121 51 Αθήνα', '+302343366754', 2408.38, 'ID569290D', 12, NULL),
(250, 'Ακριβή Γρηγορίου', 'Κουτσουρέλη 68,, 439 24 Θεσσαλονίκη', '6965 031385', 1348.38, 'ID623049C', 39, NULL),
(251, 'Σωτηρία-Ρεγγίνα Σαλέμη', 'Πλατεία Μελανιού 6,, 94113 Κοζάνη', '210 295 0195', 1870.02, 'ID946352B', 2, NULL),
(252, 'Ναταλίνα Δουλουφάκη', 'Καλαμίου 40,, 34282 Λάρισα', '210 6863962', 821.51, 'ID845313C', 36, NULL),
(253, 'Γαρυφαλλιά Διακουμή', 'Μποτζιώρη 262,, 90049 Κόρινθος', '+302151159262', 1898.60, 'ID909652B', 24, NULL),
(254, 'Ντανιέλα Αποστολίδου', 'Κατσούλα 1,, 23920 Κέρκυρα', '6958 641854', 2321.88, 'ID407388D', 20, NULL),
(255, 'Δρόσος Αποστολάκης', 'Πλ. Στενής 09-78,, 30082 Τρίκαλα', '+30 6905 046334', 1768.12, 'ID863096D', 40, NULL),
(256, 'Θεολόγος Βάρσος', 'Λεωφόρος Χαριέσσης 62,, 98511 Καστοριά', '+30 6973 940171', 989.30, 'ID236659A', 35, NULL),
(257, 'Θεοχαρούλα Αργυρίου', 'Κρικέλλου 504-155,, 909 64 Πολύγυρος', '+30 6902 276003', 1420.70, 'ID678082G', 30, NULL),
(258, 'Βελισσάριος Καπούνης', 'Δαφνοφύτου 91,, ΤΚ 01553 Ξάνθη', '6974964648', 1945.10, 'ID927955C', 31, NULL),
(259, 'Διδώ Χατζηφώτη', 'Κρυονερίτη 43,, 85252 Ξάνθη', '+30 2246 715749', 1417.60, 'ID891478G', 6, NULL),
(260, 'Λάζαρος Κουρής', 'Μπενέτου 8,, 79606 Κατερίνη', '(+30) 6903 773999', 1671.53, 'ID946136H', 11, NULL),
(261, 'Αγλαΐα Χατζημιχαήλ', 'Πλατεία Κουρτεσίου 9,, ΤΚ 12817 Σάμος', '21770 45 383', 1330.80, 'ID905374D', 20, NULL),
(262, 'Αγαπητός Τσέγας', 'Προδρομίου 57,, 33582 Αγ. Νικόλαος', '6974 996 741', 2294.70, 'ID370720H', 33, NULL),
(263, 'Ράλλης Κατιρτζής', 'Κετεσίδου 92,, 79090 Ζάκυνθος', '25410 72 782', 2178.61, 'ID576245H', 7, NULL),
(264, 'Χιονιά Δαρσακλή', 'Καρολίδου 87-17,, 45509 Αθήνα', '6930 329204', 1355.34, 'ID731807E', 33, NULL),
(265, 'Φανή Χανταμπή', 'Κασκαούτη 5,, ΤΚ 44420 Αθήνα', '+302503244904', 2232.89, 'ID490338B', 38, NULL),
(266, 'Γερακίνα-Θεμιστόκλεια Καχριμανίδη', 'Φάρου 65,, 50125 Θεσσαλονίκη', '6990 794 581', 982.56, 'ID319345G', 20, NULL),
(267, 'Θεοφίλη Παπακώστα', 'Πλατεία Βαργιάνης 70-53,, ΤΚ 60984 Μεσολόγγι', '(+30) 6946 202045', 2075.73, 'ID198503B', 26, NULL),
(268, 'Δέσποινα Παππά', 'Ξενίδη 99,, ΤΚ 857 26 Κιλκίς', '28390 30 920', 2255.51, 'ID777578E', 9, NULL),
(269, 'Αγαθοκλής Τζήκας', 'Πλατεία Βάλτου 99,, 35375 Ζάκυνθος', '+30 6930 025118', 2185.04, 'ID236414D', 19, NULL),
(270, 'Σοφία Κατσιμάνη', 'Κρητηνίας 33,, ΤΚ 06425 Ζάκυνθος', '(+30) 2829 322810', 2294.01, 'ID512134C', 13, NULL),
(271, 'Ιωσηφίνα Ανανιάδου', 'Κερασιάς 202-703,, 77438 Λάρισα', '210 4645087', 2299.84, 'ID162397G', 21, NULL),
(272, 'Ανδροκλής Τσιαμούρας', 'Τσιούπρα 50,, ΤΚ 94829 Λαμία', '+302666872701', 1430.05, 'ID817565A', 28, NULL),
(273, 'Βερονίκη Παπακωνσταντίνου', 'Παρακοίλων 09,, ΤΚ 95531 Βέροια', '(+30) 6979 623185', 834.70, 'ID354015C', 6, NULL),
(274, 'Σωζούσα Σταυρίδου', 'Θεραπειό 72-80,, 40431 Γρεβενά', '6948189637', 1650.06, 'ID677355D', 27, NULL),
(275, 'Μηλιά Δαΐκου', 'Εμμανουηλίδου 20-84,, 450 13 Άρτα', '2596048052', 2229.38, 'ID107186A', 39, NULL),
(276, 'Πάρις Σπυρόπουλος', 'Σοπίου 81,, ΤΚ 438 57 Λαμία', '2810 090913', 874.33, 'ID816696C', 19, NULL),
(277, 'Ερασμία-Χρυσαφένια Λιάνου', 'Τσερίων 0,, ΤΚ 134 44 Χίος', '6952281769', 996.42, 'ID117465C', 27, NULL),
(278, 'Περσεφόνη Ζεγλίνα', 'Πηλίου 40,, 96282 Θεσσαλονίκη', '+30 2304 399491', 1234.24, 'ID520780G', 16, NULL),
(279, 'Αβραάμ Κουκλατζής', 'Προβατά 51,, ΤΚ 25132 Αλεξανδρούπολη', '22150 23 872', 2477.95, 'ID514336B', 1, NULL),
(280, 'Ισαβέλλα Βραδή', 'Πάρ. Ωριάς 075,, 92472 Ξάνθη', '+302418597513', 2485.01, 'ID626914B', 20, NULL),
(281, 'Γερασιμούλα Γρηγορίου', 'Κομιτάτων 8,, 40645 Ξάνθη', '(+30) 6996 985710', 1629.22, 'ID211784B', 36, NULL),
(282, 'Κώστας Πιάγκος', 'Πάρ. Σάντας 94,, 62256 Βέροια', '6927 759474', 1019.94, 'ID208990A', 7, NULL),
(283, 'Ιωνάς Χουντής', 'Συβότων 83,, 81727 Βέροια', '210 960 0942', 2376.13, 'ID113860B', 9, NULL),
(284, 'Μαυρίκιος Συργής', 'Στρεφίου 43-76,, ΤΚ 374 02 Λιβαδιά', '2107995537', 1789.28, 'ID525741C', 3, NULL),
(285, 'Βασιλική-Πούλια Σιούτα', 'Ριόλου 26,, ΤΚ 812 57 Τρίπολη', '(+30) 6901 602735', 1125.50, 'ID323181C', 12, NULL),
(286, 'Ισίδωρος Καρτάς', 'Πλ. Χειμαδιού 6,, 70748 Καβάλα', '2500 012236', 884.21, 'ID222832E', 21, NULL),
(287, 'Ιωνάς Μαργαρώνης', 'Σπαρτύλα 20,, 12187 Ναύπλιο', '6952248737', 2223.33, 'ID605046H', 15, NULL),
(288, 'Βελισσάριος Λαζαρίδης', 'Λαμπιωτών 4,, 93731 Κομοτηνή', '6949 899 662', 825.07, 'ID889291B', 12, NULL),
(289, 'Προκόπιος Μωραΐτης', 'Ζαχαρίου 14,, ΤΚ 568 14 Λιβαδιά', '210 2665086', 1681.55, 'ID989570C', 7, NULL),
(290, 'Σωτήρης Φωκαδελής', 'Πάρ. Μεσκλών 637,, 350 78 Χίος', '(+30) 2043 634588', 1842.35, 'ID530779A', 20, NULL),
(291, 'Πηνελόπη Καφαντάρη', 'Στρούμπα 6,, ΤΚ 37712 Αθήνα', '6933206817', 1146.78, 'ID779731H', 29, NULL),
(292, 'Γαρύφαλλος Αποστολακάκης', 'Πλ. Βράχου 377-329,, 678 74 Φλώρινα', '2800450849', 1111.09, 'ID729151H', 1, NULL),
(293, 'Λέανδρος Φανουργάκης', 'Σάμης 7,, 78657 Γρεβενά', '2600 411 868', 2199.52, 'ID638432F', 4, NULL),
(294, 'Παντελεήμων Κοττίκας', 'Σιόλου 175,, 51140 Ζάκυνθος', '210 8452156', 1626.20, 'ID898290F', 22, NULL),
(295, 'Ελένη-Ηράκλεια Μαρτζούκου', 'Κολινδρού 129-933,, ΤΚ 736 38 Χίος', '210 240 5173', 1133.99, 'ID504495D', 33, NULL),
(296, 'Αριστομένης Κωτσίδης', 'Βίνιανης 558,, ΤΚ 34514 Φλώρινα', '6943 833 497', 2462.95, 'ID800538B', 27, NULL),
(297, 'Αγαθόνικος Στοφοριάδης', 'Αμαρύνθου 632-007,, 80378 Κόρινθος', '(+30) 6923 902262', 1418.33, 'ID550694A', 1, NULL),
(298, 'Κυπριανή Καμπούρη', 'Πάροδος Αργοστολίου 0,, 46547 Φλώρινα', '6996 136 503', 2357.27, 'ID507813D', 9, NULL),
(299, 'Σταυρούλα Αγραφιώτη', 'Θίσβης 0,, 837 72 Ρόδος', '6986817889', 960.30, 'ID713421G', 17, NULL),
(300, 'Κομνηνός Αλεξανδρόπουλος', 'Χαμεζίου 6,, ΤΚ 090 58 Σπάρτη', '+30 6918 013210', 1030.96, 'ID977902A', 14, NULL),
(301, 'Φανουρία Σαμτανίδου', 'Φλατσίων 8,, ΤΚ 620 12 Αγ. Νικόλαος', '(+30) 2490 377621', 2367.62, 'ID485334D', 31, NULL),
(302, 'Λαμπρινή Κουλοχέρη', 'Αμάδων 262-103,, 360 50 Καρδίτσα', '+30 2551 815181', 1921.95, 'ID869910A', 31, NULL),
(303, 'Εφραίμ Ταβερναράκης', 'Μιλέα 153-009,, 558 96 Ναύπλιο', '2810 700 149', 901.11, 'ID259886A', 14, NULL),
(304, 'Νομική Κανελλοπούλου', 'Σκινέως 270-096,, ΤΚ 625 77 Καλαμάτα', '2600 782 472', 1130.44, 'ID370002H', 19, NULL),
(305, 'Κώστας Δημόπουλος', 'Αγίου Θεοδώρου 07,, ΤΚ 87880 Κιλκίς', '+30 2858 116105', 923.44, 'ID175427H', 4, NULL),
(306, 'Ευστρατία Βραδή', 'Κασσιόπης 64,, ΤΚ 757 61 Μεσολόγγι', '+302797050817', 1110.74, 'ID330222C', 16, NULL),
(307, 'Στυλιανός Τσιάκος', 'Καρδίας 8,, 12696 Αγ. Νικόλαος', '2200 268760', 967.61, 'ID502661D', 30, NULL),
(308, 'Αμαλία Παπαθωμά', 'Πλαισίων Μαλακασίου 29,, ΤΚ 832 25 Βέροια', '+302938029867', 2481.39, 'ID806539G', 19, NULL),
(309, 'Σάββας-Αρίσταρχος Βαρακλής', 'Λεωφόρος Ραφήνας 8,, ΤΚ 964 06 Κέρκυρα', '6907562809', 2340.54, 'ID289400G', 20, NULL),
(310, 'Νικηφόρος-Ιερεμίας Φραντζής', 'Μικρού Ποντιά 569,, ΤΚ 265 53 Ιωάννινα', '210 8964945', 1707.45, 'ID348684E', 38, NULL),
(311, 'Ιωνάς Τριαντακωνσταντής', 'Αυλοτόπου 6,, 69356 Πάτρα', '6941305681', 2471.46, 'ID312664H', 17, NULL),
(312, 'Νικόδημος Μπαλουκίδης', 'Αστακού 9,, ΤΚ 272 29 Ξάνθη', '2660045117', 1038.61, 'ID335100D', 23, NULL),
(313, 'Μηλιά Φωλιά', 'Αλικιανού 37,, 14264 Λιβαδιά', '210 5016534', 1597.23, 'ID111127A', 17, NULL),
(314, 'Μαργαρίτα Κατσιλλή', 'Κουλουμπού 281-126,, ΤΚ 35261 Αγ. Νικόλαος', '6950982184', 2224.76, 'ID567916C', 9, NULL),
(315, 'Χαρίλαος Συλλίγαρδος', 'Κουμπουριανών 00-15,, ΤΚ 038 39 Σάμος', '2823070832', 1302.80, 'ID287690H', 40, NULL),
(316, 'Θωμαίς Πετροσιάν', 'Πλατεία Μαργελίου 01,, 65956 Κιλκίς', '2052031067', 2473.73, 'ID614492C', 4, NULL),
(317, 'Ήρα Πάντου', 'Κεραστάρη 76,, ΤΚ 580 57 Λαμία', '2108123063', 1591.42, 'ID517130E', 3, NULL),
(318, 'Αλκιβιάδης Πουλογιαννόπουλος', 'Αηδονοχωρίου 3,, 32252 Λιβαδιά', '29330 63 518', 1103.94, 'ID675276G', 13, NULL),
(319, 'Αύγουστος Γεροδήμος', 'Χρυσανθακοπούλου 7,, 17714 Χαλκίδα', '2100341748', 1243.27, 'ID336699B', 13, NULL),
(320, 'Αριστοφάνης Κοττίκας', 'Αγριδίου 83,, 90560 Καστοριά', '2176000350', 2357.02, 'ID217240E', 33, NULL),
(321, 'Φαίδρα Χατζηφώτη', 'Καλλιδρόμου 9,, 043 97 Κομοτηνή', '6922 945958', 1613.37, 'ID689500D', 26, NULL),
(322, 'Χάρη Αραπίδου', 'Σπερχογείας 1,, ΤΚ 98533 Λιβαδιά', '6988 306 715', 923.72, 'ID434595A', 15, NULL),
(323, 'Πολυτίμη Τουλούπη', 'Καραντάνα 77,, ΤΚ 602 92 Καρπενήσι', '2667079495', 1047.38, 'ID416472D', 24, NULL),
(324, 'Κηρύκος Παπαγιάννης', 'Βράσκου 686,, ΤΚ 243 02 Κατερίνη', '2373008352', 1980.20, 'ID642415C', 37, NULL),
(325, 'Ρεγγίνα Θεοδοσιάδου', 'Μελιγγών 027,, 67423 Άρτα', '2240818923', 1338.75, 'ID773623G', 21, NULL),
(326, 'Κάρολος Δουμάς', 'Υψηλής Ράχης 55-78,, ΤΚ 55229 Σάμος', '6910451318', 1553.87, 'ID495516F', 32, NULL),
(327, 'Ταξιάρχης Μπουρλής', 'Λουτροτόπου 9,, 20523 Ιωάννινα', '+302452744602', 2478.58, 'ID132590B', 12, NULL),
(328, 'Φιλιππία Ζαννίκου', 'Λεωφ. Ηλιοκάλης 43-01,, 341 81 Καβάλα', '2700219240', 2448.97, 'ID558272D', 5, NULL),
(329, 'Αγαθή Βαϊραμίδου', 'Μαυρουδίου 283,, ΤΚ 18819 Χίος', '2450888464', 1420.79, 'ID986604F', 13, NULL),
(330, 'Σαπφώ Ματεντσίδου', 'Πεντακόρφου 35-92,, 36304 Κομοτηνή', '(+30) 2413 241072', 1850.45, 'ID665480C', 11, NULL),
(331, 'Βάιος Χριστακόπουλος', 'Υπάτης 943-206,, 09086 Καστοριά', '+30 2558 607299', 1233.11, 'ID107576D', 27, NULL),
(332, 'Νεκτάριος Ρουπακάς', 'Κοντιά 1,, 93480 Αλεξανδρούπολη', '2100 618014', 1928.16, 'ID641125A', 34, NULL),
(333, 'Νικηφόρος Παπαθανασίου', 'Λεωφ. Πεστών 36-28,, ΤΚ 68758 Δράμα', '6925 094091', 2489.49, 'ID395305F', 17, NULL),
(334, 'Αικατερίνη Γιαννοπούλου', 'Ζαφείρη 474,, 260 50 Άμφισσα', '+30 6956 225690', 957.74, 'ID818902E', 19, NULL),
(335, 'Ροδαμάνθη Κατσανίκου', 'Πάροδος Στεφανοβικείου 164-843,, 33086 Χίος', '2600 351990', 1078.86, 'ID877505F', 10, NULL),
(336, 'Θεόκλεια Μπρούζου', 'Λεωφόρος Σέρβου 29,, ΤΚ 309 89 Κοζάνη', '22960 08 392', 2109.03, 'ID719839H', 38, NULL),
(337, 'Αναξαγόρας Συρρής', 'Φιλιάγκου 149,, ΤΚ 42482 Κατερίνη', '6983160396', 1509.14, 'ID588302B', 39, NULL),
(338, 'Ειρηναίος Τακαντζάς', 'Καλλιρρόης 53,, ΤΚ 733 60 Βόλος', '+306947512972', 1523.23, 'ID274844H', 36, NULL),
(339, 'Ζηναϊς Μέλανι', 'Πανδρόσου 792-790,, 60806 Καβάλα', '2720 190245', 1611.50, 'ID140939A', 24, NULL),
(340, 'Διονυσία Γιακαμόζη', 'Αραπίδου 72,, 06830 Θεσσαλονίκη', '2490 807 992', 1006.97, 'ID355856C', 31, NULL),
(341, 'Πανωραία Κοτρώτσου', 'Μεσσήνης 89,, 074 29 Μυτιλήνη', '210 3508428', 1109.98, 'ID196888B', 8, NULL),
(342, 'Αμβρόσιος Καταραχιάς', 'Τραγούστη 4,, 68514 Έδεσσα', '20720 04 175', 1797.20, 'ID607599D', 1, NULL),
(343, 'Μιχάλης Παληός', 'Κουτσικούρη 8,, 49978 Ναύπλιο', '210 009 4876', 1126.19, 'ID268777E', 19, NULL),
(344, 'Σεραφείμ-Κλήμης Λεντζίου', 'Ορθονιών 407-132,, 19785 Καστοριά', '6906 866379', 2123.24, 'ID567355F', 29, NULL),
(345, 'Σωφρονία Κωνσταντινίδου', 'Μαγικού 0,, ΤΚ 049 59 Ηράκλειο', '2050567255', 926.99, 'ID615030D', 10, NULL),
(346, 'Σεβαστή Πανκίδου', 'Ζευγαρακίου 46-35,, 69853 Λάρισα', '2568094898', 1108.18, 'ID686622B', 13, NULL),
(347, 'Λαυρεντία Στεφάνου', 'Μπακοστεργίου 679,, 56123 Θεσσαλονίκη', '2060 605034', 2119.31, 'ID937012B', 19, NULL),
(348, 'Γεωργία Τσιούπρα', 'Πτεριάς 4,, 685 65 Σπάρτη', '+30 2360 753274', 1498.01, 'ID271825H', 13, NULL),
(349, 'Θεοδότη Παρασκευά', 'Άγρας 64-81,, 576 42 Σπάρτη', '+306932310417', 1890.70, 'ID412066E', 10, NULL),
(350, 'Λάσκαρης Νασίκας', 'Ανθοχωρίου Δωδώνης 79,, 51915 Πρέβεζα', '2260 860 874', 1083.14, 'ID873115A', 22, NULL),
(351, 'Ευτύχιος Χατζελλής', 'Κατσιδωνίου 4,, 44763 Ξάνθη', '+302340035172', 1917.86, 'ID602662C', 30, NULL),
(352, 'Καλή Δαρσακλή', 'Κουφού 104-682,, ΤΚ 90788 Πολύγυρος', '6944 994 528', 1702.92, 'ID754651E', 17, NULL),
(353, 'Ντανιέλα Μπρούζου', 'Μεσαίου 0,, ΤΚ 746 70 Χαλκίδα', '6911 559699', 2046.92, 'ID435095B', 22, NULL),
(354, 'Ρήγας Βαρακλής', 'Γλινάδου 082-907,, ΤΚ 63574 Άμφισσα', '+302269649680', 1211.85, 'ID138983E', 2, NULL),
(355, 'Γενοβέφα Κουζουλά', 'Φαλάνθης 51,, 833 68 Αθήνα', '+30 2667 023907', 1526.91, 'ID769349H', 32, NULL),
(356, 'Βαρδής Λώλος', 'Σεβαστής 0,, ΤΚ 999 41 Πρέβεζα', '2320 460 603', 1540.21, 'ID730843F', 4, NULL),
(357, 'Τίτος Λεβέντης', 'Πάροδος Βιλίων 66,, 60660 Κόρινθος', '2105902400', 1765.77, 'ID469641A', 38, NULL),
(358, 'Αφροδίτη Κανελλή', 'Ορφανών 5,, 77452 Χανιά', '22890 98 792', 1416.28, 'ID312609B', 21, NULL),
(359, 'Διαλεκτή Χατζή', 'Καλαμαριάς 2,, ΤΚ 32668 Ξάνθη', '27210 25 441', 2307.94, 'ID903717D', 2, NULL),
(360, 'Ανανίας-Λεονάρδος Σίδερης', 'Μουρικίου 15,, 89863 Αλεξανδρούπολη', '+30 2988 209128', 1704.95, 'ID135639E', 28, NULL),
(361, 'Απόλλων Σπανδωνίδης', 'Πετροσιάν 18,, 51035 Ζάκυνθος', '210 191 0193', 999.35, 'ID423453F', 20, NULL),
(362, 'Χρυσοβαλάντου Λίτσιου', 'Ναυπλιέων 11-03,, ΤΚ 599 64 Ναύπλιο', '+30 2765 365124', 2216.65, 'ID677365C', 9, NULL),
(363, 'Σπυράννα Γαλανοπούλου', 'Γαβαλούς 134,, 63753 Γρεβενά', '27800 39 855', 1233.07, 'ID131279H', 24, NULL),
(364, 'Γαλήνη Αποστολίδου', 'Τρίκαστρον 4,, ΤΚ 03558 Καστοριά', '2850 679 714', 1064.60, 'ID564880F', 3, NULL),
(365, 'Κλέαρχος Τρεντσίου', 'Φουρνέ 676,, 55830 Τρίκαλα', '23170 37 085', 1592.93, 'ID332912C', 39, NULL),
(366, 'Στέλλιος Λουράντος', 'Παλαιοχωρίου Μπότσαρη 29,, 21357 Χανιά', '6915 111534', 2442.20, 'ID265995D', 2, NULL),
(367, 'Βαλάντης Μαντζώρος', 'Ξηροκαριταίνης 85-45,, 49314 Λευκάδα', '210 682 8303', 857.17, 'ID430823E', 38, NULL),
(368, 'Ιωάννης Κώττας', 'Μπαλή 10-28,, 15242 Ηράκλειο', '+302465301581', 1237.33, 'ID534951C', 26, NULL),
(369, 'Δόμνα Δημητριάδου', 'Αρχανίου 516,, ΤΚ 574 56 Άμφισσα', '210 5636600', 1973.70, 'ID891048G', 28, NULL),
(370, 'Μυρσίνη Δαυίδ', 'Νησίου 8,, 672 33 Μεσολόγγι', '+30 2035 990643', 2252.66, 'ID268823E', 14, NULL),
(371, 'Κάρολος Τουρναβίτης', 'Αντωνίου 1,, 579 04 Σάμος', '210 466 6468', 2448.39, 'ID863384G', 4, NULL),
(372, 'Μαγδαληνός Μυσιρλής', 'Παπανικολάου 749,, 02973 Σάμος', '6968113718', 1339.99, 'ID238238F', 5, NULL),
(373, 'Ιγνατία Τσικνή', 'Νίκης 206-908,, 86178 Καβάλα', '25240 37 950', 1208.69, 'ID899627E', 14, NULL),
(374, 'Ροδάνθη Τσαμπούρη', 'Ίσαρη 23,, 978 27 Κομοτηνή', '(+30) 2282 574091', 1339.52, 'ID505783D', 1, NULL),
(375, 'Θεοχάρης Τυράλης', 'Πλ. Πιτίτσης 05,, 41305 Μυτιλήνη', '+30 2332 267852', 1320.28, 'ID659865B', 2, NULL),
(376, 'Μηνάς Κορομήλας', 'Χορτάτου 642-060,, ΤΚ 167 95 Κόρινθος', '+302529465030', 2281.12, 'ID829578D', 14, NULL),
(377, 'Μηλιά Τσαμπαλή', 'Πολυδώρου 87,, ΤΚ 76998 Κατερίνη', '2740667266', 2163.55, 'ID549064F', 28, NULL),
(378, 'Νικόδημος Μαντάρης', 'Χατζηδάκη 00,, ΤΚ 45864 Ζάκυνθος', '2480 752225', 1008.98, 'ID220018E', 7, NULL),
(379, 'Χάρη Παπαχρήστου', 'Πέντε Εκκλησιών 211-993,, 119 16 Κέρκυρα', '28590 64 120', 1830.87, 'ID288630D', 39, NULL),
(380, 'Βερονίκη Χανταμπή', 'Πλατεία Δανακού 24,, 05894 Αγ. Νικόλαος', '+306982123656', 2238.02, 'ID811843D', 20, NULL),
(381, 'Περιστέρα Χαλαντζούκα', 'Βαρθαλίτη 60,, 84621 Καστοριά', '(+30) 6970 484054', 836.18, 'ID882936F', 11, NULL),
(382, 'Έκτορας Χατζόπουλος', 'Λεωφ. Χούνης 97,, ΤΚ 12989 Θεσσαλονίκη', '6961 196 281', 1324.15, 'ID571728H', 2, NULL),
(383, 'Ανθή Παναγιώτου', 'Αρδάκτου 52,, 03557 Τρίκαλα', '2740038961', 1794.65, 'ID560249G', 1, NULL),
(384, 'Βαρδής Φωκάς', 'Πλατεία Αγίου Κοσμά 21,, ΤΚ 02666 Χίος', '210 2225221', 1182.85, 'ID618600H', 40, NULL),
(385, 'Μαγδαληνή-Δροσιά Ορφανίδου', 'Ακραιφνίου 43,, 41874 Ηγουμενίτσα', '6941610830', 1788.16, 'ID221681F', 26, NULL),
(386, 'Τρύφων-Λάμπρος Αμυγδαλάκης', 'Πάροδος Φλαμουριάς 56,, ΤΚ 693 13 Σέρρες', '210 8053864', 2261.82, 'ID746489G', 37, NULL),
(387, 'Γεωργία Παλαιολογοπούλου', 'Δροσερού 07,, ΤΚ 824 17 Ζάκυνθος', '+30 2833 665096', 1482.44, 'ID145522H', 14, NULL),
(388, 'Μενέλαος Δανέζης', 'Κοκκάλας 92,, ΤΚ 40670 Σάμος', '29830 89 223', 2052.98, 'ID851996B', 32, NULL),
(389, 'Υβόννη Μανέτα', 'Πλατεία Στανού 2,, ΤΚ 72176 Ερμούπολη', '+30 2127 957345', 926.21, 'ID748343B', 12, NULL),
(390, 'Μελέτιος Δινεζάκης', 'Πλατανόβρυσης 4,, 471 01 Πολύγυρος', '(+30) 2892 615235', 1541.09, 'ID779388D', 11, NULL),
(391, 'Μαριλένα Ματσούρη', 'Αταλάντης 043,, 66683 Κομοτηνή', '+306921025662', 1394.50, 'ID325189A', 25, NULL),
(392, 'Θεολόγος Δούνης', 'Δαυλείας 3,, ΤΚ 67160 Ξάνθη', '+302214408785', 1564.07, 'ID913802H', 37, NULL),
(393, 'Δαμιανή Παπαευαγγέλου', 'Βαλεντή 259-043,, 79538 Κομοτηνή', '+30 6936 747842', 1128.63, 'ID935445C', 1, NULL),
(394, 'Νεόφυτος Μανίκας', 'Αυλών 27,, 242 15 Σέρρες', '210 2607465', 1395.18, 'ID833884A', 38, NULL),
(395, 'Ευγένιος-Θησεύς Δούνης', 'Βραχναιίκων 435,, ΤΚ 126 64 Λάρισα', '6934 029583', 2427.63, 'ID440765D', 27, NULL),
(396, 'Δανιήλ Πουλογιαννόπουλος', 'Τροπαίων 1,, 28315 Κιλκίς', '2300 897548', 1039.83, 'ID762707H', 26, NULL),
(397, 'Φαίδων Καραμσαλής', 'Μαλακασίου 8,, ΤΚ 996 37 Καλαμάτα', '2610 812296', 1288.12, 'ID459380D', 27, NULL),
(398, 'Πασχάλης Μπαλουκίδης', 'Καβάλας 3,, ΤΚ 257 52 Χίος', '+306918779639', 2278.64, 'ID661146A', 36, NULL),
(399, 'Λαοκράτης Βιολάτος', 'Λεωφ. Νέα Σάντα 29,, ΤΚ 134 17 Καλαμάτα', '2420 710607', 1527.45, 'ID581448B', 25, NULL),
(400, 'Αύγουστος-Ιππόλυτος Ζούνης', 'Κοντογεωργάκη 185,, ΤΚ 42853 Λάρισα', '2350 740 433', 1388.43, 'ID776876G', 28, NULL),
(401, 'Λάζαρος Τάρναρης', 'Πλ. Νικοκλείας 2,, ΤΚ 22533 Γρεβενά', '6966778655', 1804.35, 'ID943845H', 8, NULL),
(402, 'Αγαθάγγελος Δινεζάκης', 'Κουτσικούρη 32,, 417 17 Γρεβενά', '6912 208754', 2296.35, 'ID346990E', 38, NULL),
(403, 'Θαλασσινή Μπρούζου', 'Λεωφόρος Αγίου Ιωάννου Μυλοποτάμου 3,, 09549 Πάτρα', '+30 6947 567742', 1056.98, 'ID670197H', 6, NULL),
(404, 'Σαράντης Δραζιώτης', 'Μασίκα 58,, 73185 Κατερίνη', '+30 2336 795814', 2160.91, 'ID853237G', 5, NULL),
(405, 'Πολυξένη Θεοδοσίου', 'Τριγωνικού 5,, ΤΚ 540 00 Δράμα', '6943 000775', 1107.13, 'ID697246B', 37, NULL),
(406, 'Σωζούσα-Ζησούλα Γκάβρου', 'Λεύκτρων 890,, 51874 Ρόδος', '2070 936 718', 2344.12, 'ID130847D', 36, NULL),
(407, 'Κωστούλα Μίχου', 'Αλαγονίας 82,, ΤΚ 09868 Σπάρτη', '+30 6917 604447', 1243.17, 'ID549204E', 20, NULL),
(408, 'Παρασκευή Συνοδινού', 'Πάροδος Βροντερού 789,, 48039 Τρίπολη', '2870 097903', 1358.69, 'ID313563C', 16, NULL),
(409, 'Γεσθημανή Τσουράκη', 'Σταμούλη 97,, ΤΚ 45084 Χανιά', '210 248 7867', 2220.37, 'ID266637B', 31, NULL),
(410, 'Πάτροκλος Σμαρδάς', 'Πλ. Μαλαμάτων 29,, 54810 Άμφισσα', '(+30) 6969 657320', 1222.45, 'ID458811B', 10, NULL),
(411, 'Ευριπίδης-Γεράσιμος Γραμματικόπουλος', 'Λεωφ. Αγκουσελιανών 21,, 245 71 Ρέθυμνο', '+30 2854 656403', 2349.03, 'ID539786C', 27, NULL),
(412, 'Θεοδοσία-Ανάργυρη Κουτσοβίδου', 'Ακρωτηρίου 316-057,, ΤΚ 956 56 Βέροια', '2107923934', 1199.89, 'ID566400G', 13, NULL),
(413, 'Κηρύκος Κατσιλής', 'Καρκανάκη 42,, 91751 Χανιά', '(+30) 6915 287156', 1094.91, 'ID444390B', 7, NULL),
(414, 'Νίκων Ξανθάκης', 'Δεσφίνης 68-31,, 72747 Ιωάννινα', '2260 966 090', 2368.20, 'ID701680G', 38, NULL),
(415, 'Ανάργυρη Κουτσουνάκη', 'Λεωφ. Θολαρίων 42,, 90664 Λάρισα', '6943 112 768', 2309.76, 'ID657716A', 19, NULL),
(416, 'Ευρύκλεια Μιχελή', 'Φλαμπουρεσίου 534,, 70958 Χανιά', '23110 37 368', 1739.39, 'ID147172C', 3, NULL),
(417, 'Φίλιππος Γρετός', 'Πλατεία Σκουτεράς 55,, 99307 Αθήνα', '+306978666163', 1139.29, 'ID736241C', 24, NULL),
(418, 'Θεοδόσης Παντζαρτζίδης', 'Δαυίδ 73,, ΤΚ 403 95 Μυτιλήνη', '2080967432', 1662.75, 'ID676218D', 34, NULL),
(419, 'Ασημής Τσούπρας', 'Μυρτοφύτου 637-635,, ΤΚ 028 77 Κοζάνη', '210 8107074', 1889.53, 'ID435087F', 23, NULL),
(420, 'Δήμος-Τζανέτος Φωκαδελής', 'Υψηλομετώπου 94,, ΤΚ 15199 Καβάλα', '(+30) 6961 308877', 2045.20, 'ID220553H', 3, NULL),
(421, 'Ολύμπια Καρατάσου', 'Χανδρά 3,, 493 88 Καστοριά', '2520 902436', 1441.18, 'ID750589D', 10, NULL),
(422, 'Τίμων Λιτίνας', 'Ασβεστοχωρίου 0,, 895 54 Κομοτηνή', '2740126900', 2361.60, 'ID353271E', 17, NULL),
(423, 'Ροδιά Αντωνίου', 'Πάρ. Ορθονιών 35,, 167 33 Αργοστόλι', '23740 89 218', 1754.18, 'ID614413E', 40, NULL),
(424, 'Θεοδούλη Μπαλανίκα', 'Παγουριών 39,, 95276 Γρεβενά', '210 3675223', 2483.84, 'ID571840G', 17, NULL),
(425, 'Φοίβος Τριαντακωνσταντής', 'Δύο Χωρίων 02,, 838 12 Κοζάνη', '2104085099', 1566.27, 'ID505115G', 20, NULL),
(426, 'Ηλέκτρα Χαλβατζή', 'Καταλαγαρίου 685,, 399 19 Χαλκίδα', '+30 2591 739589', 1492.98, 'ID986902H', 7, NULL),
(427, 'Σώζων-Απόλλων Χουδαλάκης', 'Ιστιαίας 4,, ΤΚ 636 04 Καρπενήσι', '+30 2768 825500', 1888.12, 'ID643462C', 32, NULL),
(428, 'Ευμορφία-Κικιλία Χονδρούδη', 'Λουκομίου 28,, 89355 Έδεσσα', '(+30) 6944 147505', 2474.44, 'ID224415B', 13, NULL),
(429, 'Μακάριος-Παναγής Φούσκας', 'Αετού 698,, ΤΚ 465 11 Πάτρα', '+302336754985', 1192.55, 'ID299555H', 17, NULL),
(430, 'Άγγελος Ρίσβας', 'Πάροδος Γεωργικού 141,, ΤΚ 12964 Σέρρες', '(+30) 6944 262732', 1934.49, 'ID222659H', 23, NULL),
(431, 'Θεοχάρης Αντωνάκος', 'Αστράκων 983,, ΤΚ 20547 Βόλος', '2109028540', 1312.00, 'ID732751B', 11, NULL),
(432, 'Σόλων Λεμονής', 'Ακράτας 294,, 20289 Ιωάννινα', '(+30) 6991 254257', 1490.95, 'ID327121H', 12, NULL),
(433, 'Μελπομένη Κυριαννάκη', 'Κορυδαλλού 093,, ΤΚ 690 93 Λαμία', '2230262028', 2216.24, 'ID568363H', 6, NULL),
(434, 'Ξανθίππη Κουμάρα', 'Πλ. Λουτρών Αιδηψού 91,, ΤΚ 58482 Θεσσαλονίκη', '2100144292', 882.05, 'ID441720A', 1, NULL),
(435, 'Μελπομένη-Μιράντα Τσουνάκου', 'Πάρ. Χόικας 80,, 940 29 Σάμος', '(+30) 6926 019232', 889.78, 'ID318148F', 37, NULL),
(436, 'Λουίζα Μαρτιάδου', 'Τρεντσίου 88-96,, ΤΚ 592 62 Μυτιλήνη', '6920 474331', 1352.93, 'ID827965D', 4, NULL),
(437, 'Ναπολέων-Φαίδων Κυριατσούλης', 'Παυλίδου 481,, ΤΚ 040 52 Κατερίνη', '6959 235 298', 1113.16, 'ID952839D', 35, NULL),
(438, 'Ταξιάρχης-Φίλιππος Κατσαμάνης', 'Πλατεία Φαράκλας 1,, 24236 Σάμος', '6957 845 816', 2399.15, 'ID266469F', 18, NULL),
(439, 'Θεόφραστος Πετριτάκης', 'Σκαδού 0,, 90536 Κοζάνη', '2109085148', 1020.33, 'ID117154C', 4, NULL),
(440, 'Ανδρομάχη Κατσαντώνη', 'Διποταμιάς 091-611,, ΤΚ 628 11 Πολύγυρος', '2170156432', 2402.68, 'ID636577B', 23, NULL),
(441, 'Θεοχάρης-Λουκιανός Γρίβας', 'Κοκκινογείων 782,, 17136 Αλεξανδρούπολη', '2100295316', 2013.95, 'ID473368H', 3, NULL),
(442, 'Μίνωας Πολυχρόνης', 'Σηρικαρίου 42,, ΤΚ 79987 Ρέθυμνο', '+306928767706', 1087.44, 'ID915167H', 5, NULL),
(443, 'Δαμιανός Σκρέκας', 'Λεντζίου 37,, 427 65 Άμφισσα', '2600 041197', 1717.56, 'ID343730B', 29, NULL),
(444, 'Αυγουστίνα-Λεωνιδιά Δήμου', 'Πλατεία Κοκκινομηλέας 28,, 729 35 Κατερίνη', '+30 6928 364753', 2491.17, 'ID493157B', 8, NULL),
(445, 'Αφέντης Παντζέκος', 'Ασβεστίου 79-33,, 044 77 Αλεξανδρούπολη', '2580 970 771', 1842.61, 'ID367933C', 40, NULL),
(446, 'Λουλουδένια-Ιγνατία Τόλη', 'Ανάβατου 17,, 40710 Ερμούπολη', '6925 163 437', 970.48, 'ID803327E', 6, NULL),
(447, 'Διαμαντούλα Σόφρα', 'Λιβαδαρίου 82,, ΤΚ 247 73 Σάμος', '(+30) 6985 738434', 1468.52, 'ID711222B', 31, NULL);
INSERT INTO `employees` (`employee_id`, `full_name`, `address`, `phone`, `salary`, `id_number`, `store_id`, `user_id`) VALUES
(448, 'Παντελεήμων Κοττίκας', 'Λεωφ. Μαργαριτών 9,, ΤΚ 587 35 Αλεξανδρούπολη', '210 208 0695', 1813.10, 'ID178303F', 29, NULL),
(449, 'Χιονιά Ζωντανού', 'Βενίου 03-13,, ΤΚ 978 91 Ναύπλιο', '2360 043 322', 1616.20, 'ID326073A', 34, NULL),
(450, 'Ιάσονας Αγγελόπουλος', 'Καρουτών 40,, 848 01 Σπάρτη', '210 652 9868', 1187.87, 'ID549760F', 37, NULL),
(451, 'Δανάη Γραμμένου', 'Σελλασίας 78-16,, ΤΚ 80474 Δράμα', '210 4523233', 1420.87, 'ID411481F', 10, NULL),
(452, 'Πύρρος Τσιάκος', 'Καρανάνου 1,, ΤΚ 24006 Πάτρα', '(+30) 2750 969873', 1722.76, 'ID105595B', 34, NULL),
(453, 'Ξένη Μπονέλη', 'Ασιτών 1,, ΤΚ 303 69 Άμφισσα', '(+30) 6997 459172', 1918.16, 'ID329842E', 37, NULL),
(454, 'Λευκοθέα Βλαχοδήμου', 'Αντωνίου 59,, ΤΚ 417 43 Αθήνα', '2860 003 148', 1974.84, 'ID715414E', 29, NULL),
(455, 'Βαρβάρα Κοντογεωργάκη', 'Πάροδος Μικρού Περιστερίου 11,, ΤΚ 67682 Σπάρτη', '22960 48 211', 1558.25, 'ID272039E', 17, NULL),
(456, 'Ερρίκος Κιτινός', 'Αρχαγγέλου 28,, 228 93 Χαλκίδα', '+302495920247', 1687.91, 'ID176593F', 8, NULL),
(457, 'Αδαμαντία Βαΐου', 'Γελάνθης 880,, 60603 Βόλος', '6988452267', 1841.94, 'ID762588B', 7, NULL),
(458, 'Άρης Δινεζάκης', 'Πλατεία Κουτσοχέρας 12,, ΤΚ 818 35 Μυτιλήνη', '2010 423560', 2112.53, 'ID674683D', 30, NULL),
(459, 'Αριστόβουλος Θεοδωρικάκος', 'Τσάτη 5,, ΤΚ 05881 Μεσολόγγι', '(+30) 2743 603660', 1886.53, 'ID612385F', 28, NULL),
(460, 'Λασκαρίνα Μιχαηλίδου', 'Περίου 689-986,, ΤΚ 20305 Ρόδος', '2106554125', 1099.00, 'ID582695C', 16, NULL),
(461, 'Αικατερίνη Οικονομοπούλου', 'Θεριανού 13,, 49528 Τρίπολη', '2200 808632', 1785.08, 'ID749087C', 2, NULL),
(462, 'Τζένη Θεοδωροπούλου', 'Πάροδος Πιπεριών 01-37,, ΤΚ 622 48 Ναύπλιο', '2504024857', 1363.12, 'ID220996C', 24, NULL),
(463, 'Περσεφόνη Σεβαστού', 'Σδούκου 70,, 22534 Κιλκίς', '210 504 7449', 870.47, 'ID900815H', 17, NULL),
(464, 'Βασίλειος Καμπερίδης', 'Ελαφοχωρίου 20-00,, 57308 Ξάνθη', '2270 040 769', 1561.46, 'ID342222F', 17, NULL),
(465, 'Γαρύφαλλος Κορδατζής', 'Αθανασιάδη 672-658,, ΤΚ 47134 Σπάρτη', '2104268429', 868.81, 'ID817524A', 4, NULL),
(466, 'Βαλεντίνος Μουσελίμης', 'Τζιωρτζή 94,, 52779 Αθήνα', '2750984546', 1392.62, 'ID442170G', 2, NULL),
(467, 'Ευσεβία Χαλβατζή', 'Πάρ. Βάλτου 85,, ΤΚ 89986 Άρτα', '210 5315958', 1496.14, 'ID648938A', 16, NULL),
(468, 'Μακρίνα Κουλοχέρη', 'Φιδάνη 7,, ΤΚ 062 01 Κοζάνη', '+306923399824', 2320.33, 'ID968317A', 29, NULL),
(469, 'Δαμασκηνή-Ανδρομάχη Μαμαλά', 'Δελφών 57,, 66127 Χανιά', '2270 501356', 1215.99, 'ID391460H', 28, NULL),
(470, 'Λουκιανός Καλαργυρός', 'Μαυροχωρίου 860-843,, ΤΚ 472 42 Ερμούπολη', '6913 929 281', 1795.94, 'ID941239E', 17, NULL),
(471, 'Βασιλική Βρακά', 'Καραντάνα 05,, 27913 Πολύγυρος', '210 0497989', 2070.61, 'ID107206D', 29, NULL),
(472, 'Διαμάντω-Ευτέρπη Αλεξανδράκη', 'Πλατεία Βίβλου 56-65,, 98254 Έδεσσα', '6991 025585', 911.33, 'ID227270H', 27, NULL),
(473, 'Λασκαρίνα Λιναρδάκη', 'Πλατεία Σέκουλα 25-52,, 77211 Μεσολόγγι', '2670567269', 2223.22, 'ID154817D', 36, NULL),
(474, 'Λυκούργος Τσιαμούρας', 'Μίστρου 19,, ΤΚ 430 13 Ηράκλειο', '(+30) 2327 806174', 1358.16, 'ID201626D', 15, NULL),
(475, 'Σαββούλα-Αντιγόνη Δουλγεράκη', 'Κανδάνου 1,, 70135 Ναύπλιο', '210 8767000', 1219.36, 'ID628642E', 28, NULL),
(476, 'Θηρεσία Βαΐου', 'Πλ. Πρωτόπαππα 6,, ΤΚ 697 31 Πάτρα', '2322075051', 855.96, 'ID427768H', 33, NULL),
(477, 'Χαρά Νίκα', 'Ατραπού 28,, 50080 Πύργος', '(+30) 6903 709088', 1950.29, 'ID841222C', 8, NULL),
(478, 'Οδυσσέας Τσάρκος', 'Μιχελακάκη 096,, ΤΚ 705 08 Θεσσαλονίκη', '(+30) 6965 590081', 2160.77, 'ID784797H', 39, NULL),
(479, 'Δημήτριος Τζουμάκης', 'Βεργίνης 648-584,, 47985 Τρίκαλα', '6994 448 998', 1366.11, 'ID388517B', 36, NULL),
(480, 'Χριστιάν Πιτερός', 'Μύτικα 8,, 358 73 Αργοστόλι', '21970 85 887', 2338.33, 'ID239830E', 24, NULL),
(481, 'Μαυρίκιος Βορλόκας', 'Δαμαβόλου 17-44,, ΤΚ 733 07 Λιβαδιά', '(+30) 2413 678093', 2253.93, 'ID237737B', 9, NULL),
(482, 'Σωκράτης Κοντοκώστας', 'Λεωφ. Ελευθερουπόλεως 3,, 98649 Γρεβενά', '(+30) 6965 674950', 1777.01, 'ID885653C', 16, NULL),
(483, 'Αγαμέμνων Τζιόρτζιος', 'Βαλανιδοράχης 33,, ΤΚ 52869 Κοζάνη', '6918 290 638', 827.72, 'ID544516E', 28, NULL),
(484, 'Κλαίρη-Ροδάνθη Καλούδη', 'Σταγιατών 61-38,, 231 78 Καστοριά', '2688069874', 2046.65, 'ID536473A', 20, NULL),
(485, 'Συμέλα Βυζιηνού', 'Ελευθερουπόλεως 08,, 96100 Χαλκίδα', '2411057719', 2176.43, 'ID132202A', 3, NULL),
(486, 'Ιερώνυμος Αετόπουλος', 'Κουμάρα 280-337,, 52557 Χανιά', '(+30) 2285 657519', 1727.50, 'ID653530A', 31, NULL),
(487, 'Κρινιώ Μιχαλάρου', 'Δικαίων 7,, ΤΚ 76682 Λάρισα', '+302854203586', 1369.33, 'ID740308G', 22, NULL),
(488, 'Μαρία Ματεντσίδου', 'Αργέννου 2,, 58734 Ερμούπολη', '+30 2162 495515', 1351.51, 'ID749646C', 15, NULL),
(489, 'Φερενίκη Λιολιοπούλου', 'Πλατεία Λαγού 27,, ΤΚ 30859 Αγ. Νικόλαος', '6938967527', 929.83, 'ID803812F', 17, NULL),
(490, 'Μαρίνος Θεοδωρόπουλος', 'Λεβιδίου 2,, 54974 Λάρισα', '25920 95 974', 829.53, 'ID250481H', 23, NULL),
(491, 'Ιπποκράτης Γεωργούλας', 'Τσούρα 6,, 79218 Ερμούπολη', '2170510708', 2111.13, 'ID646757B', 35, NULL),
(492, 'Μαριάνθη-Ιωάννα Τόλη', 'Ξάνθης 96,, 22399 Σάμος', '28910 59 496', 1720.83, 'ID584278E', 4, NULL),
(493, 'Ιάσονας Αγαλιώτης', 'Λεωφ. Άρμπουνα 57,, 052 56 Καβάλα', '2219071501', 1991.66, 'ID624301G', 17, NULL),
(494, 'Παύλος Κοντογιάννης', 'Μπελέκου 89,, 83382 Πάτρα', '+306966927979', 2441.37, 'ID925341E', 8, NULL),
(495, 'Αναγνώστης Μαντζουράνης', 'Βρυσιών 949-315,, ΤΚ 09725 Πάτρα', '+306922557430', 1675.72, 'ID859883E', 8, NULL),
(496, 'Μένανδρος Πουλογιαννόπουλος', 'Πελλάνας 0,, 05645 Καρδίτσα', '+302686234734', 2235.32, 'ID916554G', 3, NULL),
(497, 'Θεολόγος Χατζηγεωργίου', 'Μαγούλα 754,, 86821 Λαμία', '2214026863', 2238.91, 'ID891944F', 33, NULL),
(498, 'Αύγουστος Κορμπόπουλος', 'Μενιδίου 607,, ΤΚ 54939 Βέροια', '210 362 9827', 1857.21, 'ID250464A', 12, NULL),
(499, 'Ολύμπια Πεμούση', 'Ταμπορρίνο 58,, 82969 Έδεσσα', '2670383908', 2242.98, 'ID888644C', 18, NULL),
(500, 'Νικητία Τρεντσίου', 'Βροσίνας 02,, 59325 Ερμούπολη', '6973 679 208', 2001.63, 'ID508616C', 18, NULL),
(501, 'Αβραάμ Γρίβας', 'Ξανθοχωρίου 68,, ΤΚ 685 48 Λαμία', '(+30) 2733 819804', 1801.27, 'ID437617G', 1, NULL),
(502, 'Φωτεινή-Βαγιανή Σκυλογιάννη', 'Πάρ. Αθηναίων 6,, 157 98 Ηράκλειο', '2150917469', 802.57, 'ID220820B', 40, NULL),
(503, 'Θεμιστόκλεια Πρέκα', 'Παππά 43,, ΤΚ 02473 Κατερίνη', '2102409668', 1008.89, 'ID768171H', 25, NULL),
(504, 'Λεονάρδος Βορλόκας', 'Μαλάξας 35-58,, 35290 Σάμος', '(+30) 6916 151410', 1960.73, 'ID513746B', 1, NULL),
(505, 'Μιχαέλα-Γεωργία Παπαστεργίου', 'Κύθνου 82,, 09037 Κομοτηνή', '210 544 4489', 1360.48, 'ID515604B', 10, NULL),
(506, 'Τρισεύγενη-Ευστρατία Καμπούρη', 'Λούτσας 03,, ΤΚ 55417 Βόλος', '2109143610', 2476.40, 'ID509452H', 34, NULL),
(507, 'Λασκαρίνα Φωτιάδου', 'Όσσης 32,, ΤΚ 149 90 Κατερίνη', '6912 368 445', 1945.34, 'ID751075E', 8, NULL),
(508, 'Συμεωνία-Κωνσταντία Τσικρίκα', 'Πάρ. Σανών 464,, 31083 Ρέθυμνο', '+306942770204', 903.96, 'ID659143G', 6, NULL),
(509, 'Πηγή Κεφαλή', 'Πάροδος Μυρκίνου 3,, ΤΚ 74557 Τρίκαλα', '+302875415496', 1876.58, 'ID185105G', 30, NULL),
(510, 'Βικτωρία Μαυροπούλου', 'Παρακοίλων 906-623,, ΤΚ 92458 Χανιά', '6978271483', 2249.97, 'ID323096D', 1, NULL),
(511, 'Θεοχαρούλα-Ευγενία Δρίβα', 'Χορόζη 51,, 43131 Μεσολόγγι', '210 912 1784', 1654.10, 'ID761099A', 36, NULL),
(512, 'Πανορμίτης Ρήνος', 'Μεσορράχης 67-15,, ΤΚ 367 95 Σάμος', '6966 308 036', 1705.32, 'ID833682C', 19, NULL),
(513, 'Νικητία Αλυσανδράτου', 'Λεωφ. Φαλαισίας 7,, 17152 Δράμα', '210 1579263', 834.03, 'ID283641B', 14, NULL),
(514, 'Τρύφων Ζηδιανάκης', 'Λεωφόρος Μύλων 636-401,, 35050 Κοζάνη', '2310254212', 1088.84, 'ID325964D', 5, NULL),
(515, 'Νεοκλής-Λύσανδρος Ανδρουλάκης', 'Πηγαδούλια 61,, 44397 Σάμος', '+302492949232', 1325.54, 'ID610487D', 29, NULL),
(516, 'Φλοριάντ Ματσούκας', 'Πλεμενιανών 88,, 32848 Αργοστόλι', '+302974985672', 1883.31, 'ID559729F', 21, NULL),
(517, 'Αχιλλέας Σαλίχος', 'Σμέρτου 22,, 87085 Ρόδος', '2660 566 909', 1592.57, 'ID875625F', 39, NULL),
(518, 'Διαμαντής Σιγανός', 'Πελάγους 96,, 336 26 Πολύγυρος', '6913 257055', 1216.96, 'ID767203H', 34, NULL),
(519, 'Αντωνία Μπιμπίκα', 'Γεωργαρά 78,, ΤΚ 569 30 Αθήνα', '2900 435200', 1842.72, 'ID243158D', 1, NULL),
(520, 'Τριαντάφυλλος Λάκκας', 'Αμπελοχωρίου 78,, ΤΚ 472 60 Χαλκίδα', '23610 65 170', 2378.25, 'ID893738A', 4, NULL),
(521, 'Ραλλία Βλαχοδήμου', 'Δημτσούδη 56,, ΤΚ 708 90 Βέροια', '+30 6941 011481', 1567.25, 'ID278343A', 5, NULL),
(522, 'Χάρις Βούκας', 'Σαπρίκη 67,, 11382 Σάμος', '2130 348867', 1825.19, 'ID399813E', 13, NULL),
(523, 'Ρεγγίνα Μπραέσα', 'Περικλείας 95,, 07437 Αργοστόλι', '+30 2586 269477', 1846.81, 'ID553097C', 17, NULL),
(524, 'Ντανιέλα Ματεντσίδου', 'Καλυβίων Θορικού 332-230,, 774 33 Ερμούπολη', '2150 911805', 802.05, 'ID123201C', 39, NULL),
(525, 'Νικήτας Ρίγκος', 'Σμίλας 99-19,, 14992 Σπάρτη', '+306935758093', 1792.01, 'ID233093E', 37, NULL),
(526, 'Καρυοφυλλιά Δημητρίου', 'Παλαιοχωρίου Μπότσαρη 8,, 30058 Λαμία', '6939541210', 2089.10, 'ID984177D', 29, NULL),
(527, 'Αστέριος Τερζής', 'Πλ. Δαφνοσπηλιάς 2,, 91951 Λαμία', '28130 12 768', 2247.46, 'ID336147G', 28, NULL),
(528, 'Θεόδωρος Κυριακίδης', 'Καρνασίου 17-09,, 28005 Πρέβεζα', '(+30) 2188 404255', 1568.01, 'ID848464H', 10, NULL),
(529, 'Ευστράτιος Μεταξάς', 'Πλ. Παγώντα 185,, 760 45 Πύργος', '2109476915', 1391.42, 'ID541950G', 26, NULL),
(530, 'Επαμεινώνδας Μεϊμάρης', 'Καταφύτου 93,, 31751 Βόλος', '29880 74 122', 2439.51, 'ID141728E', 26, NULL),
(531, 'Λητώ Τσικρίκα', 'Υπερείας 281,, 552 60 Γρεβενά', '2010 138117', 2361.79, 'ID420504C', 27, NULL),
(532, 'Ευστρατία Βαϊραμίδου', 'Μπατσάκη 75,, ΤΚ 94634 Έδεσσα', '25380 10 212', 1064.48, 'ID522234E', 17, NULL),
(533, 'Αναστάσιος Σμπρίνης', 'Πτελεού 28,, 04208 Μυτιλήνη', '(+30) 2418 817672', 876.51, 'ID842326H', 11, NULL),
(534, 'Στεργιαννώ Λιάνου', 'Λεωφ. Οίτης 396,, 286 55 Ιωάννινα', '2508087457', 1358.35, 'ID796283A', 5, NULL),
(535, 'Σπάρτη-Βαρβάρα Μάρα', 'Πάρου 98,, 42647 Καστοριά', '+306906592933', 2088.69, 'ID863473D', 7, NULL),
(536, 'Μιχαήλ-Πολύδωρος Γκάγκας', 'Πάρ. Κορυδαλλού 04,, 51356 Αγ. Νικόλαος', '(+30) 6962 931396', 1899.25, 'ID871305H', 3, NULL),
(537, 'Λεονάρδος Ζηρός', 'Λεωφόρος Διασέλλων 41-81,, ΤΚ 064 44 Χίος', '6976087082', 2159.53, 'ID153123G', 1, NULL),
(538, 'Χαράλαμπος Πικρός', 'Γιαννακουδάκη 04-46,, 88844 Άμφισσα', '210 908 2327', 828.66, 'ID647866D', 12, NULL),
(539, 'Κλήμης Δόβας', 'Κρεμαστού 4,, 27953 Ζάκυνθος', '+30 2564 944615', 1709.93, 'ID614227F', 3, NULL),
(540, 'Ιωσήφ Καστάνης', 'Φρονιμάκη 533-325,, ΤΚ 099 90 Καρπενήσι', '6922 084946', 1679.87, 'ID201185D', 7, NULL),
(541, 'Μαρκέλλα Καραγιοβάννη', 'Λουμπούτσκου 14,, ΤΚ 54740 Κατερίνη', '2650 313 223', 2184.29, 'ID409861D', 39, NULL),
(542, 'Δαβιδούλα Σελινοπούλου', 'Μπαλαμπάνη 245-390,, 556 63 Πάτρα', '2103753966', 2226.17, 'ID617327A', 3, NULL),
(543, 'Παράσχος Βιδαλάκης', 'Προύβα 136,, 410 11 Ερμούπολη', '6996 681 770', 2245.51, 'ID922947D', 25, NULL),
(544, 'Τζανέτος Καφαντάρης', 'Λευκακίων 8,, ΤΚ 46097 Αγ. Νικόλαος', '6948523463', 2327.24, 'ID761586C', 14, NULL),
(545, 'Ολύμπια Βαρελίδου', 'Κατσίμπαλη 32,, 63896 Καρδίτσα', '2365059560', 1245.97, 'ID971998A', 31, NULL),
(546, 'Ευσεβία Φασατάκη', 'Μεγάλου Κεφαλοβρύσου 318-200,, 38582 Έδεσσα', '2109950255', 2012.49, 'ID412725B', 36, NULL),
(547, 'Πραξιτέλης-Χρυσοβαλάντιος Τζαβέλλας', 'Σκλήθρου 62,, ΤΚ 840 86 Ναύπλιο', '+30 2848 581198', 1511.95, 'ID551695A', 9, NULL),
(548, 'Ασπασία Μπεσύρη', 'Περιστάσεως 786-991,, ΤΚ 671 10 Πρέβεζα', '+302251839652', 2127.12, 'ID157995C', 27, NULL),
(549, 'Ευμορφία-Αρέθα Βρακά', 'Μποτζιώρη 68-72,, 25867 Καρδίτσα', '2074072216', 1097.20, 'ID221628G', 2, NULL),
(550, 'Αρχιμήδης Ζαραφέτας', 'Παλαιοκώμης 62,, 36051 Δράμα', '(+30) 6977 392986', 2155.41, 'ID927011F', 1, NULL),
(551, 'Σαράντης Γεωργαλάς', 'Καμπούρη 42,, ΤΚ 64846 Χαλκίδα', '2023079738', 1744.98, 'ID321103F', 14, NULL),
(552, 'Τζανέτος Στεργιούδης', 'Προφίλιας 353,, 93556 Κιλκίς', '(+30) 2050 193720', 1881.92, 'ID750484D', 38, NULL),
(553, 'Δαμιανός Παπαγιάννης', 'Μαμουλάδας 972,, ΤΚ 84437 Τρίπολη', '2110 275 905', 2470.37, 'ID925986E', 17, NULL),
(554, 'Ευφροσύνη Μπούζα', 'Μιχοΐου 9,, 03762 Χαλκίδα', '2400 710487', 2472.50, 'ID824588H', 20, NULL),
(555, 'Βελισσαρία Μπρούζου', 'Βαλτετσίου 0,, ΤΚ 150 71 Πολύγυρος', '+302222827502', 1835.27, 'ID276887E', 39, NULL),
(556, 'Βικέντια Γούλα', 'Λεωφ. Κουκουλιών 15-10,, ΤΚ 95251 Σάμος', '2378028767', 1866.20, 'ID910988G', 31, NULL),
(557, 'Στεργιαννώ Γερούκη', 'Λεωφόρος Κοτσικιάς 478-092,, ΤΚ 728 51 Τρίκαλα', '(+30) 2042 239704', 1116.95, 'ID204495E', 3, NULL),
(558, 'Ίρις Αγγελάκη', 'Λεωφόρος Υψηλάντου 35,, ΤΚ 776 45 Αργοστόλι', '+306985192345', 1628.85, 'ID668520D', 6, NULL),
(559, 'Ραλλία Πετροσιάν', 'Λεωφ. Μακρυσίου 03,, ΤΚ 772 26 Άρτα', '(+30) 6959 949266', 856.95, 'ID338174G', 40, NULL),
(560, 'Αριστομένης-Δήμος Σίδερης', 'Πλατεία Χωρίου 70,, ΤΚ 348 56 Ρόδος', '(+30) 6993 797683', 1598.25, 'ID754990F', 39, NULL),
(561, 'Φαίδρα Βουτσινά', 'Δεσκάτης 5,, 70134 Μυτιλήνη', '6903 732744', 1944.37, 'ID916090H', 34, NULL),
(562, 'Νικόλαος Γεωργαλάς', 'Βλαχοκερασέας 5,, 52197 Πολύγυρος', '22390 27 669', 2456.11, 'ID847656H', 3, NULL),
(563, 'Φιλίππα Μανουσοπούλου', 'Καλαμακίου 9,, 02681 Καλαμάτα', '+302194116883', 1725.27, 'ID420390B', 4, NULL),
(564, 'Αγαθόνικος Ταμιωλάκης', 'Λίππας 112,, 04194 Κόρινθος', '(+30) 2789 927674', 1033.12, 'ID304932E', 28, NULL),
(565, 'Κλεόβουλος Ισάρης', 'Πάροδος Αγαλιανής 274-319,, ΤΚ 21620 Κιλκίς', '(+30) 2896 844050', 1939.35, 'ID329675F', 11, NULL),
(566, 'Ευπραξία Δήμου', 'Ζαβιτσάνου 233-938,, 303 74 Βέροια', '210 8774873', 800.04, 'ID257457A', 8, NULL),
(567, 'Οδυσσέας Καζανόπουλος', 'Βερίνου 067-977,, ΤΚ 316 54 Δράμα', '+302573130987', 1917.39, 'ID132448C', 3, NULL),
(568, 'Τιμολέων Κομπολιάς', 'Κουταλά 3,, ΤΚ 603 48 Δράμα', '+306938907889', 2300.09, 'ID769522A', 16, NULL),
(569, 'Αφέντρα Καραογλάνη', 'Παλιούρα 87-72,, 35617 Βέροια', '2884026183', 973.33, 'ID947487E', 39, NULL),
(570, 'Αθηναγόρας Σουλιντζής', 'Πλατεία Πανουργιά 7,, 11548 Τρίκαλα', '+302778371321', 1950.03, 'ID873272E', 12, NULL),
(571, 'Ευστρατία Σκασίλα', 'Νεμέας 399-202,, ΤΚ 29130 Έδεσσα', '6975 752 866', 961.36, 'ID783271F', 36, NULL),
(572, 'Σαλώμη-Μαρίνα Παπατζήκα', 'Νιφοραιίκων 19,, 76797 Αργοστόλι', '22320 57 526', 1784.35, 'ID229007B', 29, NULL),
(573, 'Παράσχος Πανδής', 'Θεοδωροπούλου 066,, ΤΚ 77112 Πρέβεζα', '2400955948', 1263.53, 'ID130017E', 31, NULL),
(574, 'Υακίνθη Νίκα', 'Κωστοπούλου 86,, 60119 Καλαμάτα', '(+30) 2504 958658', 2447.19, 'ID708015H', 10, NULL),
(575, 'Ζαμπία Μπαλανίκα', 'Κεφαλοχωρίου 28-01,, ΤΚ 723 19 Ξάνθη', '6900 572772', 938.10, 'ID528118D', 12, NULL),
(576, 'Γερακίνα-Ασημίνα Αποστολάκη', 'Καστέλλας 87-46,, ΤΚ 12911 Δράμα', '(+30) 6917 081722', 1384.48, 'ID488558D', 24, NULL),
(577, 'Αύγουστος Μανελίδης', 'Λευκόβρυσης 2,, ΤΚ 65603 Ηράκλειο', '(+30) 2443 990113', 2184.05, 'ID427410D', 16, NULL),
(578, 'Βέρα-Ευδοκία Κανελή', 'Σκούρα 98,, ΤΚ 50214 Δράμα', '27830 65 102', 1772.24, 'ID348447E', 23, NULL),
(579, 'Χάρις Μοσχόπουλος', 'Λιθοχωρίου 801,, 00759 Θεσσαλονίκη', '6916 483 591', 1492.02, 'ID185705F', 24, NULL),
(580, 'Ευσέβιος-Ζήνων Γεωργακόπουλος', 'Πλατεία Σπολαίτης 3,, ΤΚ 397 67 Καλαμάτα', '2080 135 109', 2489.82, 'ID856617F', 13, NULL),
(581, 'Ερατώ Καρατάσου', 'Συρμού 591-016,, 260 21 Πρέβεζα', '6939 388254', 2192.02, 'ID123673F', 36, NULL),
(582, 'Μαρίνος-Αίας Μπουρλής', 'Παπαχρήστου 68,, 903 33 Άμφισσα', '+306960791901', 2384.02, 'ID486831F', 34, NULL),
(583, 'Καλλιρόη Δαρδιώτη', 'Χόμορης 63-80,, 82300 Γρεβενά', '26080 34 110', 1123.69, 'ID217793B', 21, NULL),
(584, 'Βλάσης Μιχαλέλλης', 'Καβαλλαρίου 88,, 16501 Αλεξανδρούπολη', '2102780620', 2021.13, 'ID434339E', 26, NULL),
(585, 'Λυδία Τριανταφύλλου', 'Αντικυθήρων 2,, 86568 Γρεβενά', '6981437532', 1142.84, 'ID658094H', 29, NULL),
(586, 'Κικιλία Κουκουβά', 'Μανοπούλου 69-66,, ΤΚ 29804 Αλεξανδρούπολη', '2650 510596', 2120.13, 'ID797260B', 30, NULL),
(587, 'Ιοκάστη Καλαθά', 'Κονταιίκων 621,, 22050 Κιλκίς', '6964 857070', 2361.21, 'ID551759H', 9, NULL),
(588, 'Βερονίκη Γεωργή', 'Χωτούσσης 25,, ΤΚ 662 11 Καρδίτσα', '6974 860 413', 2487.65, 'ID140738H', 29, NULL),
(589, 'Ζηνοβία Βασιλειάδη', 'Κομπωτής 60,, ΤΚ 531 13 Μυτιλήνη', '+306914497004', 1672.20, 'ID117897H', 16, NULL),
(590, 'Αθηνά-Στεργιαννώ Φιδάνη', 'Μυξόρρουμα 20,, 83467 Καβάλα', '2690364438', 1972.30, 'ID895283D', 39, NULL),
(591, 'Λάμπρος Αφρουδάκης', 'Πάρ. Παλιουριάς 115,, 01209 Άρτα', '+302949946422', 2190.62, 'ID843843B', 19, NULL),
(592, 'Κλυταιμνήστρα Μπεκάκου', 'Εμπάρου 79-79,, 033 90 Λαμία', '(+30) 6931 952957', 1534.69, 'ID444603D', 30, NULL),
(593, 'Πολύμνια Καραγιάννη', 'Πλατεία Σγουράδων 0,, 700 75 Χανιά', '+30 2777 823977', 1941.56, 'ID572939F', 15, NULL),
(594, 'Αιμίλιος Πανδής', 'Λεωφόρος Φίλια 60,, 69598 Λευκάδα', '+302832200833', 1101.86, 'ID891797H', 32, NULL),
(595, 'Γαβριέλλα Πουλιάση', 'Πενταγιών 57,, 82298 Χίος', '2730 286647', 828.01, 'ID688246G', 5, NULL),
(596, 'Ισμήνη Σοκολάκη', 'Τζιγκούρα 34,, ΤΚ 742 17 Καρδίτσα', '27310 26 652', 2402.00, 'ID719629C', 16, NULL),
(597, 'Ευστράτιος Γκάγκας', 'Αγριλοβούνου 41,, 604 31 Ρέθυμνο', '+302209764008', 2416.80, 'ID951758H', 7, NULL),
(598, 'Βικέντιος-Τσαμπίκος Χιτός', 'Κερασίων 67-99,, ΤΚ 26156 Λάρισα', '2010 967 689', 1097.09, 'ID831666F', 27, NULL),
(599, 'Μόσχα Τσακαλάκου', 'Μεγάλης Στέρνας 72-99,, 74658 Ηράκλειο', '+30 6959 672434', 930.38, 'ID882922A', 33, NULL),
(600, 'Υακίνθη-Θεμιστόκλεια Βαρθαλίτη', 'Πάρ. Αγίου Γεωργίου Συκούση 811,, ΤΚ 16899 Πρέβεζα', '6980 539 688', 1943.27, 'ID297190B', 11, NULL),
(601, 'Ανθούλα Μαρουγιάννη', 'Σταθά 26-38,, 58903 Γρεβενά', '+302939909431', 859.77, 'ID531891C', 23, NULL),
(602, 'Ευκλείδης Θεοχάρης', 'Μπύρου 31,, 167 21 Κόρινθος', '2240 484350', 1090.32, 'ID886555A', 1, NULL),
(603, 'Θωμάς Τσακμάκης', 'Λιθιάς 32,, 08985 Βέροια', '210 6034081', 1478.50, 'ID825802B', 5, NULL),
(604, 'Γλαύκη Καφαντάρη', 'Αληθινής 0,, 26227 Άμφισσα', '6930198280', 812.90, 'ID375306B', 6, NULL),
(605, 'Φρειδερίκη Φουρκιώτη', 'Κολινδρού 88-49,, 20557 Ηράκλειο', '2400 816 377', 2369.25, 'ID892706G', 7, NULL),
(606, 'Σέργιος Αλατζάκης', 'Σιδηρονέρου 03,, 998 57 Άρτα', '2103535775', 1162.55, 'ID830117H', 2, NULL),
(607, 'Μιχαέλα Καράμπη', 'Ασκών 052,, ΤΚ 151 13 Κομοτηνή', '6920 472031', 1202.20, 'ID305765C', 22, NULL),
(608, 'Θεοδόσης Βαβουράκης', 'Γαύδου 0,, ΤΚ 412 39 Ξάνθη', '210 310 0542', 1415.87, 'ID969810A', 24, NULL),
(609, 'Μαγδαληνός Μακρής', 'Άνδρου 13-52,, 42064 Τρίκαλα', '210 0741820', 1368.94, 'ID528300C', 10, NULL),
(610, 'Μαρία Μποζίκη', 'Υπάτου 1,, ΤΚ 90256 Καστοριά', '6908908463', 986.07, 'ID393286D', 35, NULL),
(611, 'Στέλλιος Μακαριάδης', 'Πάροδος Πετροκεφαλίου 634,, 991 22 Καρπενήσι', '6916 387 067', 1151.31, 'ID563437D', 34, NULL),
(612, 'Ιάσων-Τιμόθεος Φωκάς', 'Χαλιωτάτων 22-75,, ΤΚ 306 47 Κέρκυρα', '6933 792 804', 1079.91, 'ID526353B', 38, NULL),
(613, 'Κλέαρχος Τσιτούρας', 'Διονύσου 1,, ΤΚ 67150 Ζάκυνθος', '+306963765074', 2338.08, 'ID201819F', 5, NULL),
(614, 'Ξενοφών-Χαράλαμπος Γκάγκας', 'Μουδανιών 6,, 303 07 Δράμα', '6987822250', 1058.04, 'ID857074G', 5, NULL),
(615, 'Ρεγγίνα Παρασκευά', 'Πάροδος Πύργων Θερμής 50,, 14273 Κοζάνη', '2640 882903', 1175.36, 'ID540759F', 37, NULL),
(616, 'Λαυρεντία Μπονέλη', 'Παυλάκη 4,, ΤΚ 35874 Καβάλα', '+30 2318 192812', 839.24, 'ID723435D', 30, NULL),
(617, 'Ιωακείμ-Παναγής Καραμσαλής', 'Δαμακινίου 3,, 28203 Αγ. Νικόλαος', '(+30) 2932 401525', 1199.19, 'ID816191B', 40, NULL),
(618, 'Αλεξάνδρα Καρβέλη', 'Πάρ. Βέροιας 497,, 361 35 Ρέθυμνο', '2545044805', 1094.19, 'ID878413F', 1, NULL),
(619, 'Γεώργιος Κατιρτζής', 'Καρυδίτσας 6,, 341 08 Ρόδος', '6935 674102', 2074.16, 'ID259453D', 32, NULL),
(620, 'Αυγή Μπαλλή', 'Ζαρειφοπούλου 58-07,, ΤΚ 211 33 Καρπενήσι', '(+30) 6954 858131', 815.01, 'ID109721H', 39, NULL),
(621, 'Κυπριανή Παπασπηλιωτοπούλου', 'Κεραμείας 02,, ΤΚ 127 81 Αθήνα', '(+30) 6978 454345', 1628.20, 'ID484250D', 37, NULL),
(622, 'Ουρανία Δραμουντάνη', 'Παλαιοχωρίου Τυμφρηστού 382-307,, ΤΚ 10539 Πάτρα', '2350 224167', 1720.73, 'ID779270E', 23, NULL),
(623, 'Αστέριος Μεταξάς', 'Σηρικαρίου 11-01,, ΤΚ 836 93 Χανιά', '+30 2917 147083', 832.90, 'ID836626B', 24, NULL),
(624, 'Βενιζέλος Σαμαράς', 'Κωνσταντίας 08,, 612 13 Πύργος', '2866013811', 1981.53, 'ID990557G', 17, NULL),
(625, 'Μαριγώ-Λεωνιδιά Λίτσιου', 'Σαββάκη 33,, 16985 Ερμούπολη', '2885025136', 2366.31, 'ID120331D', 24, NULL),
(626, 'Λυγερή Ψυχάρη', 'Μικροβάλτου 81-96,, ΤΚ 591 07 Καρδίτσα', '26860 08 548', 2262.82, 'ID848224C', 8, NULL),
(627, 'Ευδοξία Μιχελή', 'Πάροδος Μανδρινής 57-29,, ΤΚ 035 77 Κοζάνη', '21990 34 618', 1160.81, 'ID755135G', 32, NULL),
(628, 'Απολλωνία Κονιάρη', 'Περιχώρας 7,, 88928 Σάμος', '(+30) 6909 131855', 2176.85, 'ID434423B', 39, NULL),
(629, 'Θεόκλητος Πυλαρινός', 'Χορτάτου 923-155,, ΤΚ 158 99 Λαμία', '2210 649 479', 1908.23, 'ID730587H', 27, NULL),
(630, 'Σαράντης Νάστος', 'Μελισσοτόπου 77-34,, ΤΚ 789 85 Αλεξανδρούπολη', '22010 55 192', 1642.21, 'ID350376F', 29, NULL),
(631, 'Ευσταθία-Ευανθία Σακκή', 'Πάρ. Εμπεσού 75,, 13626 Έδεσσα', '210 9931225', 1710.26, 'ID813387B', 37, NULL),
(632, 'Αυγουστίνα Θεοδοσιάδου', 'Κουτσουρέλη 63,, 02718 Λευκάδα', '2740 697 533', 1390.83, 'ID156476B', 29, NULL),
(633, 'Λάσκαρης Γιωτάκης', 'Καμπούρη 11-57,, ΤΚ 09007 Καβάλα', '+30 6968 055729', 2059.97, 'ID971786A', 20, NULL),
(634, 'Σουλτάνα Ενωτιάδη', 'Κεσκίνη 15,, 560 55 Ιωάννινα', '24100 26 775', 2082.25, 'ID621060C', 37, NULL),
(635, 'Σεραφεία Βασιλείου', 'Γαρδελάδων 320-300,, ΤΚ 446 07 Ρέθυμνο', '(+30) 2057 630299', 1038.14, 'ID297677G', 20, NULL),
(636, 'Ιωσήφ Σακελλαρίου', 'Πενταγιών 1,, ΤΚ 12579 Πάτρα', '+30 2498 432642', 1308.39, 'ID225226F', 2, NULL),
(637, 'Αιμιλιανός Τσεντούρος', 'Κωσταραζίου 509,, 10573 Κοζάνη', '6979 880987', 1509.96, 'ID397247D', 20, NULL),
(638, 'Ίων Δημησκής', 'Φιλιάγκου 257,, 26077 Λιβαδιά', '+306931297596', 1758.62, 'ID555721E', 12, NULL),
(639, 'Ευμορφία Γαβριηλίδη', 'Κουτσοβίδου 474-995,, ΤΚ 080 42 Καρδίτσα', '2110080922', 2456.36, 'ID416201A', 31, NULL),
(640, 'Ιωάννης Πατμανίδης', 'Προδρομίου 21,, 03926 Έδεσσα', '24800 84 295', 1320.65, 'ID886486H', 27, NULL),
(641, 'Μερόπη Μπενέτου', 'Μάλαμα 42,, 57145 Φλώρινα', '+306953228803', 2430.66, 'ID274365E', 7, NULL),
(642, 'Ιωάννα Γρηγοριάδου', 'Βροσίνας 9,, ΤΚ 57129 Αθήνα', '+302347265235', 2137.26, 'ID516488E', 28, NULL),
(643, 'Χριστόδουλος Τζιάβας', 'Λεβαδέων 7,, 46220 Φλώρινα', '210 2795771', 1415.67, 'ID890659E', 28, NULL),
(644, 'Νικολέτα Φραγκιαδάκη', 'Φραγκάδων 389,, ΤΚ 959 39 Βόλος', '6909052032', 1534.48, 'ID384902G', 34, NULL),
(645, 'Αρτέμης Χαρισιάδης', 'Λεωφ. Ανθήλης 54,, ΤΚ 147 76 Καλαμάτα', '2560 258469', 1833.59, 'ID509197F', 14, NULL),
(646, 'Αντίπατρος Γκικόπουλος', 'Πλατεία Παππαδιανών 00,, ΤΚ 607 81 Κιλκίς', '6906 398068', 1191.61, 'ID864979G', 6, NULL),
(647, 'Λεμονιά Χρήστου', 'Αρχάκη 79,, 46966 Μεσολόγγι', '6955 622008', 1754.97, 'ID487126H', 31, NULL),
(648, 'Ζαχαρένια Αργυροπούλου', 'Γαβαλοχωρίου 6,, ΤΚ 711 78 Ιωάννινα', '210 3932505', 1578.25, 'ID881092C', 26, NULL),
(649, 'Βελισσαρία Πλατάκη', 'Χαβαρίου 4,, 64462 Ηγουμενίτσα', '6916 945 395', 842.57, 'ID782255G', 36, NULL),
(650, 'Κερασιά Κουρλού', 'Δράμας 00,, 09395 Έδεσσα', '6953641694', 1497.09, 'ID647493A', 2, NULL),
(651, 'Θωμαίς Μπίκα', 'Κετεσίδου 01,, 34048 Σέρρες', '(+30) 2321 523646', 1287.38, 'ID366204E', 23, NULL),
(652, 'Ευδόξιος Κερασοβίτης', 'Δελβινακοπούλου 02-24,, ΤΚ 77536 Ξάνθη', '2740370682', 2027.77, 'ID449306A', 5, NULL),
(653, 'Λάζαρος Μαντάς', 'Λογγού 205-785,, ΤΚ 25572 Κόρινθος', '6963 595321', 1813.44, 'ID624750G', 11, NULL),
(654, 'Αχιλλεία Τσακαλάκου', 'Πάρ. Ρεπανιδίου 2,, 39625 Χαλκίδα', '210 665 5298', 2459.00, 'ID955042F', 7, NULL),
(655, 'Οδυσσεύς Τσέλιος', 'Φλαμπουρεσίου 49,, 83551 Αργοστόλι', '2710 389 960', 1050.00, 'ID863460G', 17, NULL),
(656, 'Ορέστης Λουράντος', 'Πάρ. Ημεροβιγλίου 4,, 652 76 Γρεβενά', '6939 195989', 1673.52, 'ID945200B', 1, NULL),
(657, 'Βαρθολομαίος Αετόπουλος', 'Χρυσής 11,, 34457 Καρδίτσα', '2990 634 117', 1656.48, 'ID852847F', 33, NULL),
(658, 'Κόσμια Αραπάκη', 'Αμάδων 15,, 86860 Ηγουμενίτσα', '+30 6992 631227', 2186.63, 'ID384656E', 39, NULL),
(659, 'Ζαχαρούλα Σταύρου', 'Πάρ. Απολπαίνης 934-234,, 66861 Ηγουμενίτσα', '(+30) 6983 129965', 1490.98, 'ID547087G', 16, NULL),
(660, 'Βασιλική Κουφάκη', 'Μανεσίου Πατρών 747,, ΤΚ 299 71 Χίος', '+30 2376 630978', 1981.18, 'ID637871E', 5, NULL),
(661, 'Επιστήμη Κουτσοβίδου', 'Νυμφών 47,, ΤΚ 574 10 Ρόδος', '+30 6975 924780', 806.45, 'ID547618E', 27, NULL),
(662, 'Νικολίτσα Κατσανίκου', 'Κουμπουριανών 26-83,, ΤΚ 01995 Βόλος', '2010 937 643', 2091.92, 'ID997316C', 15, NULL),
(663, 'Γαλήνη Κονσούλα', 'Λεωφόρος Δύο Χωρίων 41,, 985 71 Άμφισσα', '2720439228', 2029.36, 'ID387034E', 37, NULL),
(664, 'Ροδόφλος Λάκκας', 'Ραιδεστού 76,, 25174 Σπάρτη', '2966068545', 1531.76, 'ID599251E', 30, NULL),
(665, 'Πύρρος Καρατζαφέρης', 'Εβροπούλων 746,, ΤΚ 20120 Κόρινθος', '2763052020', 1161.81, 'ID294958D', 5, NULL),
(666, 'Βασίλης Ευαγγελάτος', 'Κετεσίδου 004,, ΤΚ 325 66 Κέρκυρα', '+302647772429', 1277.15, 'ID937175C', 7, NULL),
(667, 'Κλεονίκη Τοσούνη', 'Πλ. Βουταίνης 846-141,, ΤΚ 57408 Κατερίνη', '6905 460 458', 1253.71, 'ID196843D', 13, NULL),
(668, 'Αρχοντία-Ελένη Καφφέ', 'Πάρ. Πύλας 1,, 892 40 Πύργος', '6984 115391', 2471.02, 'ID222860F', 6, NULL),
(669, 'Σελήνη Κατσιμάλη', 'Γονούσσης 6,, ΤΚ 310 69 Ξάνθη', '6994290382', 1677.12, 'ID652646H', 21, NULL),
(670, 'Παντελής Πατσούρας', 'Πάροδος Ασκού 6,, 96108 Ηγουμενίτσα', '+306979918446', 2361.20, 'ID126988A', 18, NULL),
(671, 'Ροδόκλεια Κουκουβά', 'Αχλαδοκάστρου 44,, ΤΚ 043 52 Τρίπολη', '+302540784727', 2114.42, 'ID238185D', 30, NULL),
(672, 'Εριφύλη Σταμέλου', 'Παντίσκα 892-403,, 54899 Κιλκίς', '6920 641 336', 983.41, 'ID416397F', 13, NULL),
(673, 'Λαμπρινή Λιόντη', 'Δάφνη 730,, ΤΚ 986 24 Λάρισα', '2020 974363', 1601.26, 'ID981946E', 15, NULL),
(674, 'Καλομοίρα Λιάκου', 'Γούλα 0,, ΤΚ 02276 Αργοστόλι', '29230 27 339', 2029.92, 'ID982486C', 32, NULL),
(675, 'Τσαμπίκος Δούνης', 'Αναφωνητρίας 63-39,, 677 80 Ναύπλιο', '(+30) 2052 929600', 1772.99, 'ID933757F', 6, NULL),
(676, 'Αθηνοδώρα Σκασίλα', 'Αργυρούπολης 79-57,, 49520 Έδεσσα', '(+30) 6906 733404', 1027.09, 'ID234536D', 5, NULL),
(677, 'Παυσανίας Γιαννακίτσας', 'Καρυοβουνίου 4,, ΤΚ 323 09 Κοζάνη', '+302253599418', 2484.03, 'ID783726F', 21, NULL),
(678, 'Απόλλων-Δημόκριτος Κατσαντώνης', 'Νεύρα 01,, ΤΚ 662 77 Κέρκυρα', '6961 972126', 1838.37, 'ID371506B', 15, NULL),
(679, 'Καλυψώ Ντριβαλά', 'Ερμιόνης 217-917,, 948 71 Ηράκλειο', '210 8519858', 1799.68, 'ID698797A', 21, NULL),
(680, 'Κλεόπας Βιδαλάκης', 'Λεωφ. Γοργοποτάμου 9,, ΤΚ 477 48 Ξάνθη', '6937 715033', 1965.01, 'ID101201H', 4, NULL),
(681, 'Αγαπητός Νάστος', 'Κανελλή 339-293,, 49710 Ηγουμενίτσα', '210 867 1580', 1493.07, 'ID881182B', 34, NULL),
(682, 'Πρόδρομος Κατσιλής', 'Τζιωρτζή 49,, 810 44 Ερμούπολη', '(+30) 2663 574630', 1685.46, 'ID271158E', 28, NULL),
(683, 'Μελέτιος Νανούρης', 'Στράτου 7,, ΤΚ 40195 Αγ. Νικόλαος', '2560822748', 2283.72, 'ID759549D', 17, NULL),
(684, 'Περικλεία Δανδανίδου', 'Λατζοΐου 61-46,, 80961 Καρδίτσα', '28650 33 500', 2490.73, 'ID437657A', 35, NULL),
(685, 'Σουμέλα Μιχαλάρου', 'Διποταμιάς 926-475,, ΤΚ 60069 Πρέβεζα', '(+30) 6900 869388', 1613.36, 'ID966374C', 2, NULL),
(686, 'Γαρυφαλλιά Ζερβά', 'Πλ. Αετολόφου 250-861,, ΤΚ 081 29 Σάμος', '6921 431 163', 1052.63, 'ID799199F', 32, NULL),
(687, 'Ιάσων Ρίσβας', 'Σταμάτας 173,, ΤΚ 861 18 Ηράκλειο', '2590 728 630', 2245.33, 'ID716544B', 23, NULL),
(688, 'Δημοκράτης Μπαλταγιάννης', 'Σακκή 08,, 797 51 Μεσολόγγι', '(+30) 2197 188086', 2273.48, 'ID663545D', 29, NULL),
(689, 'Σώζων Τολούδης', 'Λεωφ. Τήνου 17,, ΤΚ 062 90 Βέροια', '+30 2550 189894', 1533.64, 'ID669936G', 32, NULL),
(690, 'Όμηρος Κωσταλής', 'Μενεμένης 0,, ΤΚ 945 94 Κιλκίς', '2920959931', 1077.48, 'ID949184G', 8, NULL),
(691, 'Ιορδανία Αλυσανδράτου', 'Πύργου 31,, 25196 Τρίπολη', '+306928685100', 1610.96, 'ID874412F', 1, NULL),
(692, 'Σπυράννα Νάσσου', 'Πλ. Αλμυροποτάμου 690,, ΤΚ 01222 Λάρισα', '210 562 4188', 989.53, 'ID248399E', 18, NULL),
(693, 'Μελπομένη Συμεωνίδου', 'Ερεσού 110,, ΤΚ 207 90 Λάρισα', '2101044666', 2460.07, 'ID164093F', 18, NULL),
(694, 'Ξενοφών-Ιπποκράτης Γρατσιάς', 'Ελευθερών 3,, 091 17 Χίος', '2140 840 962', 1083.10, 'ID819337E', 19, NULL),
(695, 'Παναγής Ταβερναράκης', 'Ταρσινών 461-320,, 746 08 Καρπενήσι', '(+30) 6991 950896', 2116.14, 'ID477464B', 21, NULL),
(696, 'Σουλτάνα Ταφραλή', 'Μαλίμη 92,, 62967 Μυτιλήνη', '2700167619', 1818.97, 'ID918333H', 7, NULL),
(697, 'Άνθιμος Τσατσάνης', 'Πλ. Δρακόνας 50-83,, 36865 Βέροια', '6932 957155', 2210.84, 'ID224835B', 28, NULL),
(698, 'Φλώρα Ζωντανού', 'Λεωφ. Συκορράχης 854,, 720 91 Καλαμάτα', '210 7490159', 1441.40, 'ID247891D', 20, NULL),
(699, 'Παναγής Μαυρουδής', 'Παππά 85,, 204 01 Άρτα', '+306907661990', 2469.93, 'ID590966H', 2, NULL),
(700, 'Παναγιώτης Γιωτάκης', 'Κεφαλά 00,, ΤΚ 016 53 Βέροια', '24870 12 472', 1783.92, 'ID798005H', 13, NULL),
(701, 'Ρήγας Κακοσαίος', 'Μελισσίων 36,, ΤΚ 33642 Άμφισσα', '2721037533', 2069.27, 'ID284196E', 7, NULL),
(702, 'Ζαχαρίας Βώσσος', 'Στασιού 01,, ΤΚ 796 67 Ρέθυμνο', '2320069374', 889.32, 'ID506857H', 17, NULL),
(703, 'Κλεόβουλος Πετρόπουλος', 'Παπανδρικοπούλου 1,, 81939 Πύργος', '(+30) 6965 118501', 1078.27, 'ID546841F', 24, NULL),
(704, 'Ίκαρος Γιαννόπουλος', 'Μεριάς 24,, 80265 Χαλκίδα', '6910693383', 1372.37, 'ID710025D', 30, NULL),
(705, 'Θεόπιστος Γενετζάκης', 'Πάροδος Γραικικού 32,, ΤΚ 04356 Χανιά', '210 186 1485', 1235.39, 'ID970891B', 10, NULL),
(706, 'Σεραφείμ Ζούνης', 'Λεωφόρος Φιλοτίου 8,, 33516 Ζάκυνθος', '+30 2826 026582', 2459.42, 'ID704789H', 24, NULL),
(707, 'Ραλλία Καρκανάκη', 'Λητής 376,, ΤΚ 31798 Βόλος', '6967789866', 860.66, 'ID722785F', 17, NULL),
(708, 'Σόλων Ζηδιανάκης', 'Πλατεία Μεταξάδας 77-16,, 01041 Καστοριά', '210 318 1070', 2394.56, 'ID653032E', 23, NULL),
(709, 'Παναγής-Χαρίτος Κιοσές', 'Εξανθείας 66,, ΤΚ 07086 Σέρρες', '6919 054285', 1440.86, 'ID288962H', 38, NULL),
(710, 'Δημήτρης Παπαδάκης', 'Συρμού 6,, 42726 Σάμος', '2435089042', 893.31, 'ID305783D', 20, NULL),
(711, 'Συμεών Αγγελόπουλος', 'Πιάνας 15,, ΤΚ 257 69 Ξάνθη', '6954533650', 1841.86, 'ID850131A', 37, NULL),
(712, 'Συμεωνία Τριανταφύλλου', 'Μαγούλας 3,, 67684 Μυτιλήνη', '210 4488190', 1906.90, 'ID955213H', 17, NULL),
(713, 'Πλάτων Τασιούλας', 'Μύλων 04,, ΤΚ 585 03 Ηράκλειο', '+30 2483 457237', 1955.18, 'ID294871A', 12, NULL),
(714, 'Σωκράτης Καρυπίδης', 'Λευκοτόπου 440,, 50799 Ρέθυμνο', '2610 792823', 1666.23, 'ID284975B', 21, NULL),
(715, 'Μαργιέττα-Ευσταθία Κουφάκη', 'Γρίβας 79,, 998 76 Κομοτηνή', '2550760171', 1401.69, 'ID548864C', 29, NULL),
(716, 'Ιουλιανός-Θέμης Κουρσουμίδης', 'Βροντερού 3,, 01428 Βόλος', '+306902532631', 2236.71, 'ID735140C', 2, NULL),
(717, 'Αχιλλέας Δουβίκας', 'Κοφινάκη 37,, ΤΚ 26994 Καβάλα', '2220051759', 1474.22, 'ID666969C', 27, NULL),
(718, 'Ερατώ Δημητριάδου', 'Δόλιανης 7,, 36147 Τρίπολη', '2920313268', 1503.45, 'ID791030C', 6, NULL),
(719, 'Στυλιανή Κωνσταντινίδου', 'Λεωφόρος Φύσκας 3,, ΤΚ 29630 Ξάνθη', '2092040660', 1538.76, 'ID678734F', 37, NULL),
(720, 'Ιωάννα Κουτσουρέλη', 'Σταθά 06,, 680 69 Ερμούπολη', '2440086648', 1735.81, 'ID982326H', 40, NULL),
(721, 'Χαρίτος Τζέκος', 'Πάρ. Πετροβούνιον 38,, 38780 Κομοτηνή', '6999 634 868', 916.83, 'ID231090G', 39, NULL),
(722, 'Χλόη Δώρη', 'Παπαθωμά 38,, ΤΚ 813 55 Μεσολόγγι', '210 429 6413', 2263.65, 'ID262530D', 15, NULL),
(723, 'Στέργιος Πέππας', 'Δεσινού 974-419,, ΤΚ 24822 Καστοριά', '210 1771749', 1982.49, 'ID275743B', 33, NULL),
(724, 'Εμμανουήλ Παπουλής', 'Χριστοδούλου 72-47,, 74308 Ναύπλιο', '2840 968406', 1767.29, 'ID964103D', 21, NULL),
(725, 'Ταξίαρχος Δουβρόπουλος', 'Φουρνάς 94,, 34645 Σπάρτη', '2630 284 875', 1906.01, 'ID201452G', 36, NULL),
(726, 'Ιορδανία Ιωσηφίδου', 'Σωσάνδρας 1,, 906 35 Ιωάννινα', '6949625217', 1893.12, 'ID518869C', 15, NULL),
(727, 'Θεόκλητος Τσεντούρος', 'Στύλιας 51,, ΤΚ 254 15 Θεσσαλονίκη', '2930697435', 1731.34, 'ID638256F', 27, NULL),
(728, 'Κοσμάς Φανουργάκης', 'Σικίνου 75-90,, ΤΚ 92212 Ζάκυνθος', '22360 62 586', 1204.00, 'ID241086E', 35, NULL),
(729, 'Χρύσανθος Παπαευαγγελίου', 'Επάνω Βαθείας 3,, ΤΚ 45681 Κόρινθος', '+306946395224', 1794.85, 'ID315906G', 19, NULL),
(730, 'Θεόδωρος Τσιάκος', 'Πλατεία Κυψέλης 76,, ΤΚ 450 57 Πύργος', '2110 255 855', 1005.76, 'ID946902H', 34, NULL),
(731, 'Μηνάς Τυμβίου', 'Αργυρού 329,, 790 26 Δράμα', '+306984615820', 2162.66, 'ID868126D', 11, NULL),
(732, 'Ροδιά Πιπερίδη', 'Διομηδείας 83,, ΤΚ 49685 Πολύγυρος', '+302353551472', 1621.26, 'ID618895C', 17, NULL),
(733, 'Κρυστάλλης Σουρμπής', 'Μιχαλάρου 2,, ΤΚ 395 20 Πύργος', '6989 254461', 2252.18, 'ID305024F', 2, NULL),
(734, 'Ευτέρπη Παπαδημητροπούλου', 'Κορακοβουνίου 71-60,, ΤΚ 43536 Κιλκίς', '(+30) 6981 181308', 2371.33, 'ID230999B', 1, NULL),
(735, 'Δανιήλ-Ευάγγελος Δάρας', 'Αρχοντικής 27-91,, 77668 Πάτρα', '+306969364418', 2086.49, 'ID477091B', 5, NULL),
(736, 'Κυριαζής Σιώμος', 'Γούλα 51,, 148 96 Ρόδος', '+30 6938 620125', 1383.76, 'ID972968B', 21, NULL),
(737, 'Κλημεντίνη Στυλιανίδου', 'Πλατεία Ελευθεροχωρίου 28,, ΤΚ 63277 Ξάνθη', '2170 488620', 1094.51, 'ID862770G', 21, NULL),
(738, 'Λασκαρίνα Πατελλή', 'Μεγάλου Ευυδρίου 83,, 04833 Άρτα', '+306954702116', 920.24, 'ID808379E', 3, NULL),
(739, 'Παναγιώτα Μαστρογιαννίδου', 'Μαυρολόφου 225,, ΤΚ 570 10 Ναύπλιο', '6916 911 481', 2160.52, 'ID379357E', 36, NULL),
(740, 'Κλήμης Κουλίζος', 'Κουζουλά 607-950,, 36327 Δράμα', '2109630326', 1919.86, 'ID680550F', 23, NULL),
(741, 'Καλή Κωτούλα', 'Αντιμαχείας 75,, ΤΚ 048 32 Σπάρτη', '(+30) 2248 564909', 1322.95, 'ID347423H', 9, NULL),
(742, 'Λέανδρος Ακριώτης', 'Λεωφ. Μοίρας 11-32,, ΤΚ 57831 Πύργος', '(+30) 2658 632955', 999.54, 'ID898772A', 8, NULL),
(743, 'Κηρύκος Γκάγκας', 'Πλατεία Δομιανών 2,, ΤΚ 376 57 Άμφισσα', '2751096691', 1998.44, 'ID694039D', 16, NULL),
(744, 'Χρύσανθος Αναστασόπουλος', 'Ψυρρή 9,, 46243 Λιβαδιά', '+30 6907 232264', 2083.90, 'ID191489H', 36, NULL),
(745, 'Φοίβη Τσακαλάκου', 'Νυμφών 37,, ΤΚ 69351 Αργοστόλι', '2022023573', 2188.33, 'ID164427F', 11, NULL),
(746, 'Θεοφάνης Καπατσώρης', 'Πλ. Φωλεάς 18,, ΤΚ 58945 Τρίπολη', '2580 879 544', 2363.27, 'ID347425B', 36, NULL),
(747, 'Παράσχος Τσαγκρασούλης', 'Μαραθούσσης 24,, 83879 Χίος', '2815033189', 1596.08, 'ID365594B', 10, NULL),
(748, 'Διαλεκτή-Μαριάννα Δούβαλη', 'Κονιδίτσης 11,, ΤΚ 299 08 Μεσολόγγι', '2258008268', 2086.35, 'ID361185A', 8, NULL),
(749, 'Ρόζα Σκυλογιάννη', 'Ζίτσης 3,, 21478 Βόλος', '+30 2829 519574', 2109.88, 'ID875065A', 3, NULL),
(750, 'Αγαθάγγελος Πίτσης', 'Μουζακίου 88-78,, 61947 Λευκάδα', '+306928399431', 2325.91, 'ID355595H', 24, NULL),
(751, 'Προδρομία Δημοπούλου', 'Καταλωνίων 565,, ΤΚ 43091 Λάρισα', '(+30) 2733 317526', 1212.37, 'ID742241E', 8, NULL),
(752, 'Υβόννη-Κοραλία Παπαχρήστου', 'Πάρ. Παύλιας 43,, 498 83 Καρπενήσι', '2101096234', 1374.40, 'ID156930A', 34, NULL),
(753, 'Ερμόλαος Κωνσταντάς', 'Καστανοφύτου 22-91,, ΤΚ 478 59 Σπάρτη', '2590796326', 1137.92, 'ID772168E', 21, NULL),
(754, 'Συμεών Γραμματικόπουλος', 'Ατσιχόλου 679-954,, 16226 Χίος', '2150944898', 951.65, 'ID699148E', 19, NULL),
(755, 'Ευστάθιος Κώττας', 'Αγίας Μαύρας 95,, 47832 Καλαμάτα', '+30 2424 153332', 1721.06, 'ID195403F', 29, NULL),
(756, 'Στεργιαννώ Μποζίκη', 'Πλατεία Ιππείου 83,, ΤΚ 153 47 Ηράκλειο', '24690 94 149', 1301.55, 'ID551112G', 20, NULL),
(757, 'Ιούλιος Κουτχιάς', 'Μεγάλου Βάλτου 3,, 369 12 Πύργος', '28430 07 959', 2388.50, 'ID806567A', 20, NULL),
(758, 'Θεοτόκης Παρασκευόπουλος', 'Παλαιού Φαλήρου 8,, 58345 Χανιά', '2420 909561', 2104.11, 'ID568281F', 8, NULL),
(759, 'Γεσθημανή Γεωργή', 'Λεωφόρος Ιεραπέτρας 9,, 78110 Αγ. Νικόλαος', '210 214 8775', 1177.68, 'ID875633D', 13, NULL),
(760, 'Φανή Τσετσέρη', 'Κολτσάκη 70,, 182 31 Χαλκίδα', '210 3084152', 2352.18, 'ID679107F', 23, NULL),
(761, 'Θεόφραστος Θωμάς', 'Μαυροκκλησίου 94-14,, 00655 Ναύπλιο', '+302618521146', 1168.66, 'ID103331C', 15, NULL),
(762, 'Κομνηνός Πλιάτσικας', 'Νικαίας 34,, ΤΚ 542 32 Μεσολόγγι', '+306917278467', 2059.55, 'ID945778A', 10, NULL),
(763, 'Πολύδωρος Αγγελής', 'Πάροδος Αγίου Νικολάου Βοιών 63-92,, 443 75 Χαλκίδα', '+30 2348 264439', 886.61, 'ID628963H', 38, NULL),
(764, 'Κλαίρη Ανανιάδου', 'Λεχόβου 21,, ΤΚ 42000 Λευκάδα', '(+30) 2212 833620', 2395.51, 'ID851191B', 15, NULL),
(765, 'Αδαμάντιος-Μαρτίνος Κατσαντώνης', 'Κατοχής 0,, 273 03 Ναύπλιο', '6977 769 626', 2419.22, 'ID343369D', 39, NULL),
(766, 'Σιρανούς Πιάγκος', 'Πάροδος Τρυπητής 3,, 32685 Κατερίνη', '+30 2650 545954', 2144.42, 'ID591538A', 12, NULL),
(767, 'Λέανδρος Τσοπανίδης', 'Πάρ. Πιστιανών 05,, 32024 Κόρινθος', '6983 051 746', 1801.15, 'ID656360D', 20, NULL),
(768, 'Ταξιάρχης Ξανθάκης', 'Πλ. Γρηγορίας 41,, 599 29 Τρίπολη', '2107027755', 2475.77, 'ID552187A', 30, NULL),
(769, 'Δήμητρα Μωραΐτη', 'Πάρ. Πύργου Διρού 749-737,, ΤΚ 60787 Μυτιλήνη', '6951249636', 841.29, 'ID422356B', 2, NULL),
(770, 'Αντώνιος Μαυρικάκης', 'Κολαΐτου 309,, 68135 Ιωάννινα', '+30 2425 969354', 2243.82, 'ID143208F', 38, NULL),
(771, 'Αμαλία Τσαμπούρη', 'Χριστοφόρη 60,, ΤΚ 222 00 Τρίπολη', '210 3497999', 1922.75, 'ID835927B', 2, NULL),
(772, 'Ασημίνα Μανοπούλου', 'Κίρρας 71,, ΤΚ 365 18 Λευκάδα', '6963994870', 2327.40, 'ID251354D', 39, NULL),
(773, 'Ειρηναίος Δημόπουλος', 'Βαλτεσινίκου 14,, ΤΚ 159 49 Τρίκαλα', '210 4693881', 1548.94, 'ID103417G', 9, NULL),
(774, 'Χρυσούλα-Μόσχα Μυτάρη', 'Ντάνου 898-408,, ΤΚ 774 98 Αλεξανδρούπολη', '2104534385', 1649.12, 'ID665817C', 23, NULL),
(775, 'Κυβέλη Μυτάρη', 'Καλούδη 10,, ΤΚ 408 64 Λάρισα', '+302947674670', 1702.57, 'ID845060G', 31, NULL),
(776, 'Ραφαήλ Θωμάς', 'Τυμφρηστού 0,, 72812 Καβάλα', '210 168 2310', 1279.90, 'ID300657E', 25, NULL),
(777, 'Ευφροσύνη Ασσαργιωτάκη', 'Πλ. Κατωγής 70,, 31766 Αργοστόλι', '6919 729518', 1841.45, 'ID718898C', 1, NULL),
(778, 'Ζαμπέτα Διοπούλου', 'Παπανώτα 2,, 498 39 Ηγουμενίτσα', '210 999 2818', 958.59, 'ID808558H', 28, NULL),
(779, 'Φλωρίνα Ανεζάκη', 'Σοκολάκη 3,, ΤΚ 503 14 Ηράκλειο', '2102732498', 2434.11, 'ID575977G', 18, NULL),
(780, 'Λυδία-Γιολάντα Μαγκαφοπούλου', 'Γόμφων 74,, 49048 Τρίκαλα', '6959 257920', 2141.23, 'ID348742A', 36, NULL),
(781, 'Θέμις Κατσανίκου', 'Λεωφ. Αρβανίτη 90,, 24235 Μεσολόγγι', '(+30) 2327 555526', 1675.35, 'ID431525B', 10, NULL),
(782, 'Ζηνόβιος Κωστόπουλος', 'Λακήθρας 64,, 80588 Αργοστόλι', '6944918231', 1702.39, 'ID777217D', 11, NULL),
(783, 'Ευμορφία Παπαδήμα', 'Πυργούς 06,, ΤΚ 746 00 Τρίπολη', '2050974816', 1853.41, 'ID493433C', 28, NULL),
(784, 'Λεωνίδας Αντωνιάδης', 'Σοπίου 8,, 680 86 Αθήνα', '2970697522', 1393.05, 'ID409594D', 35, NULL),
(785, 'Ραφαήλ-Μαυρούδης Σφούνης', 'Κετεσίδου 54,, 94743 Γρεβενά', '2080 495 745', 1533.47, 'ID680090B', 22, NULL),
(786, 'Χάρις-Σταμάτιος Μασόπουλος', 'Αγκαιριάς 799-463,, ΤΚ 028 21 Κοζάνη', '2670 031 224', 1182.23, 'ID484625F', 38, NULL),
(787, 'Αθηνά-Μαρία Χατζηχαρίστου', 'Καλογιαννάκη 12,, 59361 Κομοτηνή', '2570039737', 1328.30, 'ID443759A', 16, NULL),
(788, 'Ζαφείριος Τσέλλος', 'Κροκίου 667,, ΤΚ 38166 Ηγουμενίτσα', '210 679 3600', 1220.34, 'ID423819A', 12, NULL),
(789, 'Υπαπαντή Κονιάρη', 'Πάροδος Αγίων Παρασκιών 12-14,, ΤΚ 48821 Λευκάδα', '6948335170', 815.93, 'ID323043C', 20, NULL),
(790, 'Σταματίνα Ορφανίδου', 'Πολυδώρου 253,, ΤΚ 325 17 Αλεξανδρούπολη', '+306976163192', 1173.09, 'ID337655G', 24, NULL),
(791, 'Ανάργυρος-Ευάγγελος Μποτσώλης', 'Βιλιβίνης 3,, 47201 Λιβαδιά', '23650 48 820', 984.98, 'ID574795A', 37, NULL),
(792, 'Μεταξία Χατζηχαρίστου', 'Βλάσση 891-832,, ΤΚ 387 56 Λαμία', '2160 389365', 1541.36, 'ID309231F', 37, NULL),
(793, 'Φωκάς Γερόπουλος', 'Λογκάκη 055,, ΤΚ 839 52 Δράμα', '(+30) 6919 872631', 1043.50, 'ID349753G', 31, NULL),
(794, 'Ιορδάνης Βούκας', 'Χαντζή 88,, 397 70 Χίος', '6930473705', 1796.67, 'ID711519G', 30, NULL),
(795, 'Αναστασία Δαγλή', 'Λεωφ. Τριγωνικού 92,, 14217 Φλώρινα', '+30 2664 545404', 2430.74, 'ID787097H', 10, NULL),
(796, 'Πουλχερία-Ευγενία Μισίδου', 'Φολόης 10,, ΤΚ 10920 Σπάρτη', '+30 2778 012581', 2265.94, 'ID267530F', 30, NULL),
(797, 'Συμεωνία Ψυχάρη', 'Λογκάκη 2,, ΤΚ 46689 Ιωάννινα', '(+30) 6964 084957', 1726.24, 'ID707795H', 35, NULL),
(798, 'Ερρίκος-Θρασύβουλος Χριστακόπουλος', 'Μπελέκου 23-90,, ΤΚ 28770 Αργοστόλι', '+302880581277', 1058.75, 'ID145908B', 1, NULL),
(799, 'Σαπφώ-Ιουλιανή Φιδάνη', 'Λεοντίτου 613-790,, 92720 Ζάκυνθος', '29860 29 880', 1393.05, 'ID536018D', 19, NULL),
(800, 'Νίκος Τζαλλας', 'Αμπελιάς 17,, 987 52 Χανιά', '+30 2712 199449', 1489.50, 'ID761430E', 12, NULL),
(801, 'Ρωξάνη Τζιγκούρα', 'Μεσαίου 389,, 480 52 Έδεσσα', '210 0217519', 1811.58, 'ID207049C', 32, NULL),
(802, 'Θεολόγος-Αριστομένης Φωτόπουλος', 'Αγίων Θεοδώρων 722-392,, ΤΚ 43839 Θεσσαλονίκη', '2970 878645', 2332.62, 'ID289289A', 32, NULL),
(803, 'Λογοθέτης Γρετός', 'Τυμβίου 80,, 97914 Λάρισα', '6964 738 102', 2048.07, 'ID486978B', 32, NULL),
(804, 'Ιάσονας-Ησαΐας Τζιάβας', 'Αγρού 9,, 504 40 Τρίκαλα', '(+30) 6928 676034', 1421.52, 'ID878842H', 3, NULL),
(805, 'Ηλιάνα Μπατσάκη', 'Σουστιάνων 478-526,, 72777 Τρίκαλα', '+302427048922', 2295.04, 'ID826413G', 12, NULL),
(806, 'Ευστάθιος-Αρτέμης Ραφιός', 'Χρυσοστόμου 01,, ΤΚ 01618 Ηράκλειο', '2090332161', 1761.51, 'ID228414G', 23, NULL),
(807, 'Βενιζέλος Κατσογιάννης', 'Σούγιας 67-50,, 460 46 Σάμος', '(+30) 6955 713081', 2477.06, 'ID535980A', 5, NULL),
(808, 'Φερενίκη Παπανικολάου', 'Χαλκείου 711,, 22993 Χίος', '25100 80 451', 1475.00, 'ID797149A', 20, NULL),
(809, 'Ευμένιος Κατσιλής', 'Αγγελουσοπούλου 1,, ΤΚ 040 97 Κατερίνη', '2910 654 141', 986.25, 'ID249242A', 38, NULL),
(810, 'Ταξίαρχος-Τηλέμαχος Βιδαλάκης', 'Πλ. Λογκανίκου 6,, 519 96 Άμφισσα', '2320 772 917', 2291.52, 'ID987701H', 22, NULL),
(811, 'Χαρίλαος Κωστούλας', 'Κοτρώτσου 94,, 502 20 Κιλκίς', '2102863862', 1062.69, 'ID608844F', 32, NULL),
(812, 'Σοφία Λίτσιου', 'Πάροδος Βρυσέλλας 124,, 01306 Κέρκυρα', '+30 2468 133333', 1450.71, 'ID140263G', 4, NULL),
(813, 'Σπυρίδων Καλιτσουνάκης', 'Μηνά 80-60,, 904 54 Κιλκίς', '(+30) 2370 490931', 1468.97, 'ID353899G', 4, NULL),
(814, 'Ελευθερία Περουλάκη', 'Νερομύλου 253-672,, 20652 Καρπενήσι', '+30 6906 102031', 1558.96, 'ID621728A', 30, NULL),
(815, 'Διογένης Σεφέκος', 'Αγίας Κυριακής 798,, 66812 Ναύπλιο', '2990 251595', 1242.96, 'ID697173C', 26, NULL),
(816, 'Σαράντης Αντωνάκος', 'Πάροδος Κροκίου 64,, 31993 Καστοριά', '6934 354984', 2406.96, 'ID991525G', 34, NULL),
(817, 'Άρης Σκόρδος', 'Αλεξανδράκη 32,, 77316 Μεσολόγγι', '2510300861', 1517.51, 'ID316788B', 11, NULL),
(818, 'Καλλιρόη-Ελισάβετ Κασκαούτη', 'Νεύρα 2,, 55438 Βέροια', '+30 6944 958544', 1504.25, 'ID186072D', 13, NULL),
(819, 'Ευτέρπη-Γραμματική Λέκκα', 'Πενταβρύσου 736-164,, 958 72 Κιλκίς', '6936890417', 990.73, 'ID118236F', 14, NULL),
(820, 'Νίκανδρος Ρέντας', 'Βρεστού 5,, ΤΚ 494 88 Πύργος', '6924237319', 993.78, 'ID857022C', 6, NULL),
(821, 'Ζαχαρούλα Ραυτοπούλου', 'Πάροδος Γιρομερίου 25,, ΤΚ 98026 Βόλος', '2430 909 477', 1309.29, 'ID498688E', 38, NULL),
(822, 'Απολλωνία Παπατζήκα', 'Αράξου 514-131,, 64499 Κατερίνη', '+306930336185', 1371.45, 'ID177371H', 9, NULL),
(823, 'Καλλιρόη Σταθά', 'Αγραφιώτη 86,, ΤΚ 64089 Άρτα', '(+30) 2891 193385', 2189.34, 'ID321785E', 22, NULL),
(824, 'Άριστος Ζηδιανάκης', 'Υφαντή 10,, ΤΚ 37602 Καβάλα', '2340728148', 1795.26, 'ID154812D', 5, NULL),
(825, 'Ιοκάστη Αδαμοπούλου', 'Καρτεράδου 14,, 53429 Χαλκίδα', '(+30) 2796 105048', 2448.34, 'ID110620D', 13, NULL),
(826, 'Αγγελική Λουμπούτσκου', 'Ιάσιον 598,, ΤΚ 44318 Αγ. Νικόλαος', '2109643037', 2358.09, 'ID315889A', 3, NULL),
(827, 'Ματθαίος Φωτογλίδης', 'Νικολάτου 3,, 768 61 Ρόδος', '+306995748575', 987.69, 'ID923260B', 15, NULL),
(828, 'Σαλώμη Λίτσιου', 'Κουκκουλίου 378,, 29720 Χαλκίδα', '+302213744660', 2465.30, 'ID867654C', 6, NULL),
(829, 'Προκόπιος Αλαφάκης', 'Πλώρας 66,, 58739 Αθήνα', '210 563 0456', 1664.49, 'ID289610C', 4, NULL),
(830, 'Αντύπας-Δωρόθεος Πλιάτσικας', 'Διχομοιρίου 1,, 58498 Θεσσαλονίκη', '2482071056', 2474.32, 'ID521225C', 25, NULL),
(831, 'Γαβριήλ-Όμηρος Μποτώνης', 'Ποντοκερασέας 9,, 17194 Σάμος', '2310 062 280', 1431.55, 'ID622902C', 15, NULL),
(832, 'Βασιλική Μπαλτατζή', 'Βοθιανών 6,, ΤΚ 04999 Αθήνα', '6961 392505', 1677.79, 'ID765109F', 24, NULL),
(833, 'Θεοφάνης Νάστος', 'Μαραθιάς 8,, 98917 Κομοτηνή', '6902 169214', 1248.03, 'ID588687E', 27, NULL),
(834, 'Λητώ Παλαμπουγιούκη', 'Γιαννοπούλων 4,, 83314 Χαλκίδα', '2661067819', 1324.34, 'ID562470D', 1, NULL),
(835, 'Μαργαρίτα Κουτσούμπεη', 'Λεωφ. Κριεζών 20,, ΤΚ 188 50 Σέρρες', '(+30) 2214 048440', 1483.76, 'ID297146C', 39, NULL),
(836, 'Ζαμπία-Κοραλία Βαΐου', 'Γρατίνη 73,, ΤΚ 10816 Κέρκυρα', '+30 6959 575727', 1822.00, 'ID310464D', 27, NULL),
(837, 'Ιππόλυτος Πολυχρονόπουλος', 'Βασιλικής 38,, 39894 Πύργος', '+30 2567 872604', 1453.43, 'ID117420D', 2, NULL),
(838, 'Αντώνιος Μπλιατσίου', 'Αγίου Γεωργίου Λασιθίου 41-17,, 30239 Ιωάννινα', '+30 2627 614108', 1851.03, 'ID685053E', 35, NULL),
(839, 'Παύλος Κουρής', 'Συρρίζου 636,, ΤΚ 13810 Κομοτηνή', '+30 6997 161805', 1312.70, 'ID185045D', 21, NULL),
(840, 'Τρύφων Δρουλιάς', 'Βούλας 004,, 76133 Πάτρα', '+302219198122', 1751.12, 'ID678996F', 15, NULL),
(841, 'Ισμήνη-Μινέρβα Μπονέλη', 'Πλατεία Τετραλόφου 20,, 30819 Καλαμάτα', '(+30) 6923 264025', 1859.44, 'ID615721B', 23, NULL),
(842, 'Ρίζος-Λεονάρδος Ζηματίκας', 'Ηλιοκάστρου 147,, 148 25 Ξάνθη', '2910332387', 2113.18, 'ID919093H', 32, NULL),
(843, 'Διαμαντούλα Τσώνη', 'Σιόλου 55-09,, 47855 Πύργος', '6952 887 455', 1237.40, 'ID390635H', 39, NULL),
(844, 'Ορέστης Ισάρης', 'Φιλοτίου 27,, 59082 Λάρισα', '+30 2113 473605', 2346.84, 'ID240863E', 11, NULL),
(845, 'Φιλιππία Κουτσουνάκη', 'Βλάσση 882,, ΤΚ 148 97 Ρέθυμνο', '210 454 4588', 2178.76, 'ID924348A', 11, NULL),
(846, 'Απόστολος Λάκκας', 'Πλ. Μελάνων 7,, ΤΚ 015 24 Σέρρες', '26230 37 821', 1929.09, 'ID713523C', 24, NULL),
(847, 'Ξανθίππη Αγγελάκη', 'Πλατεία Βαργιάνης 67,, 10541 Κομοτηνή', '+302931374996', 1375.88, 'ID275047H', 4, NULL),
(848, 'Θεοδόσης Παπαδόπουλος', 'Ανθοχωρίου Δωδώνης 737,, 99011 Ηράκλειο', '+30 6927 403926', 2242.14, 'ID336165F', 17, NULL),
(849, 'Φαίδρα Πέττα', 'Πουλιάση 596,, 887 07 Έδεσσα', '24060 25 972', 1478.07, 'ID952929C', 33, NULL),
(850, 'Λαμπρινή Αντωνάκη', 'Τσακαλάκου 35,, ΤΚ 70243 Χανιά', '6998 389 885', 2304.31, 'ID689176A', 29, NULL),
(851, 'Γιάννης Αετόπουλος', 'Δούβαλη 67,, ΤΚ 67227 Πολύγυρος', '21200 85 118', 1689.68, 'ID811213G', 32, NULL),
(852, 'Βάγια Γιακαμόζη', 'Αμπελίων 73-40,, 736 71 Ναύπλιο', '210 190 2877', 1634.86, 'ID994056F', 18, NULL),
(853, 'Σεβαστή-Μάρθα Ζεγλίνα', 'Καραογλάνη 136,, ΤΚ 96893 Γρεβενά', '210 557 0430', 1063.07, 'ID876133C', 15, NULL),
(854, 'Ζησούλα Χριστοπούλου', 'Νεοκάστρου 48-51,, 46940 Τρίπολη', '+30 6989 391050', 2472.57, 'ID427378B', 1, NULL),
(855, 'Θεμιστοκλής Γραμματικόπουλος', 'Πάρ. Σαλμώνης 897-754,, 050 92 Χίος', '2360 381 684', 2347.18, 'ID687828A', 23, NULL),
(856, 'Θεοφανία Μπότζα', 'Αγγελώνας 9,, ΤΚ 612 77 Λάρισα', '2720586831', 1391.27, 'ID590572B', 31, NULL),
(857, 'Σάββας Κορδατζής', 'Πάροδος Αμφιθέας 4,, 52969 Μεσολόγγι', '6927996038', 1987.59, 'ID484998A', 34, NULL),
(858, 'Ευθαλία Τσακίρη', 'Λόφων 1,, 55504 Λιβαδιά', '6905 674 993', 2125.16, 'ID812385B', 9, NULL),
(859, 'Ελπίς Ποσάντζη', 'Ρεγκινίου 79,, 59990 Ναύπλιο', '6946 597406', 1053.29, 'ID750304E', 13, NULL),
(860, 'Άννα Παντίσκα', 'Πλ. Ροδοχωρίου 83,, 10732 Κόρινθος', '+306989003638', 1372.86, 'ID101972C', 10, NULL),
(861, 'Κλυταιμνήστρα Ευαγγελάκη', 'Βασαρά 86,, ΤΚ 805 41 Σπάρτη', '+302340413170', 2490.92, 'ID512227C', 40, NULL),
(862, 'Περικλής-Αναστάσιος Καλαργυρός', 'Βασιλατίκων 485-360,, 29970 Βόλος', '(+30) 6910 193271', 1082.26, 'ID901754E', 14, NULL),
(863, 'Θεόκλητος Μπλανάς', 'Δέσης 72,, 17197 Πολύγυρος', '2670328683', 954.79, 'ID237842H', 27, NULL),
(864, 'Παυλίνα Πανκίδου', 'Νεροτριβιάς 34,, 50947 Ιωάννινα', '6990369226', 2243.90, 'ID843521H', 10, NULL),
(865, 'Παναγής Βορλόκας', 'Ασέας 373-346,, 91585 Χίος', '2990 808206', 2415.06, 'ID990316G', 17, NULL),
(866, 'Κομνηνός Κουτσογιάννόπουλος', 'Κλήματος Ευπαλίου 89,, 38570 Αλεξανδρούπολη', '6985774444', 1667.48, 'ID337816F', 18, NULL),
(867, 'Ροδιά Τόμπρη', 'Τερψιθέας 513-977,, 033 40 Θεσσαλονίκη', '+302932558954', 1984.18, 'ID526277C', 9, NULL),
(868, 'Γεωργία Καραμανλή', 'Πλατεία Προφήτης Ηλίας 853,, 62728 Ηράκλειο', '6962 898 260', 1766.47, 'ID369708C', 4, NULL),
(869, 'Ελευθερία Σηκωτίδου', 'Ζεφυρίου 592,, ΤΚ 660 48 Κατερίνη', '21470 40 899', 1114.18, 'ID621293F', 31, NULL),
(870, 'Μόσχα Κωνσταντινίδου', 'Μελισσουργακίου 40,, ΤΚ 290 40 Δράμα', '+306986759221', 1161.79, 'ID156045B', 3, NULL),
(871, 'Αριστομένης Γκάγκας', 'Παπαθωμά 378-183,, ΤΚ 77779 Τρίπολη', '+30 6915 497401', 2330.04, 'ID993312H', 32, NULL),
(872, 'Νίκη Σκρεμμύδα', 'Συκιάδας 6,, 047 28 Τρίπολη', '6986280364', 2359.18, 'ID340815D', 37, NULL),
(873, 'Αγάθη Κατσαντώνη', 'Γιακαμόζη 46,, ΤΚ 234 41 Λιβαδιά', '2109427095', 1357.70, 'ID281970G', 12, NULL),
(874, 'Μελέτια Δημακογιάννη', 'Ναυπλιέων 18,, ΤΚ 814 09 Ιωάννινα', '+302719635607', 2199.40, 'ID425379F', 28, NULL),
(875, 'Ανάργυρη Χατζηδάκη', 'Λεκάνης 9,, 74800 Άμφισσα', '6931 313 888', 2453.89, 'ID434033E', 30, NULL),
(876, 'Άριστος Μάνος', 'Λεωφόρος Φτέρης 502-944,, 32854 Τρίπολη', '6964 133 147', 1388.93, 'ID452978H', 9, NULL),
(877, 'Δημήτριος Ιωσηφίδης', 'Γαρδελάδων 6,, ΤΚ 35441 Σπάρτη', '+302049910011', 2468.81, 'ID489626G', 34, NULL),
(878, 'Ιερόθεος Σπυριδάκης', 'Λεωφόρος Πατιοπούλου 433,, 418 95 Ερμούπολη', '210 194 3732', 1697.84, 'ID986982C', 2, NULL),
(879, 'Κοσμάς Τασιούλας', 'Πάρ. Αγίου Νικήτα 1,, 746 40 Καβάλα', '2240 071 875', 2033.97, 'ID252663E', 31, NULL),
(880, 'Ηρακλής Σπυρόπουλος', 'Πλ. Αστακού 20,, ΤΚ 74388 Τρίκαλα', '+302463099360', 1438.05, 'ID503200H', 38, NULL),
(881, 'Ταξιαρχία-Χρυσαφένια Χατζηγεωργίου', 'Καχριμανίδη 181-617,, ΤΚ 869 55 Σέρρες', '(+30) 2546 116966', 965.88, 'ID939852B', 16, NULL),
(882, 'Μιχαέλα Γρηγοριάδου', 'Ταυλαρίδου 28,, ΤΚ 124 27 Κιλκίς', '2540 462 437', 1661.36, 'ID941193G', 7, NULL),
(883, 'Ευριπίδης Σταυριανός', 'Παμφίου 49,, 926 05 Λευκάδα', '2107266085', 2285.97, 'ID365024F', 18, NULL),
(884, 'Αυξέντιος Χατζηβλασίου', 'Παλαιοβαρβασαίνης 82,, 46429 Γρεβενά', '+302268314697', 2266.58, 'ID861888D', 38, NULL),
(885, 'Ταξιαρχία Μαυραειδή', 'Πολυγύρου 36,, 73668 Πάτρα', '6963619600', 2252.29, 'ID705531G', 37, NULL),
(886, 'Βασιλεία Καρολίδου', 'Μοσχοποτάμου 816-074,, ΤΚ 956 74 Κομοτηνή', '2198044194', 2110.42, 'ID852523A', 3, NULL),
(887, 'Ρεβέκα Γιακαμόζη', 'Λεωφ. Αδένδρου 0,, 06296 Πύργος', '+30 2736 831464', 1525.68, 'ID508648H', 32, NULL),
(888, 'Ελεονόρα Κατσαντώνη', 'Όσσης 3,, ΤΚ 97703 Τρίπολη', '6914134517', 2108.62, 'ID417774A', 30, NULL),
(889, 'Ειρηναίος Ευαγγελάτος', 'Ασιτών 56,, ΤΚ 994 73 Καλαμάτα', '+306935080457', 909.00, 'ID751745C', 31, NULL),
(890, 'Λεωνίδας Περδίκης', 'Καβασίλων 27,, 75559 Ρέθυμνο', '(+30) 6969 626964', 1160.17, 'ID753040F', 4, NULL),
(891, 'Αλέξανδρος Χριστακόπουλος', 'Μυριοφύτου 78,, 324 87 Έδεσσα', '6941896677', 2185.51, 'ID749939H', 38, NULL),
(892, 'Εριφύλη Αθανασιάδου', 'Αράξου 14,, ΤΚ 481 00 Ρέθυμνο', '2870 307 914', 2332.44, 'ID643444B', 39, NULL),
(893, 'Μακρίνα Σταματούκου', 'Βασιλειών 0,, 36192 Ηγουμενίτσα', '(+30) 6913 437304', 1219.98, 'ID795755E', 23, NULL),
(894, 'Ανέστης Νασιόπουλος', 'Κοχύλου 64,, ΤΚ 351 74 Κατερίνη', '2105198372', 1198.33, 'ID627152F', 37, NULL);
INSERT INTO `employees` (`employee_id`, `full_name`, `address`, `phone`, `salary`, `id_number`, `store_id`, `user_id`) VALUES
(895, 'Ευγένιος Γεροδήμος', 'Δώρη 87-92,, ΤΚ 35406 Θεσσαλονίκη', '2250735468', 1606.73, 'ID259881A', 8, NULL),
(896, 'Αργυρώ Καλέμη', 'Περατιάς 8,, ΤΚ 885 42 Φλώρινα', '2109049593', 1925.11, 'ID530707A', 20, NULL),
(897, 'Ελευθέριος-Θεόφιλος Τσοπανίδης', 'Πρασίνου 61-58,, 94919 Καστοριά', '+30 2266 979570', 1528.40, 'ID714320E', 17, NULL),
(898, 'Βαρβάρα Καπουρνιώτη', 'Μικρού Περιστερίου 2,, ΤΚ 48003 Χίος', '(+30) 6906 670497', 1024.16, 'ID943314D', 37, NULL),
(899, 'Ευαγγελία Τόμπρη', 'Λειανοκλαδίου 53,, 27880 Ρέθυμνο', '6947 703368', 1018.79, 'ID118941D', 35, NULL),
(900, 'Πηγή Φασουλίδου', 'Πάροδος Σαρακινίου Ηραίας 22,, ΤΚ 026 54 Ερμούπολη', '6978485486', 2145.86, 'ID992399C', 15, NULL),
(901, 'Ευγένιος Μαντάς', 'Διαμαντοπούλου 76,, ΤΚ 402 83 Ηράκλειο', '2970 834 109', 1457.15, 'ID207532B', 29, NULL),
(902, 'Αντιγόνη Μισίδου', 'Αλιστράτης 3,, 86168 Έδεσσα', '+30 6926 006615', 1106.64, 'ID667941D', 6, NULL),
(903, 'Κλεομένης Ρήγας', 'Πλ. Αντιμαχείας 0,, ΤΚ 746 22 Θεσσαλονίκη', '2102850142', 1829.85, 'ID971388C', 4, NULL),
(904, 'Αντύπας Ιακωβάκης', 'Άσσου 6,, 97228 Τρίπολη', '210 488 5859', 2339.73, 'ID449425F', 27, NULL),
(905, 'Χρυσοβαλάντου-Ελισάβετ Μαυραειδή', 'Λεωφ. Μελισσουργού 7,, 340 95 Κοζάνη', '2107980216', 2246.15, 'ID914020A', 2, NULL),
(906, 'Μαρίνα Χαμαλίδου', 'Γυμνοτόπου 22,, 65954 Μυτιλήνη', '210 6315892', 2419.48, 'ID199475A', 40, NULL),
(907, 'Ηλέκτρα-Τρισεύγενη Καλούδη', 'Χαϊκαλίου 453-225,, 12144 Ξάνθη', '6910756621', 926.05, 'ID467621E', 35, NULL),
(908, 'Κλέαρχος Πετρόπουλος', 'Αλευράδας 20-69,, 99774 Κιλκίς', '6956 342 330', 1223.11, 'ID362558H', 13, NULL),
(909, 'Ζηνόβιος Γκαγκαουδάκης', 'Τσιπλίκωφ 093,, 54987 Κόρινθος', '6901758065', 1795.67, 'ID278231D', 4, NULL),
(910, 'Κυβέλη Τσαμοπούλου', 'Πλ. Πηγαδίτσης 93,, 220 64 Ζάκυνθος', '(+30) 6907 335330', 1549.03, 'ID794514A', 24, NULL),
(911, 'Αθηνά Σακελλαρίου', 'Δήμητρας 18,, ΤΚ 860 85 Αθήνα', '(+30) 6901 426228', 822.82, 'ID850547A', 38, NULL),
(912, 'Ευθύμιος-Γεώργιος Παπαροϊδάμης', 'Καλεντίνης 07,, ΤΚ 438 87 Ηγουμενίτσα', '2585088545', 860.88, 'ID388167F', 18, NULL),
(913, 'Ιγνατία Αγγελίδου', 'Σχοινούσσης 70-06,, 64859 Κατερίνη', '2840405188', 1810.72, 'ID684416H', 11, NULL),
(914, 'Ακριβός-Μιλτιάδης Τσιαμίτας', 'Γαλανοπούλου 93-52,, ΤΚ 042 46 Κοζάνη', '210 8174031', 1245.58, 'ID234606H', 11, NULL),
(915, 'Κλεοπάτρα-Ευγενία Γεροκώστα', 'Ποτιδάνειας 146,, ΤΚ 71858 Καρδίτσα', '(+30) 6956 236462', 1086.16, 'ID537573D', 35, NULL),
(916, 'Ναθαναήλ Μπερεδήμας', 'Καλογιάννη 15,, 37642 Άμφισσα', '2670 237024', 1830.88, 'ID278592B', 14, NULL),
(917, 'Φοίβος Κελαϊδώνης', 'Πάρ. Μέσα Λακκωνίων 388,, ΤΚ 591 95 Θεσσαλονίκη', '+30 6915 396545', 1145.28, 'ID933857D', 7, NULL),
(918, 'Σπάρτη-Σεβαστιανή Μυλωνίδου', 'Μπεσύρη 66,, 20331 Ερμούπολη', '6970363684', 1093.91, 'ID342543H', 3, NULL),
(919, 'Κοραλία Πατσουρέα', 'Βραχασίου 1,, ΤΚ 135 09 Ζάκυνθος', '2100214456', 1380.16, 'ID274335D', 20, NULL),
(920, 'Δήμητρα-Γαλάτεια Παπανάνου', 'Λιβαδοχωρίου 6,, 20958 Λευκάδα', '+30 6985 799251', 1214.86, 'ID168407H', 37, NULL),
(921, 'Ελπίδα-Σπυράννα Μπίκα', 'Βάβδου 71,, ΤΚ 361 87 Λευκάδα', '2258000008', 1087.04, 'ID306959F', 6, NULL),
(922, 'Θάλεια Μίχου', 'Πανιπερίου 224-549,, ΤΚ 723 48 Βέροια', '+306900112140', 1199.09, 'ID178151H', 30, NULL),
(923, 'Διονύσιος Λιτίνας', 'Πάρ. Κρούστα 7,, 79183 Σπάρτη', '(+30) 2298 052923', 1073.73, 'ID753358B', 24, NULL),
(924, 'Ναταλία Δημητριάδου', 'Αλεξανδρουπόλεως 9,, ΤΚ 35043 Ξάνθη', '2120 103 420', 2064.92, 'ID180498D', 33, NULL),
(925, 'Μαργαρίτα Κοκκινίδου', 'Πάροδος Τοιχίου 92,, 14649 Πολύγυρος', '210 103 2148', 957.86, 'ID188103F', 15, NULL),
(926, 'Κονδυλία-Στυλιανή Μιχελακάκη', 'Σεβαστού 51,, 939 45 Μυτιλήνη', '+302643558361', 1621.38, 'ID415704F', 20, NULL),
(927, 'Κλεοπάτρα Παπαθεοδοσίου', 'Πλ. Χωρέμη 395,, 27587 Αγ. Νικόλαος', '210 3543153', 1617.15, 'ID425057C', 12, NULL),
(928, 'Προμηθέας Μαντάρης', 'Κασκαούτη 25,, ΤΚ 789 21 Ηράκλειο', '2390 393 306', 1747.49, 'ID946839A', 10, NULL),
(929, 'Κλεόπας Τριαντακωνσταντής', 'Καλλιδρόμου 496-849,, 70620 Μυτιλήνη', '210 4545897', 1707.45, 'ID249791H', 6, NULL),
(930, 'Ελευθερία Γκαλίου', 'Εγκλουβής 09,, ΤΚ 629 12 Πύργος', '6967 412 567', 831.81, 'ID259523C', 25, NULL),
(931, 'Θεοπίστη Τσαχάκη', 'Νομίων 3,, ΤΚ 53371 Ξάνθη', '2190 337992', 936.63, 'ID140256B', 16, NULL),
(932, 'Ερρίκος Τσικνιάς', 'Μαλακίων 36,, ΤΚ 772 63 Θεσσαλονίκη', '+306959953305', 1431.52, 'ID210814A', 24, NULL),
(933, 'Λουκιανός Καφίρης', 'Γουριάς 6,, 90257 Κόρινθος', '2930292887', 2207.02, 'ID172129F', 30, NULL),
(934, 'Ανέστης Σκορδάκης', 'Καλογήρων 4,, 05965 Ρόδος', '+30 6926 506180', 2226.31, 'ID721569E', 8, NULL),
(935, 'Γκόλφω Σύψα', 'Κατσιλλή 3,, 89036 Ιωάννινα', '210 291 3861', 2342.24, 'ID640861G', 27, NULL),
(936, 'Αγνή Πρέκα', 'Χαλκιά 227,, 40221 Σέρρες', '24400 62 000', 1513.31, 'ID490275F', 15, NULL),
(937, 'Βρασίδας-Λουκιανός Κατσιλής', 'Μαυρογιάννη 46,, 20327 Κατερίνη', '6931405492', 1737.01, 'ID544790E', 1, NULL),
(938, 'Μερκούριος Γιατρομανωλάκης', 'Κορυφών 485-691,, ΤΚ 17539 Χανιά', '+30 2833 557884', 1705.35, 'ID761167D', 28, NULL),
(939, 'Διαμαντούλα Μάντου', 'Δολίχης 3,, 418 91 Πολύγυρος', '+30 6923 809594', 923.62, 'ID678892G', 1, NULL),
(940, 'Ροδόφλος Αποστολόπουλος', 'Λεωφ. Βορδονίας 0,, ΤΚ 275 59 Τρίκαλα', '210 5832681', 832.81, 'ID856864E', 4, NULL),
(941, 'Καρυοφυλλιά Ευαγγελίδη', 'Λογγάδων 1,, ΤΚ 224 58 Ιωάννινα', '210 1603837', 1842.90, 'ID473856C', 2, NULL),
(942, 'Μιράντα Μπελέκου', 'Λυρή 28,, 52771 Βέροια', '210 8944879', 960.09, 'ID762022H', 18, NULL),
(943, 'Δημοσθένης Γκικόπουλος', 'Μελισσοπέτρας 047,, ΤΚ 59429 Θεσσαλονίκη', '2200 409163', 1370.16, 'ID922489C', 7, NULL),
(944, 'Σαλώμη Καργάκου', 'Μοιρών 7,, 563 88 Καβάλα', '(+30) 2829 553018', 1164.88, 'ID221000A', 5, NULL),
(945, 'Απόλλων Τζήκας', 'Ρογών 4,, 237 42 Σέρρες', '6948 706066', 1655.38, 'ID609007D', 31, NULL),
(946, 'Γαβριήλ Μαργαρώνης', 'Λεωφ. Μακρυγιάλου 357-425,, 890 73 Σέρρες', '2360 952239', 1684.59, 'ID162438E', 19, NULL),
(947, 'Δανάη Σόφρα', 'Πλ. Αμπελούζου 1,, 79011 Ναύπλιο', '+30 2720 296304', 1558.79, 'ID727685A', 10, NULL),
(948, 'Υακίνθη-Πηνελόπη Βράσκου', 'Σπανοχωρίου 8,, ΤΚ 11645 Μεσολόγγι', '25400 70 182', 1003.20, 'ID313135B', 4, NULL),
(949, 'Ιωνάς Τσεντούρος', 'Πλατεία Ορθέ 75,, ΤΚ 28434 Πύργος', '+306953738497', 2266.70, 'ID244291D', 29, NULL),
(950, 'Ιάσονας Σπάλας', 'Οικονόμου 018,, 352 83 Σάμος', '2103693690', 815.57, 'ID593938C', 1, NULL),
(951, 'Στέλλα-Σμαράγδα Κουτσονίκα', 'Μελανιού 345-467,, ΤΚ 881 71 Λευκάδα', '6941 451307', 2397.82, 'ID609571B', 5, NULL),
(952, 'Ήβη-Χρυσόστομη Τσαμπαλή', 'Πάρ. Φαβατάτων 5,, ΤΚ 75653 Άρτα', '24700 82 661', 2005.85, 'ID938223H', 7, NULL),
(953, 'Ξενοφών Πάντος', 'Σέρβου 03,, 00868 Καρπενήσι', '210 6294008', 1678.53, 'ID877172H', 13, NULL),
(954, 'Σεβαστιανός Καραμάνος', 'Σολωμίδου 65,, 367 81 Σάμος', '2540036781', 1039.24, 'ID274807D', 13, NULL),
(955, 'Λητώ-Στεφανία Παπαθωμά', 'Μαυροπούλου 99,, ΤΚ 325 69 Αθήνα', '2640 644 324', 2139.15, 'ID889549F', 34, NULL),
(956, 'Φανούριος Νανούρης', 'Λεωφόρος Μεγάλου Δουκάτου 269-184,, ΤΚ 94850 Μυτιλήνη', '27880 05 709', 1989.59, 'ID862303E', 11, NULL),
(957, 'Τρισεύγενη Μιχελακάκη', 'Καλδή 88,, ΤΚ 37837 Καστοριά', '210 991 2981', 1467.05, 'ID966512G', 32, NULL),
(958, 'Λογοθέτης Τουρναβίτης', 'Πλ. Γέροντα 4,, ΤΚ 201 45 Λευκάδα', '6920 850 865', 880.07, 'ID372651B', 23, NULL),
(959, 'Σωζούσα Καραγρηγορίου', 'Λεωφ. Αγαλιανού 92-33,, ΤΚ 54856 Αργοστόλι', '6972355791', 1919.98, 'ID833996A', 21, NULL),
(960, 'Αριστομένης Παπαδάκης', 'Ξινονερίου 2,, 079 44 Λευκάδα', '6982 654961', 1435.62, 'ID586640H', 20, NULL),
(961, 'Μάριος Σκουλαρίδης', 'Βασιλιτσίου 26,, ΤΚ 18131 Σέρρες', '23870 92 361', 1209.63, 'ID969293F', 30, NULL),
(962, 'Αύγουστος Αργυρόπουλος', 'Κλινδιάς 39,, 24631 Αργοστόλι', '+30 2986 830824', 2123.67, 'ID123697C', 10, NULL),
(963, 'Βάγια-Κυριακή Τσαμπούρη', 'Χουστουλιανών 719-471,, ΤΚ 28083 Χανιά', '2800 981 188', 941.36, 'ID214536G', 30, NULL),
(964, 'Σωφρονία Τσιωλξ', 'Μηλεών 603,, 967 89 Βόλος', '2830 145 929', 1111.33, 'ID150957H', 40, NULL),
(965, 'Σπυράννα Καλούδη', 'Κλωνίου 4,, ΤΚ 91273 Λάρισα', '2500138853', 1826.16, 'ID794381B', 6, NULL),
(966, 'Μαρτίνος Μυσιρλής', 'Ντριβαλά 85,, 80270 Χανιά', '+30 2902 440427', 1943.31, 'ID368910D', 22, NULL),
(967, 'Παταπία Ντζιαβίδα', 'Καταμάχης 01,, 53317 Δράμα', '6935 839856', 2462.86, 'ID124783E', 30, NULL),
(968, 'Λεονάρδος Πυλαρινός', 'Προσηλίου 603,, 577 58 Σέρρες', '2096000675', 845.31, 'ID503389A', 32, NULL),
(969, 'Πύρρος Ζαραφέτας', 'Επιβατών 523-449,, 306 44 Ηράκλειο', '2200 331 405', 1037.63, 'ID384038D', 4, NULL),
(970, 'Νικηφόρος Λαγογιάννης', 'Λεωφόρος Μαρκοπούλου Ωρωπού 61-45,, ΤΚ 282 07 Καρδίτσα', '(+30) 6907 268103', 2293.81, 'ID859639G', 7, NULL),
(971, 'Αλεξάνδρα Φαββάτα', 'Όρμης 0,, 13718 Σέρρες', '6925295498', 1276.75, 'ID912656G', 16, NULL),
(972, 'Αγάθη Παλαμπουγιούκη', 'Κοκκινογείου 25-25,, 85939 Δράμα', '2770 670708', 1323.88, 'ID625985H', 40, NULL),
(973, 'Λεώνη Τσιομπάνη', 'Καροπλεσίου 40-85,, 98036 Χανιά', '(+30) 2950 898732', 2198.54, 'ID279047D', 14, NULL),
(974, 'Ευδοκία Σιόλου', 'Αλωνακίων 22,, ΤΚ 790 09 Έδεσσα', '22990 89 972', 1046.42, 'ID785117H', 4, NULL),
(975, 'Τηλεμαχος Μακρής', 'Πάροδος Κόκλα 1,, ΤΚ 90415 Βέροια', '210 4606584', 2490.02, 'ID875348F', 39, NULL),
(976, 'Κορνήλιος-Βενέτιος Ξηρογιάννης', 'Κοντομαρίου 9,, 81578 Λευκάδα', '+306962147109', 1958.35, 'ID743564C', 39, NULL),
(977, 'Λέανδρος Νιτσοτόλης', 'Ανεμομύλου 20,, 68431 Λευκάδα', '6977142534', 2365.16, 'ID221723E', 16, NULL),
(978, 'Λαυρεντία Σπαθάρη', 'Πάρ. Αμμουδιάς 86,, 38652 Αλεξανδρούπολη', '27310 46 037', 1972.28, 'ID204481H', 37, NULL),
(979, 'Σεβαστή Ασουχίδου', 'Πάροδος Αετομηλίτσης 87-30,, 785 86 Καλαμάτα', '26800 01 560', 951.10, 'ID686927E', 37, NULL),
(980, 'Αθηνά Μπότζα', 'Πεντολάκκου 0,, ΤΚ 08050 Λιβαδιά', '210 8654767', 2353.34, 'ID351480D', 11, NULL),
(981, 'Περιστέρα Ταξίδου', 'Κουκκουλίων 7,, 295 97 Χαλκίδα', '210 3454034', 1415.17, 'ID204747G', 1, NULL),
(982, 'Ευδόξιος Δημητρόπουλος', 'Πλατεία Ναούσης 10,, ΤΚ 03333 Κέρκυρα', '(+30) 6973 902735', 1302.28, 'ID213390B', 5, NULL),
(983, 'Στέργιος Νικολαΐδης', 'Πάρ. Βαλιμής 686,, ΤΚ 379 69 Σάμος', '+306994314470', 2229.07, 'ID152868B', 28, NULL),
(984, 'Σωτήρης Τορομίδης', 'Κομπηγαδίου 89,, 96006 Πρέβεζα', '6972 046 255', 863.81, 'ID978536A', 4, NULL),
(985, 'Δημούλα Μανιάτη', 'Ραδιοπούλου 43,, ΤΚ 439 91 Μεσολόγγι', '6985667133', 852.43, 'ID105955G', 31, NULL),
(986, 'Πολυζώης Ξανθάκης', 'Χαλάστρας 7,, 44887 Κατερίνη', '+302159777854', 2472.55, 'ID427619E', 31, NULL),
(987, 'Σεβαστιανή Μαστραγγελή', 'Αρδείας 24,, 31868 Τρίπολη', '2104509575', 2475.48, 'ID529354G', 37, NULL),
(988, 'Φραγκίσκος Κοττίκας', 'Πλατεία Πεντολάκκου 9,, 185 10 Τρίκαλα', '6925331077', 1167.84, 'ID716232E', 24, NULL),
(989, 'Θεόπιστος Βιτσαξής', 'Πάρ. Μελισσοχωρίου 378,, 928 62 Τρίπολη', '+30 2851 777751', 883.44, 'ID890779E', 5, NULL),
(990, 'Λέων Βασιλείου', 'Δασολόφου 8,, ΤΚ 718 01 Καβάλα', '(+30) 2773 215971', 2475.33, 'ID504546A', 10, NULL),
(991, 'Φερενίκη Σταθά', 'Λεωφ. Βελβίνας 314,, ΤΚ 48776 Πολύγυρος', '2560 336433', 932.54, 'ID429043G', 36, NULL),
(992, 'Καλλιρρόη Τσαμπαλή', 'Γιαννακοχωρίου 82,, 95044 Κομοτηνή', '6958 056 874', 2082.42, 'ID922216D', 31, NULL),
(993, 'Μερκούριος Καρακυρίου', 'Καρατάσου 527-488,, 93684 Καλαμάτα', '(+30) 6924 304476', 833.97, 'ID315041D', 40, NULL),
(994, 'Σαββούλα Λιόντη', 'Λύγγου 58-69,, 666 50 Ρέθυμνο', '6917764623', 2310.52, 'ID964477E', 20, NULL),
(995, 'Πέτρα Παπαευαγγέλου', 'Πάρ. Καμήλας 60-61,, 39108 Ρέθυμνο', '+306913926692', 943.43, 'ID499643H', 31, NULL),
(996, 'Λύσανδρος-Φωκίων Γερόπουλος', 'Πάρ. Ποντινής 86,, 552 95 Σπάρτη', '210 951 2235', 1747.69, 'ID629933E', 40, NULL),
(997, 'Αλκινόη Μανέτα', 'Πλ. Αμελάντων 44-35,, 86171 Πάτρα', '+306993537839', 1198.74, 'ID135786A', 28, NULL),
(998, 'Ευδοκία Ιωακείμ', 'Μαντείου 50,, 20362 Καβάλα', '+30 2912 985388', 1902.21, 'ID611517H', 35, NULL),
(999, 'Ζαφείρης-Ερρίκος Καστάνης', 'Διλόφου 01,, ΤΚ 614 21 Ηγουμενίτσα', '2760 359 695', 1588.43, 'ID384147G', 40, NULL),
(1000, 'Βασιλική Γραμμένου', 'Παλαμπουγιούκη 6,, ΤΚ 005 50 Χανιά', '210 730 9059', 1417.52, 'ID559397D', 11, NULL),
(1001, 'Ναταλίνα Ντζιαβίδα', 'Μουσάτων 15,, ΤΚ 26447 Κοζάνη', '2060 988 934', 907.01, 'ID609786H', 6, NULL),
(1002, 'Ευφροσύνη Ξανθοπούλου', 'Λύκειον 42-13,, 432 19 Κόρινθος', '2140 445509', 1652.55, 'ID478924G', 36, NULL),
(1003, 'Γλαύκη Πανταζή', 'Βουτσινά 741,, 97985 Ηγουμενίτσα', '2980 568 021', 1762.42, 'ID645396H', 31, NULL),
(1004, 'Κασσάνδρα Παντίσκα', 'Λεωφόρος Αγίας Ρουμέλης 78,, 71494 Καστοριά', '210 9392929', 1740.91, 'ID354734B', 26, NULL),
(1005, 'Σμαράγδα Πανκίδου', 'Θεριανού 7,, 48520 Καβάλα', '6972322658', 1200.20, 'ID588106D', 2, NULL),
(1006, 'Άριστος Γιαννακουδάκης', 'Μαυρολόφου 12-40,, 728 41 Κατερίνη', '2880 581185', 1009.08, 'ID788901G', 31, NULL),
(1007, 'Στέλλα Μαγκανάρη', 'Μεράς 65,, 96845 Αθήνα', '(+30) 6909 808447', 1642.21, 'ID702999H', 22, NULL),
(1008, 'Βασίλειος-Μαγδαληνός Τσούπρας', 'Ζερβά 62-46,, 50147 Κοζάνη', '+306977237875', 2383.99, 'ID984362E', 2, NULL),
(1009, 'Σπήλιος Παππάς', 'Αμπελακιωτίσσης 26,, 405 70 Τρίκαλα', '+30 2965 766980', 1103.91, 'ID884236B', 32, NULL),
(1010, 'Θεόφραστος Καράμπας', 'Αλιφείρας 63-69,, 431 14 Καβάλα', '+302534638701', 2323.50, 'ID298284H', 29, NULL),
(1011, 'Αμφιτρίτη Μαλλή', 'Μαλυκρείου 63-49,, ΤΚ 67881 Κέρκυρα', '6994819869', 2321.05, 'ID872199D', 19, NULL),
(1012, 'Σπήλιος Ζηδιανάκης', 'Πλατεία Μαλγάρων 4,, 70027 Ζάκυνθος', '(+30) 2620 792828', 1586.23, 'ID622957D', 31, NULL),
(1013, 'Δράκων Βλησαρούλης', 'Αμοργού 32-93,, ΤΚ 426 03 Βέροια', '6927270504', 2442.05, 'ID634063B', 34, NULL),
(1014, 'Αρχέλαος Ζιάκας', 'Αγκαρυώνων 75-61,, 33659 Άρτα', '6945 185 794', 1023.82, 'ID606792G', 38, NULL),
(1015, 'Φιλήμων Παρασκευόπουλος', 'Μητάτων 49,, 25216 Μεσολόγγι', '+30 6937 585102', 1018.93, 'ID359818E', 27, NULL),
(1016, 'Αύγουστος-Κομνηνός Ισάρης', 'Δημαίνης 59,, ΤΚ 99838 Πολύγυρος', '+306950848995', 2001.81, 'ID402413B', 19, NULL),
(1017, 'Τριανταφυλλιά Λογκάκη', 'Λιναρδάκη 27,, 34842 Άρτα', '2820 770686', 1287.46, 'ID484423H', 4, NULL),
(1018, 'Ματίνα Κουτουζίδου', 'Μπαλανίκα 725,, ΤΚ 612 68 Αλεξανδρούπολη', '6955438678', 1021.33, 'ID492608G', 39, NULL),
(1019, 'Χάρη Τσίμη', 'Πλ. Αμοργιανών 655-404,, ΤΚ 37343 Αγ. Νικόλαος', '(+30) 2090 967432', 1749.54, 'ID552241A', 25, NULL),
(1020, 'Θρασύβουλος Βλάχος', 'Αμφιλοχίας 2,, 26281 Καστοριά', '+30 6979 368021', 1780.55, 'ID691049H', 14, NULL),
(1021, 'Σεραφεία Τουλάκη', 'Λεωφόρος Μελάνων 376-773,, 506 22 Κιλκίς', '+30 6971 089519', 2479.71, 'ID409326B', 30, NULL),
(1022, 'Ιορδανία Παπανδρικοπούλου', 'Αγίας Βαρβάρας 70,, ΤΚ 90419 Χαλκίδα', '2550374232', 2215.23, 'ID433260A', 14, NULL),
(1023, 'Αδάμ-Λαυρέντιος Αγαλιώτης', 'Κερασιάς 053,, 04433 Αγ. Νικόλαος', '2105527792', 1578.35, 'ID213454A', 19, NULL),
(1024, 'Ζησούλα Τσουκιά', 'Λιβαδίων 91,, 87337 Κομοτηνή', '2230672491', 1732.95, 'ID771872C', 15, NULL),
(1025, 'Παύλος Τσάρκος', 'Αποστολιά 267-223,, 56365 Ρόδος', '(+30) 6941 355051', 1406.63, 'ID892023D', 37, NULL),
(1026, 'Αδάμ Βλάχος', 'Φυτειών 766-339,, ΤΚ 266 37 Δράμα', '+30 6905 488326', 2138.91, 'ID811524D', 37, NULL),
(1027, 'Δαμασκηνή Σιόλου', 'Αχλαδέας 39-66,, 039 39 Ηράκλειο', '24210 98 879', 1378.19, 'ID885703D', 33, NULL),
(1028, 'Ιούλιος Καπούνης', 'Δρυμαίας 157,, ΤΚ 83231 Έδεσσα', '+302220231398', 2193.74, 'ID915606H', 15, NULL),
(1029, 'Κορνήλιος Ζιώγος', 'Καστρίων 49-95,, ΤΚ 08114 Κοζάνη', '+30 6939 404080', 1262.67, 'ID586486G', 1, NULL),
(1030, 'Τρύφων Χονδρολίδης', 'Γλυκορριζίου 649,, 68058 Λάρισα', '(+30) 2407 237125', 1410.87, 'ID488175A', 27, NULL),
(1031, 'Ελπίδα Παπανδρέου', 'Πάντου 994,, 13890 Καβάλα', '+30 6946 925523', 2240.06, 'ID606112B', 10, NULL),
(1032, 'Κανέλλα Μιχελή', 'Πάροδος Ελάτης 86,, 423 72 Θεσσαλονίκη', '6995 608907', 1738.38, 'ID608303E', 5, NULL),
(1033, 'Ζωή Βουτσινά', 'Ταυρωνίτου 983,, 39559 Αλεξανδρούπολη', '(+30) 2008 049511', 1318.26, 'ID859505H', 18, NULL),
(1034, 'Ανάργυρος Ανδριόπουλος', 'Όρους 155,, 51664 Ρέθυμνο', '6940894940', 1215.04, 'ID448633H', 17, NULL),
(1035, 'Σουλτάνα Σγουρένα', 'Μαχαιρά 90,, 93048 Αργοστόλι', '210 5909318', 2010.38, 'ID303467E', 10, NULL),
(1036, 'Χριστοδούλα Πιπερίδη', 'Πλατεία Λιθοτόπου 868-385,, ΤΚ 48673 Έδεσσα', '2870 152 854', 2117.33, 'ID605492C', 3, NULL),
(1037, 'Ρωμανός Τσοπανίδης', 'Μεγάλης Κερασέας 02,, 26128 Γρεβενά', '6994 865 666', 1918.58, 'ID307459H', 8, NULL),
(1038, 'Κοκκώνα Φιλίππου', 'Δροσοχωρίου 50,, 43619 Λαμία', '2108842647', 1497.62, 'ID275676E', 12, NULL),
(1039, 'Πολυχρονία Παράνου', 'Διπλατάνου 091-397,, ΤΚ 54050 Σέρρες', '210 5081342', 1743.42, 'ID797824A', 3, NULL),
(1040, 'Φανουρία Κουθούρη', 'Μεσκλών 470,, 35577 Θεσσαλονίκη', '+30 2410 227541', 2114.52, 'ID645081D', 35, NULL),
(1041, 'Αργύριος Αντωνόπουλος', 'Αριοχωρίου 00,, ΤΚ 09628 Πάτρα', '2860 029 609', 1547.23, 'ID864361C', 22, NULL),
(1042, 'Δημοκράτης Αβραμίδης', 'Ζεφυρίου 43-61,, 747 27 Σάμος', '(+30) 2948 267989', 821.15, 'ID227852C', 19, NULL),
(1043, 'Μόσχα-Πουλχερία Πιπερίδη', 'Παπαευαγγελίου 2,, ΤΚ 39990 Σπάρτη', '20370 48 139', 1715.80, 'ID263867A', 24, NULL),
(1044, 'Ραφαήλ Ανδρεανίδης', 'Δρακείας 55-77,, 71174 Ιωάννινα', '+30 6973 288432', 2213.58, 'ID602052D', 4, NULL),
(1045, 'Ξένη Παπαθωμά', 'Φαρμάκη 9,, 70915 Λαμία', '2330 527 961', 1022.65, 'ID830079E', 6, NULL),
(1046, 'Φιλαρέτη Δραμουντάνη', 'Πολυποτάμου 17,, 12362 Λάρισα', '6928584785', 1830.34, 'ID466791G', 11, NULL),
(1047, 'Τιμολέων Βαβουλίδης', 'Πλανητέρου 18,, 53588 Ξάνθη', '6913088360', 1864.74, 'ID258135B', 5, NULL),
(1048, 'Γλαύκη Σαπρίκη', 'Λεωφόρος Κανδάνου 0,, 25835 Λαμία', '2100399706', 1377.44, 'ID281922B', 20, NULL),
(1049, 'Αστέριος-Γεράσιμος Ρίζος', 'Παππαγιαννάδων 56,, ΤΚ 07058 Μυτιλήνη', '(+30) 6913 560234', 2431.96, 'ID510592H', 30, NULL),
(1050, 'Ταξιάρχης-Δημοσθένης Τζήκας', 'Φιλαδελφίου 41,, ΤΚ 317 72 Σέρρες', '2780 818 814', 1082.63, 'ID131978F', 28, NULL),
(1051, 'Μαριάννα Μητροπούλου', 'Λεωφ. Κατοχής 9,, 39929 Αλεξανδρούπολη', '2090 382301', 2180.57, 'ID805823C', 17, NULL),
(1052, 'Αμβροσία Μαμαλά', 'Υφαντή 27,, 81899 Χίος', '2700927432', 1982.50, 'ID383178A', 12, NULL),
(1053, 'Κυβέλη Μαρουγιάννη', 'Βαφειάδου 0,, 434 64 Έδεσσα', '6942527880', 1350.51, 'ID158404C', 18, NULL),
(1054, 'Ταξιάρχης-Άρης Γιαννακόπουλος', 'Ρωμαίου 70,, 86515 Χίος', '+30 6936 046365', 854.81, 'ID575996C', 22, NULL),
(1055, 'Ισίδωρος Πικρός', 'Λαχίου 874-904,, 47733 Λιβαδιά', '(+30) 6900 890440', 1279.38, 'ID899515F', 27, NULL),
(1056, 'Λυδία Καλογιάννη', 'Βερβερίδου 74-81,, ΤΚ 55245 Αλεξανδρούπολη', '2103176604', 2088.45, 'ID315967E', 14, NULL),
(1057, 'Χριστίνα Βαρθαλίτη', 'Καμήλας 231,, ΤΚ 10414 Λάρισα', '(+30) 6921 188917', 977.48, 'ID532539G', 10, NULL),
(1058, 'Ευδοκία Χολέβα', 'Πάρ. Ελληνίτσης 88,, ΤΚ 002 20 Άρτα', '2590 759094', 1337.34, 'ID981112H', 40, NULL),
(1059, 'Παναγής Καλιτσουνάκης', 'Αστράκων 656-578,, 87129 Πύργος', '6983 981672', 2133.91, 'ID305408C', 22, NULL),
(1060, 'Ζαχαρίας Ιατρόπουλος', 'Αβδέλλας 69-54,, ΤΚ 86876 Καβάλα', '2310 501959', 1873.88, 'ID142131G', 14, NULL),
(1061, 'Τσαμπίκος Αβραμίδης', 'Λεωφ. Γαύδου 3,, 30650 Τρίπολη', '6961 733948', 1339.85, 'ID842206G', 25, NULL),
(1062, 'Ευαγγελία Σμιτ', 'Λουτροπηγής 57,, 222 13 Άμφισσα', '2107203861', 1708.47, 'ID606844D', 32, NULL),
(1063, 'Ανδρέας Κωστάκης', 'Μυξόρρουμα 3,, ΤΚ 351 00 Κόρινθος', '2620512186', 1058.12, 'ID123347C', 30, NULL),
(1064, 'Βικέντιος-Αγαθάγγελος Σμπρίνης', 'Ασωπίας 485-125,, 614 56 Καρδίτσα', '2105388924', 1803.69, 'ID538044G', 14, NULL),
(1065, 'Ορέστης Χατζηγεωργίου', 'Χαροπού 2,, 74949 Φλώρινα', '+302060676717', 2272.46, 'ID699801B', 31, NULL),
(1066, 'Σόλων Κουρσουμίδης', 'Πάροδος Ροδοδάφνης 0,, 376 79 Σάμος', '(+30) 6919 840791', 1425.54, 'ID860259C', 5, NULL),
(1067, 'Ναθαναήλ Κιτινός', 'Πάρ. Οξυνείας 5,, 089 23 Ζάκυνθος', '+30 2682 102538', 1909.46, 'ID776718E', 23, NULL),
(1068, 'Αθανασία Τσάτη', 'Σταυρακίου 23,, ΤΚ 887 43 Κέρκυρα', '210 2342159', 1841.26, 'ID634246G', 11, NULL),
(1069, 'Καλλίνικος Κονδυλίδης', 'Καράμπη 09-01,, 74323 Μυτιλήνη', '+306908991417', 1948.16, 'ID130935F', 18, NULL),
(1070, 'Δωροθέα-Πωλίνα Μαρκαντωνάκη', 'Καστανιωτίσσης 605-549,, ΤΚ 46206 Καρδίτσα', '210 1393931', 1522.34, 'ID245099G', 13, NULL),
(1071, 'Μενέλαος Βώσσος', 'Ερμιόνης 74,, ΤΚ 65559 Ζάκυνθος', '2880 517 554', 1982.05, 'ID615418F', 11, NULL),
(1072, 'Χριστόφιλη-Λουλουδένια Ανανιάδου', 'Καλλιθέας Φαρσάλων 942-012,, 385 64 Ηγουμενίτσα', '+306922712493', 1475.97, 'ID995156G', 13, NULL),
(1073, 'Αχιλλεία-Χιονιά Γιακαμόζη', 'Συκουρίου 285-732,, ΤΚ 314 50 Ηγουμενίτσα', '+302611869995', 2000.40, 'ID963063H', 7, NULL),
(1074, 'Αρχιμήδης Βλαχονικολέας', 'Σκαρφείας 7,, 69782 Άμφισσα', '2769090558', 2282.21, 'ID225434F', 36, NULL),
(1075, 'Παντούλα Τσιπλίκωφ', 'Κουδουνίων 70,, ΤΚ 62505 Καλαμάτα', '210 8899104', 1211.52, 'ID165675B', 25, NULL),
(1076, 'Γρηγόριος Περράκης', 'Θεοδοσίων 150-936,, ΤΚ 315 13 Ρέθυμνο', '2101684710', 1633.93, 'ID321421H', 23, NULL),
(1077, 'Ξενοφών Τσότρας', 'Μπατσάκη 8,, ΤΚ 12116 Άρτα', '2104519250', 1886.15, 'ID137536C', 29, NULL),
(1078, 'Ασημούλα Τρίκα', 'Πλατεία Ραγάδα 99,, 48357 Ιωάννινα', '(+30) 6948 428513', 1696.29, 'ID691919F', 18, NULL),
(1079, 'Νικήτας Χατζαντώνης', 'Πάρ. Ταύρου 48,, 533 17 Άμφισσα', '210 287 9890', 1011.21, 'ID354508D', 25, NULL),
(1080, 'Ερωφίλη Μιχελή', 'Ρούσσου 01,, ΤΚ 795 51 Ιωάννινα', '210 2210921', 1502.28, 'ID209002H', 31, NULL),
(1081, 'Γαλάτεια Κονιάρη', 'Καλοχωρίου 8,, ΤΚ 64777 Πάτρα', '+30 2662 792942', 1693.05, 'ID475042B', 23, NULL),
(1082, 'Προδρομία Παπανδρικοπούλου', 'Βαΐου 2,, 83694 Βόλος', '6949 835403', 2123.10, 'ID835760E', 35, NULL),
(1083, 'Πανδώρα Κουρλού', 'Σταυρωμένου 76,, 22224 Δράμα', '+302044415093', 1242.39, 'ID626722E', 5, NULL),
(1084, 'Λάμπρος Δέλιος', 'Ζαρειφοπούλου 49,, 744 39 Κιλκίς', '2120956881', 2181.78, 'ID896359E', 39, NULL),
(1085, 'Βενιζέλος Χονδρολίδης', 'Πέπλου 45-69,, 16317 Ρόδος', '210 0200487', 1174.19, 'ID961139H', 20, NULL),
(1086, 'Κλέαρχος-Βελισσάριος Ραγκούσης', 'Λεωφ. Ρεπανιδίου 39,, 54674 Κοζάνη', '6928 292 857', 2115.62, 'ID274075H', 18, NULL),
(1087, 'Κλεόπας Καραγιάννης', 'Τσιπλίκωφ 091,, 27423 Κοζάνη', '2240 158 191', 2247.23, 'ID508121D', 18, NULL),
(1088, 'Νίκος Ταχτσίδης', 'Πάρ. Λαμπινής 220-514,, 64097 Καστοριά', '(+30) 6917 439983', 2435.59, 'ID770798E', 15, NULL),
(1089, 'Ευρυδίκη-Ταξιαρχία Κουτσικούρη', 'Θρακομακεδόνων 7,, ΤΚ 95882 Καλαμάτα', '2980455819', 1656.39, 'ID258625B', 2, NULL),
(1090, 'Ζαμπία Παπασπηλιωτοπούλου', 'Κομιτάτων 82-58,, 692 93 Κέρκυρα', '+302977013754', 1992.17, 'ID913694D', 29, NULL),
(1091, 'Φανουρία Χρυσανθακοπούλου', 'Ράχης 832-728,, 61966 Ρόδος', '+30 6989 184235', 2285.38, 'ID305217G', 27, NULL),
(1092, 'Αναγνώστης Σουρμπής', 'Δαμανίων 114,, 12898 Ξάνθη', '(+30) 6977 343572', 1123.19, 'ID529775E', 19, NULL),
(1093, 'Ευλαμπία Συνοδινού', 'Πλατεία Βρασνών 10-04,, 56955 Τρίπολη', '6959 825 674', 2489.85, 'ID585349B', 3, NULL),
(1094, 'Ιουλιανός Βώσσος', 'Μύστακας 399-311,, ΤΚ 516 12 Λαμία', '2720 393 068', 1175.73, 'ID480270C', 23, NULL),
(1095, 'Αιμίλιος Κρεμμύδας', 'Λεωφ. Καλλιπόλεως 63-17,, 24679 Ιωάννινα', '210 009 3060', 1791.17, 'ID742729A', 6, NULL),
(1096, 'Τηλεμαχος-Δημοσθένης Τσιαντάς', 'Τραχηλίου 25,, ΤΚ 944 58 Αθήνα', '(+30) 2434 411187', 1315.26, 'ID412165H', 2, NULL),
(1097, 'Άνθιμος Αγγελίκας', 'Αλειμματάδων 474-972,, ΤΚ 35111 Έδεσσα', '(+30) 6961 248400', 2374.07, 'ID633578C', 20, NULL),
(1098, 'Ηλέκτρα Καζαντζή', 'Κερασέα 992-076,, 99474 Βέροια', '210 599 8243', 1438.20, 'ID959406G', 12, NULL),
(1099, 'Ηλέκτρα Συνοδινού', 'Μαυροπούλου 61-13,, 95551 Πάτρα', '6900 937951', 2482.93, 'ID357232E', 33, NULL),
(1100, 'Ανδροκλής Ισέρης', 'Σιμητοπούλου 722,, 61048 Ρέθυμνο', '+306992575877', 1737.53, 'ID306647A', 17, NULL),
(1101, 'Θεοδώρα Παππά', 'Καστελλιανών 75,, ΤΚ 20696 Κόρινθος', '+30 6972 570284', 870.83, 'ID778614D', 8, NULL),
(1102, 'Κωνσταντίνα Ταξίδου', 'Κουρουνιού 7,, 76992 Ναύπλιο', '+30 2077 018964', 986.41, 'ID230597F', 32, NULL),
(1103, 'Αγαθόνικος Μάρρας', 'Κοντακαιίκων 3,, ΤΚ 361 67 Καλαμάτα', '6914 547 549', 1333.73, 'ID838708D', 34, NULL),
(1104, 'Αθηνόδωρος Κουτχιάς', 'Πλ. Διμηνιού 48,, ΤΚ 11034 Κιλκίς', '6954763178', 977.62, 'ID844593D', 22, NULL),
(1105, 'Κωστούλα Καλέμη', 'Μαυρολόφου 23,, 15457 Ξάνθη', '210 802 6437', 1206.85, 'ID104989G', 15, NULL),
(1106, 'Μερκούριος Μανωλάκης', 'Πυθίου 20,, 61872 Καλαμάτα', '(+30) 6989 321275', 2491.64, 'ID383060G', 33, NULL),
(1107, 'Ιπποκράτης-Θεόδουλος Κυπραίος', 'Τραπεζαντής 46,, 19134 Ζάκυνθος', '2390773697', 2094.70, 'ID232132B', 11, NULL),
(1108, 'Δημούλα-Φλωρίνα Σταυρίδου', 'Πλατεία Σαρκίνης 43,, ΤΚ 00176 Αγ. Νικόλαος', '6951 751896', 1751.79, 'ID776615H', 36, NULL),
(1109, 'Ευδοκία Δρόσου', 'Εβροπούλων 45,, ΤΚ 92120 Ερμούπολη', '(+30) 2812 143500', 1803.79, 'ID866579H', 4, NULL),
(1110, 'Θεμιστοκλής Ζούνης', 'Πλατεία Παραλίου Άστρους 004-861,, ΤΚ 98215 Ηγουμενίτσα', '6926 266 904', 1291.92, 'ID586217F', 39, NULL),
(1111, 'Πωλίνα Γούπα', 'Αβδού 97,, 45980 Δράμα', '+30 6964 300597', 1261.85, 'ID462593E', 20, NULL),
(1112, 'Φωτεινή Βαϊραμίδου', 'Συκά Υπάτης 074-730,, 94273 Ηγουμενίτσα', '210 9537738', 1175.09, 'ID872016E', 27, NULL),
(1113, 'Ερμιόνη Μυτάρη', 'Ατσαλάκη 59,, 83170 Κομοτηνή', '2103680160', 1125.61, 'ID832558D', 33, NULL),
(1114, 'Θεόφιλος Μποτσώλης', 'Νατσουλή 8,, 18562 Σέρρες', '2730 189 439', 1824.81, 'ID193919B', 18, NULL),
(1115, 'Μαρκέλλα-Υακίνθη Σπηλιάδου', 'Μαραθιάς 1,, 117 68 Πρέβεζα', '+302427216938', 1359.11, 'ID500463G', 27, NULL),
(1116, 'Ποθητή Λαλαούνη', 'Πλατεία Αρβανίτη 4,, 08568 Δράμα', '26240 55 034', 2210.10, 'ID417731H', 3, NULL),
(1117, 'Τρύφων Μίχος', 'Πεύκης 67,, ΤΚ 18846 Χαλκίδα', '+30 2400 357399', 2191.89, 'ID512635B', 32, NULL),
(1118, 'Πάτροκλος Νικολαΐδης', 'Τομπουλίδου 65-30,, 363 29 Λάρισα', '6992703130', 915.51, 'ID393423B', 15, NULL),
(1119, 'Ευκλείδης Γεωργακόπουλος', 'Πάρ. Γέροντα 90,, 360 79 Καρπενήσι', '+302801038091', 1195.26, 'ID946250H', 11, NULL),
(1120, 'Βαρβάρα Δάφνη', 'Λεωφόρος Ρίζης 47-88,, 334 99 Λευκάδα', '6976 805152', 1306.62, 'ID590759D', 8, NULL),
(1121, 'Απολλωνία Συνοδινού', 'Σελεγουδίου 0,, 65491 Καστοριά', '+30 6920 697531', 1302.60, 'ID300696A', 5, NULL),
(1122, 'Θεοφάνης Τσικνιάς', 'Πάροδος Πελαγίας 21,, ΤΚ 188 25 Κοζάνη', '210 420 4137', 1606.12, 'ID925733G', 26, NULL),
(1123, 'Ιάκωβος Μανωλέας', 'Τζιγκούρα 6,, 03660 Πάτρα', '23280 40 468', 1290.81, 'ID828309B', 31, NULL),
(1124, 'Νίκων-Άνθιμος Χρυσίδης', 'Πιτσιναιίκων 2,, ΤΚ 93651 Αλεξανδρούπολη', '210 6880943', 1780.72, 'ID658887G', 30, NULL),
(1125, 'Αφέντρα Διακουμή', 'Καλέμη 23,, ΤΚ 604 16 Έδεσσα', '(+30) 6926 395205', 1575.42, 'ID458059G', 25, NULL),
(1126, 'Θεοπίστη-Αλκινόη Καργάκου', 'Αμπελακίου 50-75,, 29000 Κοζάνη', '2173016682', 862.83, 'ID117073D', 23, NULL),
(1127, 'Παναγής Μακρής', 'Λεωφ. Γαϊτανίου 944-965,, ΤΚ 14408 Κομοτηνή', '2600 288 397', 1122.63, 'ID623615F', 15, NULL),
(1128, 'Ελέσσα Μασιάλα', 'Πλατεία Μαλετιάνων 0,, 56256 Δράμα', '210 794 0234', 1479.43, 'ID819182G', 20, NULL),
(1129, 'Αριστομένης Παππάς', 'Πάροδος Ξυλοπαροίκου 7,, ΤΚ 006 15 Έδεσσα', '+306982902658', 941.95, 'ID479272D', 1, NULL),
(1130, 'Ευπραξία Κατσιγιάννη', 'Αθανασιάδου 96,, 430 53 Τρίκαλα', '2800939665', 1918.41, 'ID893066B', 7, NULL),
(1131, 'Φωκάς Ευταξιάς', 'Πάρ. Αρίσβη 463-169,, 754 59 Γρεβενά', '6904 980515', 1564.60, 'ID842382G', 18, NULL),
(1132, 'Στεφανία-Βρυσηίς Ζωντανού', 'Τριπόλεως 98,, 80566 Καβάλα', '2180985472', 1600.38, 'ID978274E', 3, NULL),
(1133, 'Χαρίλαος Χρυσικός', 'Φουρνάς 7,, 25918 Χαλκίδα', '(+30) 2909 700956', 1440.48, 'ID344893G', 32, NULL),
(1134, 'Φαίδων-Αλέξιος Τάρναρης', 'Πευκοφύτου 083-450,, ΤΚ 98660 Τρίπολη', '210 397 6363', 2174.03, 'ID895751A', 13, NULL),
(1135, 'Ανθούλα Μάλαμα', 'Διλόφου Φαρσάλων 04,, 336 49 Έδεσσα', '2100 849 394', 1590.79, 'ID126642B', 14, NULL),
(1136, 'Κυπριανός Φουτσιτζής', 'Λεωφόρος Καρκιναγρίου 9,, 24912 Πολύγυρος', '20480 10 875', 2307.20, 'ID598088H', 13, NULL),
(1137, 'Ροδαμάνθη-Παρασκευή Μανουσοπούλου', 'Βρυσακίου 97-35,, 25828 Κοζάνη', '25400 33 979', 2331.58, 'ID416930E', 13, NULL),
(1138, 'Δημοσθένης Λιούτας', 'Βουτσινά 957,, 89658 Πύργος', '(+30) 6991 245778', 1711.68, 'ID955481B', 3, NULL),
(1139, 'Μίνωας Πατελής', 'Σεβαστού 0,, 17293 Λάρισα', '+302813899520', 2262.18, 'ID878845E', 7, NULL),
(1140, 'Ασκληπιός Ματσούκας', 'Κεραμίου 73,, ΤΚ 680 37 Ναύπλιο', '2772079406', 1364.02, 'ID395635F', 28, NULL),
(1141, 'Ανατολή Καραογλάνη', 'Κοιλαδίου 3,, 21591 Κοζάνη', '2240 278 594', 2266.42, 'ID155513D', 6, NULL),
(1142, 'Ευστάθιος Διακάκης', 'Βλάση 756,, 920 24 Καλαμάτα', '+306952402882', 1903.00, 'ID497435F', 6, NULL),
(1143, 'Αλέξανδρος Καστάνης', 'Μυροφύλλου 31,, ΤΚ 926 38 Καστοριά', '+306917718220', 1074.73, 'ID639333H', 33, NULL),
(1144, 'Ελπίς Σταύρου', 'Βασιλικού 8,, 73196 Λάρισα', '(+30) 6900 689690', 1453.08, 'ID649909F', 9, NULL),
(1145, 'Ζαφείριος-Γεράσιμος Ρίγκος', 'Καριανής 08-58,, 674 81 Άμφισσα', '+30 6915 789190', 1102.05, 'ID268344H', 31, NULL),
(1146, 'Ίων Τάχας', 'Παλαμαρίου 18,, 79203 Λιβαδιά', '(+30) 2658 887179', 991.01, 'ID524466C', 24, NULL),
(1147, 'Στέλλα Μαρτιάδου', 'Ασωπού 7,, ΤΚ 68689 Αργοστόλι', '(+30) 6967 555391', 1739.87, 'ID688047E', 36, NULL),
(1148, 'Θαλασσινή Χριστογιάννη', 'Λεωφόρος Θρακομακεδόνων 1,, ΤΚ 06120 Ρόδος', '+30 2925 028545', 1627.31, 'ID796158G', 18, NULL),
(1149, 'Θεολόγος Γκαγκαουδάκης', 'Φρουσιούνας 28,, 247 92 Καβάλα', '+30 2885 626210', 2167.61, 'ID959332D', 30, NULL),
(1150, 'Τριαντάφυλλος Τσέλιος', 'Πάρ. Πιτσών 512-227,, 10397 Πάτρα', '210 766 0253', 813.29, 'ID989381G', 25, NULL),
(1151, 'Εύκλεια Γκόβα', 'Πλατεία Σινιών 62,, 255 50 Κομοτηνή', '2980861500', 2195.91, 'ID413024E', 13, NULL),
(1152, 'Ευγενία Λεντζίου', 'Χατζή 182,, ΤΚ 00636 Ναύπλιο', '+302436445338', 1502.23, 'ID834276F', 30, NULL),
(1153, 'Σπάρτη Κουρλού', 'Καραμπίνα 43,, 423 74 Καστοριά', '6971 427 321', 1172.86, 'ID316602C', 33, NULL),
(1154, 'Κλυταιμνήστρα Κασμιρλή', 'Λεωφόρος Πούρνου 38,, 99849 Αργοστόλι', '6992 487868', 811.57, 'ID991686B', 8, NULL),
(1155, 'Ανατολή Μαστραγγελή', 'Χαντζή 86,, ΤΚ 91176 Ηγουμενίτσα', '6902 467679', 824.73, 'ID286459G', 27, NULL),
(1156, 'Τρύφων Χατζιάρας', 'Μικρού Βουνού 36,, 77775 Σάμος', '210 821 1674', 2349.59, 'ID475744B', 13, NULL),
(1157, 'Δωρόθεος Μπαλτζής', 'Γαλατείας 015-700,, ΤΚ 21497 Κομοτηνή', '6960 142950', 1524.69, 'ID962820H', 15, NULL),
(1158, 'Μαρτίνος Διακάκης', 'Εξαμιλίων 0,, 75120 Ηγουμενίτσα', '6943405197', 2227.22, 'ID548106F', 40, NULL),
(1159, 'Ερμής Μαρκόπουλος', 'Πάροδος Καλαμαύκας 0,, ΤΚ 10018 Πολύγυρος', '210 5941884', 1697.01, 'ID726728F', 1, NULL),
(1160, 'Θεόκλεια Τοσούνη', 'Δυρραχίου 7,, 09056 Ξάνθη', '+30 2689 926762', 1907.39, 'ID850817B', 28, NULL),
(1161, 'Καλλίνικη-Μόσχα Τσαχάκη', 'Λεωφόρος Αμφείας 002-100,, ΤΚ 06308 Καστοριά', '+306970361435', 1016.46, 'ID748840C', 34, NULL),
(1162, 'Μικές-Σαμουήλ Τοδώρης', 'Ζώνης 73,, ΤΚ 970 11 Καρδίτσα', '+306964864477', 1342.24, 'ID284154G', 31, NULL),
(1163, 'Αναξαγόρας Πετράκης', 'Γεωργιανών 256,, ΤΚ 41032 Καρδίτσα', '23340 79 262', 2353.08, 'ID950115D', 6, NULL),
(1164, 'Ρεγγίνα Ποσάντζη', 'Αγγελίδου 39,, 81637 Αθήνα', '+302468879108', 985.66, 'ID620675H', 35, NULL),
(1165, 'Κικιλία Σελινοπούλου', 'Αραχναίου 82,, 58758 Ηράκλειο', '2109454039', 1525.21, 'ID517246D', 31, NULL),
(1166, 'Ελισάβετ Τζάγκα', 'Αγίου Αθανασίου 3,, 39472 Χαλκίδα', '2360391596', 1508.87, 'ID198907E', 38, NULL),
(1167, 'Κλεοπάτρα Βαϊραμίδου', 'Λαιίκων 5,, ΤΚ 77996 Καρδίτσα', '(+30) 6935 031019', 1542.62, 'ID882800G', 27, NULL),
(1168, 'Ιωνάς Μεταξάς', 'Ιθώμης 8,, 742 20 Ρόδος', '2420 175631', 1887.15, 'ID445768B', 19, NULL),
(1169, 'Μιράντα Γεροκώστα', 'Λεωφ. Οχυρού 82,, ΤΚ 524 03 Καβάλα', '2106748254', 2091.31, 'ID514027C', 28, NULL),
(1170, 'Γιασεμή Παλαμπουγιούκη', 'Βασιλικού 108,, 533 12 Ναύπλιο', '6927 812 670', 945.90, 'ID765728C', 5, NULL),
(1171, 'Χάρις Εμπορόπουλος', 'Πλ. Πλαγίων 746-122,, 363 69 Γρεβενά', '2520 936 537', 1000.46, 'ID793250C', 6, NULL),
(1172, 'Κύρος Πυλαρινός', 'Λεπιανών 265,, 47046 Πρέβεζα', '2891011188', 1859.82, 'ID260505A', 27, NULL),
(1173, 'Λέων Φανουργάκης', 'Μεταμόρφωσης 73,, 51235 Κοζάνη', '2104226135', 1795.78, 'ID488555F', 6, NULL),
(1174, 'Αγλαΐα-Χρυσή Δεδούκου', 'Φύλλου 132,, 50035 Σάμος', '+30 6902 105915', 1153.44, 'ID672265F', 26, NULL),
(1175, 'Αναστασία-Συμεώνη Πάντου', 'Μεσορρουγίου 570,, ΤΚ 47705 Χίος', '2840907378', 2156.16, 'ID589613B', 36, NULL),
(1176, 'Ροδάνθη Αρσενάκη', 'Κορινού 8,, ΤΚ 85037 Τρίκαλα', '(+30) 2903 490692', 1603.63, 'ID377468C', 22, NULL),
(1177, 'Προδρομία Τζιρατούδη', 'Λεοντίτου 37,, 73684 Χίος', '6998975355', 1507.96, 'ID109909B', 23, NULL),
(1178, 'Μόσχα Κατσιγιάννη', 'Τριβούνου 6,, 43407 Λάρισα', '(+30) 6963 914911', 1618.44, 'ID323814E', 2, NULL),
(1179, 'Σταμάτιος Μακρής', 'Σέσκλου 491-448,, 231 84 Σέρρες', '+30 2624 683011', 1476.72, 'ID200985F', 31, NULL),
(1180, 'Χριστοφόρα Ζώη', 'Λιγοψάς 41,, 56714 Κέρκυρα', '6991 829832', 1755.57, 'ID554683F', 30, NULL),
(1181, 'Ηρόδοτος Γρηγορόπουλος', 'Πορφυριάδου 063-365,, 34002 Βέροια', '210 6093441', 1982.37, 'ID432343H', 17, NULL),
(1182, 'Πασχάλης Γραμματικόπουλος', 'Σίββα 507,, 85878 Αλεξανδρούπολη', '+302177323463', 2216.62, 'ID175102D', 38, NULL),
(1183, 'Μερκούριος Κυπριώτης', 'Σταματινού 29,, ΤΚ 537 93 Πολύγυρος', '2720 862392', 2051.18, 'ID514371E', 10, NULL),
(1184, 'Σταύρος Καρούσος', 'Πλ. Κυπαρίσσου 573,, 041 88 Γρεβενά', '210 541 4867', 2453.50, 'ID196688G', 35, NULL),
(1185, 'Λεώνη Καπουρνιώτη', 'Καβαλλαρίου 3,, ΤΚ 49164 Ξάνθη', '25450 77 808', 1758.20, 'ID850313D', 36, NULL),
(1186, 'Γκόλφω Μπίκα', 'Πάροδος Παλαιού Λουτρού 10,, ΤΚ 60835 Καρπενήσι', '+306907784160', 1498.23, 'ID323964B', 4, NULL),
(1187, 'Θηρεσία Σαμτανίδου', 'Πλ. Ξαμουδοχωρίου 2,, ΤΚ 57878 Καλαμάτα', '210 3366002', 940.49, 'ID331190D', 35, NULL),
(1188, 'Ηλίας Μαυρουδής', 'Στυλίων 4,, 01396 Ιωάννινα', '2260741310', 1325.43, 'ID841682H', 5, NULL),
(1189, 'Θέμις-Ευτέρπη Κλεινάκη', 'Παλαιοχούνης 5,, 09753 Χανιά', '+30 6926 806452', 2396.29, 'ID314400G', 30, NULL),
(1190, 'Ελπίς Παπασπηλιωτοπούλου', 'Δρυόπης 30,, 738 78 Άμφισσα', '+30 6915 559952', 1104.88, 'ID673095E', 19, NULL),
(1191, 'Κόσμια Χονδρούδη', 'Καυκωνίας 783-122,, ΤΚ 475 68 Πύργος', '210 5520190', 816.08, 'ID298042H', 5, NULL),
(1192, 'Ταξιάρχης Πλακωτάρης', 'Μαζαρακιάς 51-75,, 48839 Γρεβενά', '6946 659730', 2373.71, 'ID514646C', 6, NULL),
(1193, 'Γλυκερία Γρηγοροπούλου', 'Απολπαίνης 1,, ΤΚ 74134 Ναύπλιο', '(+30) 2038 888020', 1333.29, 'ID268934D', 8, NULL),
(1194, 'Πραξιτέλης Δουμάς', 'Μαντά 7,, 08999 Άρτα', '+306973703286', 2301.26, 'ID397060F', 12, NULL),
(1195, 'Κυριαζής Θεοχάρης', 'Κατσιμάνη 9,, 71354 Αργοστόλι', '(+30) 2573 499094', 1403.27, 'ID774347A', 22, NULL),
(1196, 'Ευριπίδης-Δομήνικος Ρίγκος', 'Λεωφ. Βιδιακίου 62,, 97741 Ερμούπολη', '26590 47 497', 2186.84, 'ID553920C', 2, NULL),
(1197, 'Θωμάς Βαλτάς', 'Λιάκου 8,, 01010 Ηράκλειο', '2930 798 288', 986.46, 'ID571700D', 39, NULL),
(1198, 'Ζαχαρούλα Μαυροπούλου', 'Λυκόγιαννης 159-451,, ΤΚ 27338 Αθήνα', '6903 984104', 1139.61, 'ID216787D', 34, NULL),
(1199, 'Πολυξένη Μανουσοπούλου', 'Αγίας Ευθυμίας 35-11,, 646 83 Ξάνθη', '2506040915', 2403.40, 'ID623607D', 2, NULL),
(1200, 'Πολύδωρος Μπραζιώτης', 'Πεύκου 51,, 607 43 Λιβαδιά', '210 8309794', 1106.80, 'ID883345B', 7, NULL),
(1201, 'Νερατζιά Ζυγούρη', 'Αργυρίων 85,, 91281 Λευκάδα', '2902026448', 2288.84, 'ID866654H', 38, NULL),
(1202, 'Νεφέλη Καρακυρίου', 'Δερβενίου 099,, 30180 Φλώρινα', '2810 942 498', 1550.89, 'ID696814H', 28, NULL),
(1203, 'Νίκος-Αρχέλαος Γιαννάκης', 'Καζαντζή 505,, ΤΚ 33155 Πύργος', '210 753 4948', 1668.56, 'ID947021G', 29, NULL),
(1204, 'Ιουλία Παπανδρέου', 'Πιστιανών 607-744,, 41620 Βόλος', '2334004702', 2274.57, 'ID517223G', 24, NULL),
(1205, 'Πάτροκλος Νασίκας', 'Μάλεμε 19-00,, ΤΚ 15555 Γρεβενά', '+30 2288 992107', 992.09, 'ID643525H', 31, NULL),
(1206, 'Φλοριάντ-Αιμιλιανός Σκόρδος', 'Μπατζάνη 5,, ΤΚ 84497 Ρέθυμνο', '6920 313 984', 2359.17, 'ID561205G', 22, NULL),
(1207, 'Θέμης Αγγελής', 'Λεωφόρος Μοχού 41,, 247 68 Λαμία', '2100642630', 1273.71, 'ID260789H', 5, NULL),
(1208, 'Δωρόθεος Γκούσκος', 'Μητσοπούλου 80,, 819 35 Σάμος', '210 443 7297', 1487.46, 'ID702749A', 13, NULL),
(1209, 'Γιώργος Σταμόπουλος', 'Τούμπας 42,, 67983 Σπάρτη', '+30 6985 687661', 1581.95, 'ID395537B', 37, NULL),
(1210, 'Αγάπιος Μπουλούκος', 'Λεωφ. Υπάτου 29,, 463 20 Λαμία', '(+30) 6919 807897', 2362.69, 'ID501824H', 16, NULL),
(1211, 'Χλόη Μητροπούλου', 'Μαραθιά 101-571,, 82630 Βόλος', '(+30) 2780 020209', 2156.21, 'ID172407E', 38, NULL),
(1212, 'Ιορδάνης Κρεμμύδας', 'Κουτίφαρη 00-62,, ΤΚ 095 66 Λιβαδιά', '2508070441', 2304.69, 'ID849954B', 25, NULL),
(1213, 'Έλλη Μαλλή', 'Πλατανιάς 989,, ΤΚ 725 26 Πάτρα', '2400533145', 1780.68, 'ID146810C', 7, NULL),
(1214, 'Δομήνικος Σταυρόπουλος', 'Χασάπη 8,, 61200 Πρέβεζα', '+30 6974 177996', 1304.33, 'ID818334A', 21, NULL),
(1215, 'Γαλάτιος Κωνσταντόπουλος', 'Ζυφιά 30,, 01921 Αθήνα', '21100 41 368', 2377.72, 'ID252324C', 31, NULL),
(1216, 'Ζαμπέτα Βαφειάδου', 'Καπελέτου 303,, ΤΚ 68382 Τρίπολη', '2230419931', 1623.88, 'ID385891D', 7, NULL),
(1217, 'Τηλεμαχος Ασαρίδης', 'Καρατάσου 647,, ΤΚ 68914 Λευκάδα', '+306902092950', 2364.68, 'ID993659B', 8, NULL),
(1218, 'Κωστούλα Γκάβρου', 'Λιβαρτζίου 69-01,, 06722 Σάμος', '(+30) 2600 411205', 1420.66, 'ID913916C', 38, NULL),
(1219, 'Θεολόγος Σιώρης', 'Πλ. Χρυσοχωράφων 54,, 54789 Ηγουμενίτσα', '(+30) 2559 715968', 979.09, 'ID483328C', 11, NULL),
(1220, 'Βαλάντης Δουκάς', 'Συνετίου 62,, 13588 Χίος', '210 947 8347', 1415.74, 'ID522512G', 35, NULL),
(1221, 'Καλλιρρόη Γιαννοπούλου', 'Λιθινών 69-48,, 27803 Αλεξανδρούπολη', '+306905126223', 1594.62, 'ID340869D', 35, NULL),
(1222, 'Ερμής Κώττας', 'Λεωφ. Ψιανών 9,, 95177 Κιλκίς', '210 218 0277', 2119.12, 'ID730924F', 2, NULL),
(1223, 'Ευδόξιος Χρονόπουλος', 'Μητροπούλου 300,, 55281 Ζάκυνθος', '+30 2477 722831', 1277.35, 'ID391810D', 30, NULL),
(1224, 'Όλγα Οικονόμου', 'Λουτσών 07,, 70659 Ξάνθη', '2710752781', 1492.46, 'ID927422A', 28, NULL),
(1225, 'Στυλιανός Σαραφίδης', 'Βομβοκούς 83-91,, ΤΚ 143 88 Δράμα', '2670837838', 2062.39, 'ID413527D', 20, NULL),
(1226, 'Απόλλων Αλεξανδρόπουλος', 'Φελλίου 04,, 863 47 Θεσσαλονίκη', '+30 6984 323155', 1784.95, 'ID268667A', 16, NULL),
(1227, 'Καρυοφυλλιά Μιχελακάκη', 'Αρχανίου 3,, 290 30 Σάμος', '2940 707 474', 1505.23, 'ID859685C', 12, NULL),
(1228, 'Αλκιβιάδης Τσικνιάς', 'Κανακάδων 79,, 538 38 Μυτιλήνη', '(+30) 2814 449701', 2465.34, 'ID271437C', 25, NULL),
(1229, 'Σπήλιος Σδραλλής', 'Συνοδινού 47-58,, 83866 Βέροια', '+302627057760', 920.44, 'ID638383F', 22, NULL),
(1230, 'Καλή Τσαμοπούλου', 'Αμελάντων 500-151,, 976 30 Πάτρα', '6922501204', 1841.11, 'ID267545G', 5, NULL),
(1231, 'Ερμόλαος Κουλίδης', 'Καρίτσης 18,, 69810 Πρέβεζα', '+30 2962 492127', 1402.51, 'ID610602F', 5, NULL),
(1232, 'Σωτήριος-Νεκτάριος Καραμσαλής', 'Ελάτου 7,, ΤΚ 062 31 Αγ. Νικόλαος', '210 9144007', 1123.98, 'ID672504F', 10, NULL),
(1233, 'Ουρανία Σαλέμη', 'Λεωφ. Βρυοτόπου 83,, 48510 Λευκάδα', '2630 825 198', 2292.42, 'ID265611A', 36, NULL),
(1234, 'Ευθύμιος Γεννηματάς', 'Λυκοτράφου 39-84,, ΤΚ 188 77 Ρέθυμνο', '2930079039', 2421.86, 'ID940221E', 35, NULL),
(1235, 'Εμμανουήλ-Μαυρίκιος Μαυρογονάτος', 'Βούτση 10,, 30899 Πολύγυρος', '6958 981 588', 1010.73, 'ID307413F', 3, NULL),
(1236, 'Αναξαγόρας Τσούπρας', 'Παπαθωμά 96,, ΤΚ 066 31 Λαμία', '210 7901938', 2385.89, 'ID334621F', 25, NULL),
(1237, 'Αλεξάνδρα Ταυλαρίδου', 'Φασατάκη 66,, 467 75 Άρτα', '6980547183', 2234.06, 'ID909597C', 28, NULL),
(1238, 'Ανθούλα Σεβαστού', 'Κακοπλευρίου 72,, 642 53 Βόλος', '2660 872317', 2065.18, 'ID666923D', 1, NULL),
(1239, 'Μηνάς Κούτρης', 'Λιρών 028-031,, 27868 Βέροια', '210 5164725', 1285.63, 'ID755242D', 6, NULL),
(1240, 'Δράκων Κουκουλιάντας', 'Στενού 9,, ΤΚ 24666 Λαμία', '+30 6993 778161', 1027.78, 'ID269836A', 39, NULL),
(1241, 'Αγαμέμνων Νικολαΐδης', 'Πετράδων 209-613,, ΤΚ 636 56 Πάτρα', '(+30) 2315 957321', 1644.06, 'ID208178C', 9, NULL),
(1242, 'Μόσχα Παπαστεργίου', 'Πάντου 88,, ΤΚ 334 24 Πολύγυρος', '2706067493', 2089.57, 'ID638103D', 13, NULL),
(1243, 'Θεόκλεια Κασσωτάκη', 'Ματαράγκας 6,, ΤΚ 011 13 Ερμούπολη', '2560280034', 2162.30, 'ID388527G', 40, NULL),
(1244, 'Φιλιππία Δαΐκου', 'Πάρ. Μέσα Μουλιανών 82,, ΤΚ 55250 Γρεβενά', '2000 253 892', 2306.47, 'ID679940F', 24, NULL),
(1245, 'Δομήνικος Ακαλίδης', 'Ορθονιών 667-859,, 22156 Αθήνα', '6993 956351', 1565.40, 'ID409600B', 1, NULL),
(1246, 'Έκτορας Ακαλίδης', 'Μαρμάρου 43,, ΤΚ 095 99 Τρίπολη', '2101757246', 2018.27, 'ID846439B', 25, NULL),
(1247, 'Γκίκας Αδαμόπουλος', 'Καλλιόπης 305,, 227 72 Πολύγυρος', '2104401407', 2131.46, 'ID885824C', 34, NULL),
(1248, 'Ευδόξιος Σακελλαρίου', 'Συκολόγου 24,, 391 90 Μεσολόγγι', '2739056346', 2205.30, 'ID399324D', 15, NULL),
(1249, 'Αβραάμ Παπαθεοδοσίου', 'Ποταμιά 313-448,, ΤΚ 26221 Αργοστόλι', '+306998892560', 2460.26, 'ID796961F', 22, NULL),
(1250, 'Κλεοπάτρα Μαυρίδου', 'Διακουμή 35,, ΤΚ 19736 Βέροια', '6920 755 444', 1776.83, 'ID195735G', 11, NULL),
(1251, 'Νικήτας Τσέλιος', 'Μασχολουρίου 05-41,, 69041 Πύργος', '+302868810533', 894.73, 'ID926589D', 33, NULL),
(1252, 'Λέανδρος Γρεβενάρης', 'Πλατεία Μάζης 16,, 419 18 Ζάκυνθος', '210 279 8670', 1197.79, 'ID468514H', 32, NULL),
(1253, 'Ελπίδα Ματεντσίδου', 'Αγκουσελιανών 86,, 556 18 Χίος', '2867039359', 1107.44, 'ID874569C', 9, NULL),
(1254, 'Λαυρεντία-Ελπίδα Πανκίδου', 'Καπνοχωρίου 63-71,, 43336 Μυτιλήνη', '+30 6920 868437', 1855.42, 'ID552696E', 30, NULL),
(1255, 'Αιμιλία Μαυρίδου', 'Κρικέλλου 533,, ΤΚ 36223 Ηράκλειο', '210 997 0289', 1923.99, 'ID638928C', 9, NULL),
(1256, 'Σεμίνα Γαλανοπούλου', 'Λεωφ. Νεοχωροπούλου 29,, 076 38 Γρεβενά', '+302599662393', 983.44, 'ID373103A', 3, NULL),
(1257, 'Μάρθα Γεωργίτση', 'Ψυχάρη 50,, 813 48 Κέρκυρα', '210 664 3610', 2449.91, 'ID863940C', 14, NULL),
(1258, 'Τρισεύγενη-Νικολίτσα Λιούκα', 'Γεωργίτση 3,, ΤΚ 853 14 Τρίπολη', '2540 361215', 2381.73, 'ID374880G', 16, NULL),
(1259, 'Ρήγας Βλάχος', 'Αραπάκη 51,, ΤΚ 36798 Λευκάδα', '6946 466330', 1338.68, 'ID691230G', 13, NULL),
(1260, 'Όλγα-Αχιλλεία Σαμτανίδου', 'Ασμηνίου 66,, ΤΚ 565 33 Σπάρτη', '+30 6905 941519', 1545.66, 'ID476856E', 13, NULL),
(1261, 'Λουλουδένια Καρκανάκη', 'Φουρνέ 440-126,, 74150 Λάρισα', '2930 954 837', 1784.96, 'ID460708A', 9, NULL),
(1262, 'Νεκτάριος Ζολώτας', 'Μαθίας 8,, 16417 Κιλκίς', '6962897528', 2394.52, 'ID288747F', 1, NULL),
(1263, 'Ξανθή Σαπρίκη', 'Μαμουλάδας 91,, 306 92 Μυτιλήνη', '+30 6992 942489', 1449.66, 'ID175100H', 24, NULL),
(1264, 'Αλέξιος Γιαννές', 'Αγγελοχωρίου 691-420,, 653 62 Μυτιλήνη', '6981745639', 949.11, 'ID611595G', 2, NULL),
(1265, 'Γραμματική-Ποθητή Νίκα', 'Κριτσάς 238,, ΤΚ 429 22 Καρδίτσα', '(+30) 2485 939304', 1760.10, 'ID916716G', 20, NULL),
(1266, 'Ναθαναήλ Νιτσοτόλης', 'Κοντακαιίκων 64,, ΤΚ 725 94 Βέροια', '2320613857', 2193.94, 'ID242369E', 18, NULL),
(1267, 'Αρχέλαος Κουράκος', 'Πάρ. Τριχωνίου 90,, ΤΚ 58342 Καρδίτσα', '+30 6996 989080', 2035.01, 'ID625384C', 17, NULL),
(1268, 'Βλασία Δαΐκου', 'Τζιγκούρα 38-00,, 41016 Ηγουμενίτσα', '2290 474672', 1569.86, 'ID517903E', 35, NULL),
(1269, 'Νίκανδρος Παπαδόπουλος', 'Λεωφ. Μεσοχώρας 57-88,, ΤΚ 854 18 Ζάκυνθος', '2100740302', 2239.90, 'ID521877H', 13, NULL),
(1270, 'Ιωνάς Βιτσαξής', 'Καλαφατιώνων 100,, 93785 Θεσσαλονίκη', '6976702585', 2368.53, 'ID441855E', 28, NULL),
(1271, 'Θάλεια Κουζουλά', 'Πάρ. Κορακοχωρίου 46-82,, ΤΚ 608 00 Λάρισα', '2640093873', 1233.65, 'ID910581E', 1, NULL),
(1272, 'Φιλιππία Δουκίδου', 'Στρούμπα 42,, ΤΚ 17683 Σέρρες', '2105065444', 2457.15, 'ID116862E', 30, NULL),
(1273, 'Χρυσαφένια Αναστασάκη', 'Σκούρτων 30,, 414 59 Σπάρτη', '(+30) 6940 244541', 1462.62, 'ID532826B', 15, NULL),
(1274, 'Κλεόβουλος Γκανάτσιος', 'Γρίβα 7,, 43803 Πάτρα', '2840 647 837', 997.46, 'ID174912C', 29, NULL),
(1275, 'Ρέα Μαστραγγελή', 'Αμπέλου 4,, 467 12 Λιβαδιά', '2120 680 399', 1283.77, 'ID731725C', 28, NULL),
(1276, 'Ουρανία Χολέβα', 'Βαμβακοφύτου 21,, 197 64 Αλεξανδρούπολη', '6950222753', 1183.05, 'ID453922A', 11, NULL),
(1277, 'Θέτις Χωριανοπούλου', 'Λεωφ. Ραβενίων 244,, ΤΚ 56153 Ηγουμενίτσα', '+30 6959 944022', 2102.82, 'ID956002H', 32, NULL),
(1278, 'Αυξέντιος Λεβέντης', 'Καραμανλή 8,, 62675 Κέρκυρα', '+302281696291', 1582.20, 'ID852495E', 6, NULL),
(1279, 'Αβραάμ-Αθανάσιος Κορομήλας', 'Καλούδη 288-790,, 19401 Λάρισα', '210 4586954', 1116.62, 'ID748926E', 15, NULL),
(1280, 'Πολυτίμη Αρχάκη', 'Δαφνουδίου 818,, 60316 Ζάκυνθος', '+302569475523', 1351.09, 'ID290476A', 34, NULL),
(1281, 'Βενέτιος Χατζησαββίδης', 'Μιχελή 9,, 776 60 Λάρισα', '+30 2243 287555', 2276.01, 'ID293926D', 13, NULL),
(1282, 'Ευδόξιος Γαρυφαλίδης', 'Ξηρονομής 88,, ΤΚ 052 36 Φλώρινα', '(+30) 2361 979207', 1654.84, 'ID824359F', 32, NULL),
(1283, 'Σεβαστιανός Κώττας', 'Κιλκίς 27,, ΤΚ 46486 Κοζάνη', '2430363450', 1395.27, 'ID544827H', 35, NULL),
(1284, 'Ζαμπία Παπουτσοπούλου', 'Ζυφιά 66,, ΤΚ 811 25 Ρόδος', '2960 182 541', 1453.65, 'ID345508H', 9, NULL),
(1285, 'Μαυρούδης Μανιώτης', 'Καραντάνα 00,, ΤΚ 153 58 Πρέβεζα', '+302033302131', 826.14, 'ID924208C', 26, NULL),
(1286, 'Ευθαλία Κατσανίκου', 'Πεπονιάς 09,, 948 49 Χαλκίδα', '(+30) 2214 106934', 1637.17, 'ID589237D', 34, NULL),
(1287, 'Ροδιά Γκάβρου', 'Λεωφ. Πλατανίου 2,, 341 26 Μυτιλήνη', '6952 522 064', 1912.90, 'ID263062D', 6, NULL),
(1288, 'Κωνσταντίνα Οικονόμου', 'Δημητριάδου 16,, ΤΚ 13883 Καβάλα', '+30 6909 434139', 1470.95, 'ID616345E', 2, NULL),
(1289, 'Καλλίνικος-Χάρις Αγγελίδης', 'Σκάφης 2,, 713 76 Ηγουμενίτσα', '2160 476 885', 2270.44, 'ID630700H', 25, NULL),
(1290, 'Ακριβός Λουπασάκης', 'Φυλής 5,, ΤΚ 878 89 Τρίπολη', '+30 6995 630835', 2138.64, 'ID510729G', 19, NULL),
(1291, 'Τζανέτος Δουκατζής', 'Αγίου Ηλία Πύργου 714-169,, 713 58 Καστοριά', '2720000896', 1571.27, 'ID704254G', 10, NULL),
(1292, 'Χάρη Τυμβίου', 'Χωτούσσης 25,, ΤΚ 95272 Λιβαδιά', '+302841028967', 1118.92, 'ID108263C', 28, NULL),
(1293, 'Χρυσόστομη Τσάτη', 'Δράμας 03,, ΤΚ 504 67 Βέροια', '2020541924', 857.71, 'ID686083D', 16, NULL),
(1294, 'Παταπία-Αριστέα Κουτσοβίδου', 'Λεωφ. Αμμοτόπου 46-75,, ΤΚ 29104 Αλεξανδρούπολη', '6944252201', 2142.16, 'ID253086D', 6, NULL),
(1295, 'Κρυσταλλένια Λογοθέτη', 'Μακρυρράχης 23-54,, ΤΚ 94910 Σπάρτη', '+30 6946 169234', 1475.36, 'ID654423B', 25, NULL),
(1296, 'Θεοπίστη Πάνου', 'Δοξάτου 4,, 951 76 Ρόδος', '2316095588', 2042.62, 'ID486224C', 20, NULL),
(1297, 'Μένανδρος Καραμάνος', 'Ταξίδου 799,, 36674 Αθήνα', '6996053391', 2487.01, 'ID140090G', 33, NULL),
(1298, 'Ραχήλ Σκουλαρίδης', 'Ορεινής 04,, 28623 Πολύγυρος', '+306942483782', 1755.71, 'ID338986B', 20, NULL),
(1299, 'Αννίκα Αλεξοπούλου', 'Ντερέ 4,, 29305 Φλώρινα', '+306942544467', 1058.91, 'ID783575A', 30, NULL),
(1300, 'Κλεάνθης Κλήμης', 'Κουμπουριανών 05,, 564 24 Λευκάδα', '29680 15 832', 1232.26, 'ID971838H', 6, NULL),
(1301, 'Μιχάλης Νανούρης', 'Μιχαηλίδου 107,, 70289 Τρίπολη', '6951 235159', 1425.19, 'ID187578C', 26, NULL),
(1302, 'Πολύβιος Αναστασόπουλος', 'Μούδρου 2,, ΤΚ 61758 Χαλκίδα', '2880453935', 1329.30, 'ID407533F', 29, NULL),
(1303, 'Λητώ Μανοπούλου', 'Δάρα 06,, ΤΚ 770 70 Άρτα', '2510120304', 1277.51, 'ID204795G', 40, NULL),
(1304, 'Αγλαΐα-Δροσιά Χατζηφώτη', 'Παλιαμπέλων 4,, 01172 Ηράκλειο', '+302338443932', 1258.21, 'ID316482A', 15, NULL),
(1305, 'Σοφοκλής Πατσούρας', 'Κουτσούμπεη 77,, ΤΚ 69276 Καρπενήσι', '+302393971591', 1808.44, 'ID543032E', 18, NULL),
(1306, 'Λάσκαρης Κωτσικόρης', 'Μιχαηλίδου 42,, ΤΚ 640 67 Καρπενήσι', '2550 882945', 1835.48, 'ID183607E', 25, NULL),
(1307, 'Αδαμάντιος Βελεντζάς', 'Λούτσας 835-417,, ΤΚ 02583 Βέροια', '6925 935392', 1400.67, 'ID700120G', 26, NULL),
(1308, 'Ιουλία Μαυρίδη', 'Μιχελή 080,, 845 17 Ξάνθη', '2880 757218', 2422.52, 'ID878629C', 35, NULL),
(1309, 'Σολομών Κυργιάκης', 'Γουλεμίου 7,, 38280 Ιωάννινα', '(+30) 2019 902684', 1743.74, 'ID139230A', 24, NULL),
(1310, 'Δήμος-Χάρις Νικολαΐδης', 'Πάροδος Μεγαλοχωρίου 70,, 41984 Πρέβεζα', '(+30) 6976 878555', 2177.47, 'ID476504E', 1, NULL),
(1311, 'Πολύκαρπος Κακοσαίος', 'Χρυσοχωράφων 0,, ΤΚ 46044 Άρτα', '+306942125984', 2282.69, 'ID576198F', 32, NULL),
(1312, 'Ήλια Μπατζάνη', 'Μυροδάφνης 848-693,, 54877 Χίος', '2320 345754', 1571.26, 'ID399635B', 23, NULL),
(1313, 'Κλέαρχος-Πανορμίτης Σιώρης', 'Μοναχιτίου 8,, ΤΚ 761 27 Φλώρινα', '2108675634', 1280.57, 'ID620407E', 9, NULL),
(1314, 'Βιολέτα Δαμήλου', 'Χαραυγής 00,, ΤΚ 37641 Βέροια', '(+30) 2034 141717', 1206.33, 'ID468860E', 7, NULL),
(1315, 'Δωροθέα Σταύρου', 'Αγία Βαρβάρα 46,, 34920 Καστοριά', '2103097990', 1544.04, 'ID905109C', 29, NULL),
(1316, 'Ανδρόνικος Τζιώτζης', 'Ίσαρη 316,, 76929 Ζάκυνθος', '2108009801', 1338.60, 'ID715908A', 36, NULL),
(1317, 'Βαγιανή Κυρκούδη', 'Καναλίου 274,, 259 61 Ιωάννινα', '6980 161 378', 1033.04, 'ID259946D', 9, NULL),
(1318, 'Ηώ Μαυροείδη', 'Λεωφόρος Χωρεπισκόπων 55,, 36288 Λάρισα', '2100572246', 1974.90, 'ID231550B', 14, NULL),
(1319, 'Μίνωας Πιτερός', 'Κυθήρων 963,, 963 18 Άρτα', '2410 247200', 2255.82, 'ID732019H', 38, NULL),
(1320, 'Χριστίνα Φειζατίδου', 'Λιτοχώρου 481,, 77237 Ναύπλιο', '+30 6958 413840', 2477.09, 'ID294561D', 40, NULL),
(1321, 'Μυρτώ Καχριμανίδη', 'Πλ. Αγραφών 53,, 68261 Λευκάδα', '24960 76 259', 2343.19, 'ID916700H', 30, NULL),
(1322, 'Φεβρωνία Κουλουμπού', 'Σταυρακίων 53,, 73110 Λαμία', '6928 755 447', 1073.40, 'ID628892G', 29, NULL),
(1323, 'Γκίκας Σακελλαρίου', 'Μελισσοπέτρας 547,, ΤΚ 96826 Αργοστόλι', '+302198935638', 2185.96, 'ID693625H', 17, NULL),
(1324, 'Μιλτιάδης Χιτός', 'Βαβιλών 68,, ΤΚ 84081 Καρδίτσα', '+30 6941 015158', 1372.08, 'ID451421G', 9, NULL),
(1325, 'Ανδριανή Σελινοπούλου', 'Πάρ. Λητής 022,, 34087 Καρπενήσι', '+30 6935 509463', 2214.86, 'ID568062E', 36, NULL),
(1326, 'Ειρηναίος Μασόπουλος', 'Νερομύλου 91,, ΤΚ 465 91 Καβάλα', '6920699085', 1998.18, 'ID358028D', 19, NULL),
(1327, 'Παυσανίας Χατζησάββας', 'Λεωφ. Λευκού 620-084,, 66870 Λιβαδιά', '2100148012', 1778.28, 'ID569094C', 39, NULL),
(1328, 'Ιάσονας Κιουπλιώτης', 'Λεωφόρος Δαφνωτής 41,, ΤΚ 547 95 Γρεβενά', '2850 584 349', 912.83, 'ID287753B', 34, NULL),
(1329, 'Βλάσιος Πουλιέζος', 'Πάροδος Βιδιακίου 97,, 50101 Κέρκυρα', '2700527776', 2157.39, 'ID907071H', 6, NULL),
(1330, 'Θεοφίλη Μιχελακάκη', 'Βιζαρίου 00,, 31913 Τρίκαλα', '(+30) 2351 599641', 981.92, 'ID556068G', 15, NULL),
(1331, 'Χρυσόστομος Μαντζουράνης', 'Πλατεία Σελλασίας 0,, 29953 Άμφισσα', '22850 39 649', 1854.61, 'ID356883F', 24, NULL),
(1332, 'Αγνή Κολαΐτου', 'Ελευθερίου-Κορδελιού 0,, 86574 Κιλκίς', '6929 107 914', 1299.22, 'ID687684H', 9, NULL),
(1333, 'Βαρβάρα Μωυσίδου', 'Παλαμά 13,, 73920 Άρτα', '(+30) 6912 881865', 1051.90, 'ID736437H', 18, NULL),
(1334, 'Φρύνη Πολίτου', 'Λεωφ. Καλαβρούζης 8,, ΤΚ 666 83 Δράμα', '2104542603', 1498.93, 'ID913918C', 4, NULL),
(1335, 'Αντώνιος-Μερκούριος Κερασοβίτης', 'Πάρ. Στόλων 11-81,, ΤΚ 78330 Αθήνα', '26030 58 965', 1977.53, 'ID954582A', 14, NULL),
(1336, 'Ερωτόκριτος Περδικάκης', 'Τζιρατούδη 47,, ΤΚ 430 35 Γρεβενά', '6937 404203', 1529.42, 'ID535447H', 4, NULL),
(1337, 'Στεφανία Αποστολάκη', 'Αντιπερνών 34-04,, ΤΚ 80193 Τρίπολη', '2790 448 777', 1856.18, 'ID290957F', 14, NULL),
(1338, 'Νεκτάριος-Ροδόφλος Τερζής', 'Χελυδορέου 77-98,, 43248 Κοζάνη', '6996 691 482', 1485.87, 'ID480681G', 14, NULL);
INSERT INTO `employees` (`employee_id`, `full_name`, `address`, `phone`, `salary`, `id_number`, `store_id`, `user_id`) VALUES
(1339, 'Μιχαέλα Πάνου', 'Κουμαραδαίων 66-00,, ΤΚ 166 25 Κατερίνη', '2106140780', 2169.40, 'ID901117H', 15, NULL),
(1340, 'Ζηναϊς Μαλίμη', 'Κληματακίου 00,, ΤΚ 46635 Σάμος', '210 898 3623', 1687.57, 'ID642449H', 19, NULL),
(1341, 'Κηρύκος Κατσίφος', 'Λεωφ. Δίβρης 6,, 44168 Ρέθυμνο', '210 129 4230', 1996.33, 'ID774546G', 2, NULL),
(1342, 'Υβόννη Σαμπάνη', 'Στενής 19-15,, 61737 Τρίκαλα', '+30 6949 945447', 2332.81, 'ID523891F', 36, NULL),
(1343, 'Λύσανδρος Κομπολιάς', 'Βραδέτου 60,, ΤΚ 512 61 Φλώρινα', '(+30) 2970 804334', 1176.90, 'ID459883G', 28, NULL),
(1344, 'Δανάη Πουλιάση', 'Καλού Χωρίου 60,, 65902 Σάμος', '6988 715300', 2062.83, 'ID574217F', 16, NULL),
(1345, 'Ανθούλα Σκαφτούρου', 'Πλ. Σκύδρας 082-241,, 20478 Ζάκυνθος', '+30 2096 292174', 2289.42, 'ID992153G', 3, NULL),
(1346, 'Θέτις Πέττα', 'Δουμπιών 78,, 91643 Σάμος', '6968031452', 1313.57, 'ID277494C', 17, NULL),
(1347, 'Σωφρονία Στούμπου', 'Βακουφτσή 254-744,, ΤΚ 300 56 Αγ. Νικόλαος', '+302233859701', 1563.26, 'ID910356C', 23, NULL),
(1348, 'Φοίβη-Ακριβή Παναγιωτακοπούλου', 'Μεγαλοχωρίου 2,, 49914 Κατερίνη', '2520 807902', 1580.14, 'ID730008C', 35, NULL),
(1349, 'Πρόδρομος Μίσχος', 'Πορτοχελίου 601-567,, 86342 Καρπενήσι', '(+30) 6962 616197', 1771.10, 'ID519138B', 4, NULL),
(1350, 'Μαυρούδης Καφίρης', 'Δεδούκου 208,, ΤΚ 66403 Λευκάδα', '+306903194947', 1292.01, 'ID271430D', 37, NULL),
(1351, 'Ευστάθιος Βούλκος', 'Ξορυχτίου 7,, 95187 Έδεσσα', '+306927385660', 1551.81, 'ID812068A', 9, NULL),
(1352, 'Ευγένιος Πετρογιάννης', 'Σουρωτής 107,, ΤΚ 833 78 Αγ. Νικόλαος', '+306960437830', 905.39, 'ID552788E', 4, NULL),
(1353, 'Λαοκράτης-Θεόπιστος Γκατζογιάννης', 'Γιαννιτσίου 44,, ΤΚ 40971 Σάμος', '+30 6980 359240', 1948.08, 'ID154598H', 38, NULL),
(1354, 'Κρυστάλλης-Ιερόθεος Χαρτερός', 'Μαραθοκάμπου 136-820,, ΤΚ 03413 Τρίπολη', '2700490279', 1388.70, 'ID948901E', 9, NULL),
(1355, 'Ευτύχιος-Δημήτρης Ρωμαίου', 'Πλ. Αντικύρας 18-99,, 531 81 Άμφισσα', '+30 6942 550680', 2416.67, 'ID800654E', 23, NULL),
(1356, 'Χρυσόστομη Καρκανάκη', 'Κτιστάδων 804,, 86367 Θεσσαλονίκη', '2590329796', 2065.34, 'ID331550C', 9, NULL),
(1357, 'Πολυχρονία Βαρελίδου', 'Πυργέλλας 99-91,, 62884 Ζάκυνθος', '210 219 0951', 1646.76, 'ID409715C', 25, NULL),
(1358, 'Δημόκριτος-Θαλής Μάνδρος', 'Μπαφέρα 9,, ΤΚ 230 66 Πάτρα', '23200 93 907', 1130.54, 'ID880335A', 23, NULL),
(1359, 'Ρήγας Σιώρης', 'Πάρ. Περιβολίων Κισσάμου 5,, ΤΚ 737 69 Σπάρτη', '(+30) 6913 563972', 2484.17, 'ID739924A', 3, NULL),
(1360, 'Πασχαλιά-Σεραφεία Νταγκαλή', 'Μιραλίου 285-360,, 56581 Καβάλα', '6960 042679', 1541.17, 'ID590789A', 1, NULL),
(1361, 'Χρυσοβαλάντου Λαλαούνη', 'Πλατεία Ανθοχωρίου Δωδώνης 366,, 12551 Πύργος', '2920 129783', 2034.30, 'ID405175A', 11, NULL),
(1362, 'Συμεωνία Δερλώπα', 'Δονούσης 324-467,, ΤΚ 034 27 Κόρινθος', '2334080875', 1444.70, 'ID969769E', 34, NULL),
(1363, 'Χρίστος Πανδής', 'Σγουράδων 8,, ΤΚ 10674 Αθήνα', '2300 634805', 1520.51, 'ID425539A', 27, NULL),
(1364, 'Ζαφείρης Λουλάκης', 'Καραβοστάμου 1,, 67489 Θεσσαλονίκη', '26480 05 225', 1836.49, 'ID541051A', 37, NULL),
(1365, 'Πίνδαρος Δουλάμης', 'Παλιούρα 345-370,, 51906 Φλώρινα', '+30 2490 451755', 1711.32, 'ID729522F', 33, NULL),
(1366, 'Κλεάνθης Αγαλιώτης', 'Φιλαδελφείας 35,, ΤΚ 104 53 Κομοτηνή', '6934388659', 1363.42, 'ID315184D', 24, NULL),
(1367, 'Μελέτιος Ζηδιανάκης', 'Πλατεία Μεγάλου Χωρίου 16,, ΤΚ 73947 Ρέθυμνο', '(+30) 2716 906978', 1974.78, 'ID227762F', 13, NULL),
(1368, 'Άνθιμος Λουλάκης', 'Βαλκάνου 5,, ΤΚ 327 72 Αθήνα', '2400 730158', 1516.92, 'ID641082B', 32, NULL),
(1369, 'Άλκηστις-Μόσχα Κουλοχέρη', 'Παυλή 473,, ΤΚ 713 96 Κομοτηνή', '2104044394', 2178.42, 'ID176854A', 5, NULL),
(1370, 'Βασίλειος Κουτεντάκης', 'Καταφυλλίου 4,, 42433 Κομοτηνή', '+302545690933', 1273.10, 'ID321596B', 32, NULL),
(1371, 'Βαρθολομαίος Τζαβέλλας', 'Πάροδος Κάπης 18,, 81800 Τρίπολη', '2068063147', 2070.80, 'ID544078E', 38, NULL),
(1372, 'Άλκηστις Μαρουγιάννη', 'Κακουραίικων 80,, ΤΚ 173 68 Καρπενήσι', '+30 6982 851143', 986.53, 'ID328439H', 9, NULL),
(1373, 'Ασημής Ξηρογιάννης', 'Μιχαηλίδου 79,, 900 04 Σάμος', '6934056980', 1932.80, 'ID135117B', 2, NULL),
(1374, 'Θεοχάρης Κατσιλής', 'Κορομπόκη 0,, 70272 Ρέθυμνο', '+306989161865', 2052.00, 'ID165910A', 36, NULL),
(1375, 'Βησσαρίων Χρυσικός', 'Ραδιοπούλου 22,, 08232 Χίος', '2131086571', 1297.69, 'ID832010H', 8, NULL),
(1376, 'Φιλίππα Καρολίδου', 'Αρριανά 03-26,, ΤΚ 550 37 Σάμος', '6950 843021', 1852.62, 'ID977356H', 40, NULL),
(1377, 'Ράλλης Ντότης', 'Καργάκου 553,, 607 66 Αργοστόλι', '2800 137 686', 2430.28, 'ID913000H', 4, NULL),
(1378, 'Μηνάς Κερασοβίτης', 'Πετροκεράσων 73,, 97669 Σπάρτη', '210 522 7475', 1162.37, 'ID146852H', 18, NULL),
(1379, 'Αγαθάγγελος Κακαβός', 'Πλ. Μεγαρέων 03,, 727 35 Δράμα', '2100945625', 1243.35, 'ID876955G', 38, NULL),
(1380, 'Αδαμάντιος Μπίλλας', 'Παλούμπας 1,, 269 23 Ξάνθη', '6962 332 817', 1973.41, 'ID565103B', 4, NULL),
(1381, 'Γλαύκη Πέτση', 'Μαρτιάδου 552-159,, 70558 Σάμος', '6993484056', 1118.12, 'ID731407C', 1, NULL),
(1382, 'Αφέντρα Μπαφέρα', 'Σελλάδων 60,, 537 94 Σέρρες', '+306980021955', 1824.70, 'ID245326D', 10, NULL),
(1383, 'Πυθαγόρας Κουτσικόπουλος', 'Μπακοστεργίου 37,, 65186 Ρέθυμνο', '+306944006908', 2070.94, 'ID926131D', 33, NULL),
(1384, 'Ηρακλής Ανδρικόπουλος', 'Ιωακείμ 5,, ΤΚ 41211 Αθήνα', '2106381874', 1372.28, 'ID902305B', 28, NULL),
(1385, 'Ροδόφλος Βούκας', 'Κρωπίας 63,, 23241 Αργοστόλι', '29890 65 042', 2281.07, 'ID666434H', 27, NULL),
(1386, 'Ξενοφών Καρανασίου', 'Ταξίδου 1,, 19654 Λαμία', '(+30) 2705 879457', 1873.36, 'ID842896A', 29, NULL),
(1387, 'Βεατρίκη Αργυράκη', 'Καρδαμαίνης 5,, 60278 Κόρινθος', '210 1698235', 2183.65, 'ID995041B', 38, NULL),
(1388, 'Σπυρίδων Μαργαρώνης', 'Ελευθεροχωρίου 60,, ΤΚ 469 93 Πύργος', '6971 647 104', 1947.95, 'ID555025E', 12, NULL),
(1389, 'Βύρων-Κυριαζής Μουσελίμης', 'Τσικρίκα 861-656,, ΤΚ 559 96 Αργοστόλι', '6981 092 559', 1646.99, 'ID593178F', 24, NULL),
(1390, 'Δαμιανός Πιπερίγκος', 'Δουλγεράκη 67-49,, ΤΚ 481 98 Πολύγυρος', '(+30) 6984 967742', 1134.15, 'ID239476D', 1, NULL),
(1391, 'Ευκλείδης Λιτίνας', 'Χωστιά 261-448,, ΤΚ 095 43 Αργοστόλι', '2513062105', 997.43, 'ID194408C', 20, NULL),
(1392, 'Μιχαέλα Καραντάνα', 'Αραπάκη 807,, 156 64 Αργοστόλι', '6943 105678', 843.56, 'ID185701B', 13, NULL),
(1393, 'Τηλεμαχος Γκουτζαμάνης', 'Ποταμιά 25-37,, 98565 Πρέβεζα', '2699042410', 1236.28, 'ID883116G', 17, NULL),
(1394, 'Μαυροειδής Καλαργυρός', 'Χρωμίου 48,, 14613 Ρέθυμνο', '6968624859', 1897.46, 'ID671242A', 16, NULL),
(1395, 'Νικολέτα Γούπα', 'Ψαθοπύργου 58,, 13136 Αγ. Νικόλαος', '2440322523', 1698.37, 'ID325683F', 6, NULL),
(1396, 'Αντίγονος Αποστολάκης', 'Αγίου Κοσμά 902,, ΤΚ 252 15 Κατερίνη', '(+30) 2536 738106', 810.45, 'ID481728D', 13, NULL),
(1397, 'Ινώ Δρίβα', 'Λεωφ. Καλυβακίων 12,, ΤΚ 98813 Σάμος', '2561097343', 1325.83, 'ID449121C', 10, NULL),
(1398, 'Κυπριανός Παναγιωτακόπουλος', 'Ανανιάδου 28,, 400 45 Αθήνα', '(+30) 2730 271887', 1663.16, 'ID956641H', 13, NULL),
(1399, 'Κικιλία Μαρτιάδου', 'Βούτση 27,, ΤΚ 964 77 Ηράκλειο', '(+30) 2028 948746', 1832.99, 'ID149484D', 37, NULL),
(1400, 'Κυβέλη Γκόνη', 'Γαλανοπούλου 0,, ΤΚ 58894 Άρτα', '6993342192', 2194.75, 'ID328963H', 35, NULL),
(1401, 'Ανάργυρη Καχριμανίδη', 'Ρουσσοσπιτίου 78-25,, 535 24 Ρέθυμνο', '6921 397595', 840.33, 'ID147360D', 14, NULL),
(1402, 'Απόστολος Γκικόπουλος', 'Μιραλίου 84-68,, 812 05 Ερμούπολη', '210 658 1147', 1989.00, 'ID698549C', 29, NULL),
(1403, 'Βαλέριος Βλαχονικολέας', 'Μαρμαρά 47,, ΤΚ 173 85 Κατερίνη', '(+30) 2799 240217', 2120.68, 'ID325523C', 14, NULL),
(1404, 'Ουρανία Ρέππα', 'Μητροπούλου 02-05,, ΤΚ 972 76 Αθήνα', '6990 356604', 980.46, 'ID729207C', 27, NULL),
(1405, 'Χαράλαμπος Μασόπουλος', 'Καρβελίου 45,, ΤΚ 27573 Ρόδος', '(+30) 2525 019458', 1028.55, 'ID626495A', 17, NULL),
(1406, 'Σιρανούς Κελλάρης', 'Σκύδρας 614,, 509 44 Έδεσσα', '6947 575781', 2460.85, 'ID298703C', 18, NULL),
(1407, 'Αθηνά Μακρή', 'Φωτάδας 45,, 399 04 Τρίκαλα', '210 381 8313', 1871.42, 'ID519433D', 8, NULL),
(1408, 'Πάτροκλος Καρακάξης', 'Μονοκαρυάς 31,, ΤΚ 647 11 Σέρρες', '6909946838', 1152.11, 'ID371381A', 35, NULL),
(1409, 'Μαγδαληνός Χριστακόπουλος', 'Χατζηχαρίστου 4,, ΤΚ 123 83 Φλώρινα', '(+30) 6960 435000', 1225.93, 'ID673930F', 40, NULL),
(1410, 'Αρτέμιος Μανούκας', 'Κατσαφάδου 53-65,, ΤΚ 78600 Άρτα', '2970276802', 1676.44, 'ID162358D', 9, NULL),
(1411, 'Χλόη Μπαφέρα', 'Βρακά 8,, 35483 Κομοτηνή', '210 5448851', 2273.42, 'ID958598D', 2, NULL),
(1412, 'Μηνάς Νασιόπουλος', 'Αμφίσσης 310,, 43055 Βόλος', '+306944957570', 981.87, 'ID865852H', 23, NULL),
(1413, 'Χαρίτος Τσάρκος', 'Καραθανάση 68,, 11415 Πάτρα', '+306946483023', 1429.80, 'ID577396G', 12, NULL),
(1414, 'Αθηνοδώρα Φειζατίδου', 'Τριπόλεως 95,, ΤΚ 24061 Τρίκαλα', '6904 830 593', 2052.85, 'ID824818G', 26, NULL),
(1415, 'Ινώ Καραγρηγορίου', 'Ζαφείρη 14-63,, ΤΚ 75575 Ναύπλιο', '6944226259', 1915.86, 'ID479374C', 32, NULL),
(1416, 'Φώτιος Καρακαστανιάς', 'Περουλάκη 83,, ΤΚ 74513 Κατερίνη', '2105623745', 2042.90, 'ID652358C', 9, NULL),
(1417, 'Νεφέλη Κωνσταντοπούλου', 'Αρχιπόλεως 3,, 44546 Κόρινθος', '+30 6947 093225', 2320.40, 'ID892637C', 19, NULL),
(1418, 'Λουίζα Σάουερ', 'Ποτειδαίας 445,, 58129 Χίος', '(+30) 2105 408953', 1529.55, 'ID703547C', 18, NULL),
(1419, 'Παρθένα-Ερασμία Βλαχοδήμου', 'Πλ. Ανδρωνιάνων 454-922,, ΤΚ 95614 Καβάλα', '2610 192033', 2135.01, 'ID294286B', 15, NULL),
(1420, 'Ζησούλα Ξενάκη', 'Βρυσικών 856,, 50556 Άρτα', '28890 42 374', 2065.15, 'ID570867H', 23, NULL),
(1421, 'Συμεώνη Ντζιαβίδα', 'Πύργου Διρού 0,, 565 08 Κομοτηνή', '29610 15 179', 1752.88, 'ID119984F', 40, NULL),
(1422, 'Βικέντια Πατελλή', 'Βουτιάνων 87,, 59545 Λάρισα', '23070 41 078', 2205.90, 'ID450106G', 11, NULL),
(1423, 'Λάζαρος Ψυλλάκης', 'Καλαφατιώνων 7,, 14606 Αγ. Νικόλαος', '+30 2382 906147', 2185.18, 'ID618195G', 10, NULL),
(1424, 'Βαλάντης Τερζής', 'Πλ. Τιτάνης 5,, ΤΚ 84849 Πάτρα', '+302684995460', 2458.22, 'ID231990E', 19, NULL),
(1425, 'Ελισάβετ Συβιλιά', 'Πάρ. Μετοχίου 5,, 98512 Λαμία', '2350 373 473', 864.56, 'ID754523H', 2, NULL),
(1426, 'Νεόκλεια Κουκουβά', 'Μπονέλη 9,, ΤΚ 619 71 Πάτρα', '+306939251334', 2205.63, 'ID420938G', 13, NULL),
(1427, 'Ευσεβεία Χαλβατζή', 'Ξορυχτίου 9,, 021 99 Δράμα', '+302469051179', 1393.09, 'ID824885C', 8, NULL),
(1428, 'Αηδόνα Δρακάκη', 'Ξεχασμένης 788-980,, ΤΚ 97362 Άμφισσα', '+30 2203 550834', 1676.79, 'ID532382A', 29, NULL),
(1429, 'Μεγακλής Τολούδης', 'Καπνιά 215-456,, ΤΚ 77872 Ιωάννινα', '(+30) 2998 891395', 1393.98, 'ID202230F', 31, NULL),
(1430, 'Ράλλης-Χαρίλαος Γκούβελος', 'Αρίστης 49,, 96110 Κέρκυρα', '2100339890', 2381.87, 'ID635445B', 11, NULL),
(1431, 'Μαλαματένια Τσέτου', 'Άφρας 835-408,, ΤΚ 20901 Ναύπλιο', '29550 44 712', 1204.81, 'ID352957G', 1, NULL),
(1432, 'Θεόφιλος Μποφός', 'Καστανοχωρίου 819-187,, ΤΚ 845 87 Καστοριά', '2435071159', 1204.27, 'ID697906B', 26, NULL),
(1433, 'Δαμιανός Κατεβάτης', 'Βώρων 20,, 26807 Χανιά', '6996 458797', 1082.32, 'ID958710F', 21, NULL),
(1434, 'Βλασία Χρυσανθακοπούλου', 'Καστορείου 0,, ΤΚ 435 70 Δράμα', '+306975509176', 2381.24, 'ID948628G', 17, NULL),
(1435, 'Αιμιλιανός Πιτερός', 'Λεωφόρος Θεριανού 1,, ΤΚ 670 03 Κιλκίς', '+306974985922', 1756.09, 'ID921421F', 22, NULL),
(1436, 'Ολύμπια Παναγιωτακοπούλου', 'Δρυάλου 848,, 13498 Πάτρα', '2108522263', 1442.74, 'ID295350E', 9, NULL),
(1437, 'Ιωσήφ Ρίσβας', 'Θασίτου 23,, ΤΚ 179 71 Σάμος', '6928 948 671', 1810.57, 'ID462058G', 38, NULL),
(1438, 'Κλεάνθης Χατζιάρας', 'Βιδιακίου 80,, 941 74 Ηράκλειο', '+302345683850', 1446.48, 'ID985433G', 35, NULL),
(1439, 'Αδάμ Κυριαζής', 'Αύρας 60-09,, 08197 Καλαμάτα', '2104180155', 1535.12, 'ID604673C', 33, NULL),
(1440, 'Ρεγγίνα Σολωμίδου', 'Κονίτσης 81,, 46254 Πρέβεζα', '(+30) 6920 335540', 1901.65, 'ID574431A', 15, NULL),
(1441, 'Σωτήρης-Σταύρος Τσέλλος', 'Καλλιανίου 23-76,, 63308 Ζάκυνθος', '+306957323638', 1577.42, 'ID579728G', 5, NULL),
(1442, 'Μαυρούδης Μητρίδης', 'Σταματούκου 02,, 85104 Ηγουμενίτσα', '2106400706', 1195.38, 'ID895471C', 12, NULL),
(1443, 'Ιππόλυτος Σπασόπουλος', 'Λεωφ. Κατακαλίου 33-27,, 17227 Χίος', '+30 6982 699818', 2063.20, 'ID580052H', 19, NULL),
(1444, 'Αυγή-Ουρανία Μπαρκούτα', 'Λεωφόρος Δαδιάς 2,, 60287 Φλώρινα', '(+30) 6998 043986', 2145.90, 'ID137878E', 18, NULL),
(1445, 'Κωνσταντίνα Χανταμπή', 'Χαλκιοπούλων 84,, 65779 Ερμούπολη', '(+30) 6921 527630', 1464.04, 'ID945528D', 16, NULL),
(1446, 'Ακριβή Σπανίδου', 'Πλατεία Ραδοβιζίου 2,, 04636 Χίος', '2570 978 442', 1610.36, 'ID456561B', 29, NULL),
(1447, 'Κομνηνός Ρέντζος', 'Ανακασιάς 6,, ΤΚ 83067 Τρίκαλα', '210 388 0086', 1206.23, 'ID469838A', 30, NULL),
(1448, 'Χριστόφορος Μπαλουκίδης', 'Αλίμου 81-08,, 72534 Λευκάδα', '(+30) 2133 934909', 1325.43, 'ID998031B', 15, NULL),
(1449, 'Δημοσθένης Κωστόπουλος', 'Ξυλοκάστρου 31,, 12844 Ξάνθη', '2530 142734', 1831.50, 'ID402213G', 8, NULL),
(1450, 'Ίκαρος-Αφέντης Γκάγκας', 'Βαϊραμίδου 145,, 03748 Λιβαδιά', '2640 327 209', 2468.03, 'ID259288H', 8, NULL),
(1451, 'Γεώργιος Ταχμαζίδης', 'Τσικκαλιών 4,, ΤΚ 80026 Καστοριά', '210 041 1310', 928.65, 'ID868026F', 29, NULL),
(1452, 'Επαμεινώνδας-Φωκίων Χαχούδης', 'Λεωφόρος Αγίου Γεωργίου Λαρίσης 07-19,, 12087 Τρίκαλα', '20700 56 968', 1369.23, 'ID410554G', 11, NULL),
(1453, 'Κασσιανή Κοντογεωργάκη', 'Χοντζιά 96,, ΤΚ 046 96 Αλεξανδρούπολη', '+30 2287 194192', 1667.28, 'ID356806F', 14, NULL),
(1454, 'Ευαγγελία Κοφινάκη', 'Πλ. Ινάχου 61,, 42750 Άμφισσα', '6939 898 697', 1213.64, 'ID953392H', 8, NULL),
(1455, 'Ερωφίλη Μανοπούλου', 'Αμβροσίας 45-59,, ΤΚ 08950 Κόρινθος', '(+30) 2959 340076', 1202.29, 'ID162821H', 11, NULL),
(1456, 'Χρυσή Μανιάτη', 'Πάροδος Πτελέας Πλατανιάς 2,, 16747 Πάτρα', '6941 547 061', 848.04, 'ID867799H', 39, NULL),
(1457, 'Παναγία-Ήβη Μηλιάκη', 'Αλευρούς 919,, ΤΚ 919 03 Σάμος', '2410 092 974', 2379.01, 'ID930960B', 38, NULL),
(1458, 'Σοφία Παπαδήμα', 'Παππάδων 30,, 21325 Μυτιλήνη', '6927 368 023', 2073.84, 'ID979407F', 1, NULL),
(1459, 'Ζωή-Πολύδωρα Τσέτου', 'Λεωφ. Καμαρίου 23,, ΤΚ 37316 Αγ. Νικόλαος', '(+30) 2536 267763', 1675.77, 'ID917189A', 23, NULL),
(1460, 'Βύρων Κουτχιάς', 'Πλ. Ολύνθου 77,, ΤΚ 493 89 Βέροια', '210 2524268', 1184.89, 'ID742103B', 20, NULL),
(1461, 'Τιμολέων-Γαρύφαλλος Αποστολίδης', 'Καστορείου 59,, 25278 Λαμία', '6961 508958', 1419.56, 'ID228612C', 33, NULL),
(1462, 'Σαπφώ Χριστοφόρη', 'Αγίου Ηλία Πηνηίων 58,, 70533 Ζάκυνθος', '(+30) 6966 124522', 1233.40, 'ID517818G', 2, NULL),
(1463, 'Χριστοφόρα Κυργιά', 'Αβραμίδου 0,, 86050 Κιλκίς', '+30 6945 049796', 1913.51, 'ID193321H', 9, NULL),
(1464, 'Ασημίνα Σταθά', 'Περιστερίου 634-600,, 31458 Άμφισσα', '210 937 8211', 1141.22, 'ID412566C', 12, NULL),
(1465, 'Πέτρος-Πλάτων Τσαλαμάνδρης', 'Βρυσών 48,, ΤΚ 67482 Άρτα', '2570 485416', 2236.63, 'ID215475E', 13, NULL),
(1466, 'Χριστόφιλη Αραπάκη', 'Βουναρίων 34,, 097 30 Σέρρες', '2800612218', 839.64, 'ID293149A', 31, NULL),
(1467, 'Πολύβια Δουλγεράκη', 'Ριαχόβου 6,, 08105 Άμφισσα', '+302658324476', 2200.56, 'ID174665E', 4, NULL),
(1468, 'Αριστοφάνης Κακαβός', 'Φιλοθέης 861-695,, ΤΚ 68917 Πολύγυρος', '210 525 5274', 1868.70, 'ID181952A', 13, NULL),
(1469, 'Χρυσαφένια Κασμιρλή', 'Κουμάρα 34,, 22573 Σέρρες', '2372015926', 2058.58, 'ID604507A', 23, NULL),
(1470, 'Αγνή Ταφραλή', 'Καλαμιτσίου 893,, ΤΚ 604 22 Καρπενήσι', '+306933322378', 868.76, 'ID162125B', 19, NULL),
(1471, 'Τηλέμαχος Τσαμαδός', 'Αετοπέτρας 119-138,, ΤΚ 42736 Πρέβεζα', '2280 502274', 2391.26, 'ID449440F', 23, NULL),
(1472, 'Αρίσταρχος Τσιρώνης', 'Βαρβίτσης 43,, ΤΚ 663 18 Βόλος', '210 477 6908', 1625.25, 'ID723656A', 29, NULL),
(1473, 'Κοραλία Κατσαντώνη', 'Λιθιάς 0,, ΤΚ 76773 Πολύγυρος', '23050 89 888', 2301.70, 'ID997340B', 9, NULL),
(1474, 'Χαρίκλεια Ασσαργιωτάκη', 'Μελιτίνης 663,, 32962 Λαμία', '2109137279', 1123.43, 'ID343172F', 28, NULL),
(1475, 'Φεβρωνία Μπαλή', 'Υμηττού 90-88,, 044 09 Κοζάνη', '+302147383857', 1308.82, 'ID209935D', 28, NULL),
(1476, 'Ελισσαίος Λεβέντης', 'Γούλα 448-577,, ΤΚ 903 66 Αθήνα', '2100732641', 2482.88, 'ID170674D', 2, NULL),
(1477, 'Βλασία Παπανάνου', 'Λεωφ. Κλαδά 05,, 295 34 Πύργος', '2108467966', 1793.47, 'ID722114B', 30, NULL),
(1478, 'Φλώρα Ρόγγα', 'Λεωφόρος Πλαγιαρίου 32,, ΤΚ 62837 Ναύπλιο', '+30 6971 837438', 853.35, 'ID847847C', 19, NULL),
(1479, 'Λαυρέντιος Δούνης', 'Πάρ. Κίου 07,, 07129 Πύργος', '6995532637', 1704.50, 'ID937541B', 1, NULL),
(1480, 'Αμαλία Κουκουβά', 'Θεοδοσιάδου 1,, 72260 Καρπενήσι', '+30 2514 563789', 2178.98, 'ID565247A', 14, NULL),
(1481, 'Αγαθάγγελος Καναβός', 'Πλακάδου 2,, 71116 Αργοστόλι', '2893089970', 990.71, 'ID581640D', 14, NULL),
(1482, 'Μαλαμάτη Αθανασιάδη', 'Γεωργακοπούλου 80,, 49534 Βέροια', '210 0238966', 2344.76, 'ID165349B', 25, NULL),
(1483, 'Κηρύκος Καράμπας', 'Μύρτου 2,, ΤΚ 346 60 Σέρρες', '2530 914 298', 1722.68, 'ID478240A', 7, NULL),
(1484, 'Κλέαρχος Ράλλης', 'Λεωφ. Μυστρά 79,, 11517 Αλεξανδρούπολη', '23960 44 104', 2374.85, 'ID926635B', 22, NULL),
(1485, 'Αριστοφάνης Κωτούλας', 'Αγραφιώτη 25,, 301 64 Φλώρινα', '+306958354983', 1810.03, 'ID458451G', 15, NULL),
(1486, 'Θεοτόκης-Δημοσθένης Φωτόπουλος', 'Πλατεία Ευαγγελιστρίας 55,, 54529 Πρέβεζα', '6949 003 706', 1862.34, 'ID762195E', 32, NULL),
(1487, 'Ματίνα Σωτηροπούλου', 'Σαραβαλίου 76-39,, 891 93 Καστοριά', '2443040950', 2275.49, 'ID595936F', 13, NULL),
(1488, 'Τιμοθέα-Πωλίνα Κώτσου', 'Χαμαλίδου 35,, 79344 Αθήνα', '2746044253', 1858.68, 'ID512600F', 19, NULL),
(1489, 'Χρυσοβαλάντιος Βαχουθιανάκης', 'Διασέλλων 973,, 237 80 Ιωάννινα', '21330 78 299', 829.49, 'ID365758C', 15, NULL),
(1490, 'Αργυρώ Παπανδρικοπούλου', 'Ξενοπούλου 56,, 23981 Σπάρτη', '6958507822', 1435.69, 'ID102709C', 27, NULL),
(1491, 'Ευμένιος Κωσταλής', 'Χανδρινού 8,, 06813 Λιβαδιά', '+306926561549', 974.03, 'ID439343F', 1, NULL),
(1492, 'Εριφύλη Καλογιαννάκη', 'Κυρούδη 8,, ΤΚ 77102 Κομοτηνή', '+30 6951 144706', 1427.37, 'ID265838G', 3, NULL),
(1493, 'Φιλίππα-Βαγιανή Μητροπούλου', 'Πάροδος Ξορυχτίου 11,, 46694 Ηγουμενίτσα', '(+30) 2654 740193', 2218.70, 'ID552662E', 25, NULL),
(1494, 'Πέτρος Ζούνης', 'Καλάμου 150,, ΤΚ 27073 Αγ. Νικόλαος', '2359088890', 1680.93, 'ID889579D', 1, NULL),
(1495, 'Αρχέλαος-Σόλων Ραχωβίτσας', 'Καλουδίου 13,, 87849 Κιλκίς', '(+30) 2456 874299', 1726.93, 'ID258689D', 26, NULL),
(1496, 'Χαραλαμπία Μακρή', 'Λεωφ. Περάτη 7,, 390 35 Λευκάδα', '(+30) 6929 529039', 1858.55, 'ID376959H', 24, NULL),
(1497, 'Θέμης Τσαμαδός', 'Νεοκάστρου 6,, ΤΚ 060 02 Χανιά', '(+30) 6946 457752', 1374.50, 'ID814008C', 12, NULL),
(1498, 'Κλειώ-Χρυσάνθη Κανελλή', 'Συμεωνίδου 08,, 92809 Φλώρινα', '6949 180470', 1480.41, 'ID226725C', 4, NULL),
(1500, 'Αρχέλαος Ζώτος', 'Ρουστίκων 39,, 29203 Βέροια', '+30 2443 720295', 1984.22, 'ID810209H', 4, NULL),
(1506, 'Anastasios Tsiftsis', 'Pod Pramenem 4', '774940796', NULL, 'ID226725Cfg', 14, NULL),
(1511, 'Anastasios Tsiftsis', 'Pod Pramenem 4', '774940796', NULL, 'ID364281Ctt', NULL, NULL),
(1584, 'Anastasios Tsiftsis', 'Pod Pramenem 4', '774940796', NULL, 'dggs3drdd2s', 14, NULL),
(1587, 'Anastasios Tsiftsis', 'Pod Pramenem 4', '774940796', NULL, 'dgg2sddd7', NULL, NULL),
(1589, 'Anastasios Tsiftsis', 'Pod Pramenem 4', '774940796', NULL, 'dggsddd2z', NULL, NULL),
(1593, 'Anastasios Tsiftsis', 'Pod Pramenem 4', '774940796', NULL, 'dggsddd2cz', NULL, NULL),
(1594, 'Anastasios Tsiftsis', 'Pod Pramenem e4', '774940796', NULL, 'dggsddd2cza', NULL, NULL),
(1595, 'Anastasios Tsiftsis', 'Pod Pramenem 4s', '774940796', NULL, 'dggsddd2czae', NULL, NULL);

-- --------------------------------------------------------

--
-- Δομή πίνακα για τον πίνακα `inventory_reductions`
--

CREATE TABLE `inventory_reductions` (
  `id` int(11) NOT NULL,
  `reduction_date` date DEFAULT NULL,
  `created_at` timestamp NOT NULL DEFAULT current_timestamp()
) ENGINE=InnoDB DEFAULT CHARSET=utf8mb4 COLLATE=utf8mb4_general_ci;

--
-- Άδειασμα δεδομένων του πίνακα `inventory_reductions`
--

INSERT INTO `inventory_reductions` (`id`, `reduction_date`, `created_at`) VALUES
(3, '2025-04-25', '2025-04-25 20:57:03'),
(8, '2025-04-24', '2025-04-25 21:07:38'),
(10, '2025-04-01', '2025-04-25 21:17:39'),
(11, '2025-04-02', '2025-04-25 21:19:34'),
(13, '2025-04-07', '2025-04-25 21:42:03'),
(14, '2025-04-06', '2025-04-25 21:42:19'),
(15, '2025-04-08', '2025-04-25 21:42:41'),
(16, '2025-03-04', '2025-04-25 21:48:08'),
(19, '2025-04-26', '2025-04-26 17:04:59'),
(20, '2025-04-27', '2025-04-27 13:57:49'),
(59, '2025-04-23', '2025-04-28 21:31:24');

-- --------------------------------------------------------

--
-- Δομή πίνακα για τον πίνακα `inventory_transactions`
--

CREATE TABLE `inventory_transactions` (
  `id` int(11) NOT NULL,
  `product_id` int(11) NOT NULL,
  `quantity` int(11) NOT NULL,
  `warehouse_id` int(11) DEFAULT NULL,
  `store_id` int(11) DEFAULT NULL,
  `source_type` enum('warehouse','store') NOT NULL,
  `transaction_type` enum('IN','OUT') NOT NULL,
  `transaction_time` timestamp NOT NULL DEFAULT current_timestamp(),
  `notes` text DEFAULT NULL,
  `user_id` int(11) DEFAULT NULL,
  `username` varchar(100) DEFAULT NULL
) ENGINE=InnoDB DEFAULT CHARSET=utf8mb4 COLLATE=utf8mb4_general_ci;

--
-- Άδειασμα δεδομένων του πίνακα `inventory_transactions`
--

INSERT INTO `inventory_transactions` (`id`, `product_id`, `quantity`, `warehouse_id`, `store_id`, `source_type`, `transaction_type`, `transaction_time`, `notes`, `user_id`, `username`) VALUES
(3, 4, 50, 7, 13, 'store', 'OUT', '2025-04-27 11:40:22', 'Partial transfer to store 13', NULL, NULL),
(4, 4, 50, 7, 13, 'store', 'IN', '2025-04-27 11:40:22', 'Partially received from warehouse 7', NULL, NULL),
(5, 5, 166, 7, 13, 'store', 'OUT', '2025-04-27 11:40:22', 'Transfer to store 13', NULL, NULL),
(6, 5, 166, 7, 13, 'store', 'IN', '2025-04-27 11:40:22', 'Received from warehouse 7', NULL, NULL),
(7, 12, 90, 4, 28, 'store', 'OUT', '2025-04-27 11:40:22', 'Transfer to store 28', NULL, NULL),
(8, 12, 90, 4, 28, 'store', 'IN', '2025-04-27 11:40:22', 'Received from warehouse 4', NULL, NULL),
(9, 17, 184, 4, 28, 'store', 'OUT', '2025-04-27 11:40:22', 'Transfer to store 28', NULL, NULL),
(10, 17, 184, 4, 28, 'store', 'IN', '2025-04-27 11:40:22', 'Received from warehouse 4', NULL, NULL),
(11, 4, 0, 7, 13, 'store', 'OUT', '2025-04-27 11:48:40', 'Partial transfer to store 13', NULL, NULL),
(12, 4, 0, 7, 13, 'store', 'IN', '2025-04-27 11:48:40', 'Partially received from warehouse 7', NULL, NULL),
(15, 4, 0, 7, 13, 'store', 'OUT', '2025-04-27 15:58:28', 'Partial transfer to store 13', NULL, NULL),
(16, 4, 0, 7, 13, 'store', 'IN', '2025-04-27 15:58:28', 'Partially received from warehouse 7', NULL, NULL),
(17, 5, 128, 7, 13, 'store', 'OUT', '2025-04-27 15:58:28', 'Partial transfer to store 13', NULL, NULL),
(18, 5, 128, 7, 13, 'store', 'IN', '2025-04-27 15:58:28', 'Partially received from warehouse 7', NULL, NULL),
(25, 1, 148, 1, 1, 'store', 'OUT', '2025-04-27 19:42:38', 'Partial transfer to store 1', NULL, NULL),
(26, 1, 148, 1, 1, 'store', 'IN', '2025-04-27 19:42:38', 'Partially received from warehouse 1', NULL, NULL),
(27, 1, 0, 1, 1, 'store', 'OUT', '2025-04-27 19:47:39', 'Partial transfer to store 1', NULL, NULL),
(28, 1, 0, 1, 1, 'store', 'IN', '2025-04-27 19:47:39', 'Partially received from warehouse 1', NULL, NULL),
(29, 1, 0, 1, 1, 'store', 'OUT', '2025-04-27 19:59:30', 'Partial transfer to store 1', NULL, NULL),
(30, 1, 0, 1, 1, 'store', 'IN', '2025-04-27 19:59:30', 'Partially received from warehouse 1', NULL, NULL),
(31, 1, 0, 1, 1, 'store', 'OUT', '2025-04-27 20:02:47', 'Partial transfer to store 1', NULL, NULL),
(32, 1, 0, 1, 1, 'store', 'IN', '2025-04-27 20:02:47', 'Partially received from warehouse 1', NULL, NULL),
(33, 1, 0, 1, 1, 'store', 'OUT', '2025-04-27 20:03:46', 'Partial transfer to store 1', NULL, NULL),
(34, 1, 0, 1, 1, 'store', 'IN', '2025-04-27 20:03:46', 'Partially received from warehouse 1', NULL, NULL),
(35, 1, 0, 1, 1, 'store', 'OUT', '2025-04-27 20:06:59', 'Partial transfer to store 1', NULL, NULL),
(36, 1, 0, 1, 1, 'store', 'IN', '2025-04-27 20:06:59', 'Partially received from warehouse 1', NULL, NULL),
(37, 1, 0, 1, 1, 'store', 'OUT', '2025-04-27 20:08:36', 'Partial transfer to store 1', NULL, NULL),
(38, 1, 0, 1, 1, 'store', 'IN', '2025-04-27 20:08:36', 'Partially received from warehouse 1', NULL, NULL),
(39, 1, 0, 1, 1, 'store', 'OUT', '2025-04-27 20:14:06', 'Partial transfer to store 1', NULL, NULL),
(40, 1, 0, 1, 1, 'store', 'IN', '2025-04-27 20:14:06', 'Partially received from warehouse 1', NULL, NULL),
(41, 1, 0, 1, 1, 'store', 'OUT', '2025-04-27 20:23:14', 'Partial transfer to store 1', NULL, NULL),
(42, 1, 0, 1, 1, 'store', 'IN', '2025-04-27 20:23:14', 'Partially received from warehouse 1', NULL, NULL),
(43, 1, 0, 1, 1, 'store', 'OUT', '2025-04-27 20:32:44', 'Partial transfer to store 1', NULL, NULL),
(44, 1, 0, 1, 1, 'store', 'IN', '2025-04-27 20:32:44', 'Partially received from warehouse 1', NULL, NULL),
(45, 1, 0, 1, 1, 'store', 'OUT', '2025-04-27 20:56:08', 'Partial transfer to store 1', NULL, NULL),
(46, 1, 0, 1, 1, 'store', 'IN', '2025-04-27 20:56:08', 'Partially received from warehouse 1', NULL, NULL),
(47, 1, 0, 1, 1, 'store', 'OUT', '2025-04-27 20:56:08', 'Partial transfer to store 1', NULL, NULL),
(48, 1, 0, 1, 1, 'store', 'IN', '2025-04-27 20:56:08', 'Partially received from warehouse 1', NULL, NULL),
(49, 1, 0, 1, 1, 'store', 'OUT', '2025-04-27 21:00:42', 'Partial transfer to store 1', NULL, NULL),
(50, 1, 0, 1, 1, 'store', 'IN', '2025-04-27 21:00:42', 'Partially received from warehouse 1', NULL, NULL),
(51, 1, 0, 1, 1, 'store', 'OUT', '2025-04-27 21:00:42', 'Partial transfer to store 1', NULL, NULL),
(52, 1, 0, 1, 1, 'store', 'IN', '2025-04-27 21:00:42', 'Partially received from warehouse 1', NULL, NULL),
(53, 1, 0, 1, 1, 'store', 'OUT', '2025-04-27 21:04:09', 'Partial transfer to store 1', NULL, NULL),
(54, 1, 0, 1, 1, 'store', 'IN', '2025-04-27 21:04:09', 'Partially received from warehouse 1', NULL, NULL),
(55, 1, 0, 1, 1, 'store', 'OUT', '2025-04-27 21:04:09', 'Partial transfer to store 1', NULL, NULL),
(56, 1, 0, 1, 1, 'store', 'IN', '2025-04-27 21:04:09', 'Partially received from warehouse 1', NULL, NULL),
(57, 1, 0, 1, 1, 'store', 'OUT', '2025-04-27 21:05:18', 'Partial transfer to store 1', NULL, NULL),
(58, 1, 0, 1, 1, 'store', 'IN', '2025-04-27 21:05:18', 'Partially received from warehouse 1', NULL, NULL),
(59, 1, 0, 1, 1, 'store', 'OUT', '2025-04-27 21:05:18', 'Partial transfer to store 1', NULL, NULL),
(60, 1, 0, 1, 1, 'store', 'IN', '2025-04-27 21:05:18', 'Partially received from warehouse 1', NULL, NULL),
(61, 1, 0, 1, 1, 'store', 'OUT', '2025-04-27 21:16:56', 'Partial transfer to store 1', NULL, NULL),
(62, 1, 0, 1, 1, 'store', 'IN', '2025-04-27 21:16:56', 'Partially received from warehouse 1', NULL, NULL),
(63, 1, 0, 1, 1, 'store', 'OUT', '2025-04-27 21:16:56', 'Partial transfer to store 1', NULL, NULL),
(64, 1, 0, 1, 1, 'store', 'IN', '2025-04-27 21:16:56', 'Partially received from warehouse 1', NULL, NULL),
(65, 1, 12, 1, NULL, 'warehouse', 'IN', '2025-04-27 21:16:56', 'Received from supplier (source ID 1)', NULL, NULL),
(66, 4, 0, 7, 13, 'store', 'OUT', '2025-04-27 21:16:56', 'Partial transfer to store 13', NULL, NULL),
(67, 4, 0, 7, 13, 'store', 'IN', '2025-04-27 21:16:56', 'Partially received from warehouse 7', NULL, NULL),
(68, 5, 0, 7, 13, 'store', 'OUT', '2025-04-27 21:16:56', 'Partial transfer to store 13', NULL, NULL),
(69, 5, 0, 7, 13, 'store', 'IN', '2025-04-27 21:16:56', 'Partially received from warehouse 7', NULL, NULL),
(70, 14, 42, 4, 28, 'store', 'OUT', '2025-04-27 21:16:56', 'Transfer to store 28', NULL, NULL),
(71, 14, 42, 4, 28, 'store', 'IN', '2025-04-27 21:16:56', 'Received from warehouse 4', NULL, NULL),
(72, 13, 46, 4, 28, 'store', 'OUT', '2025-04-27 21:16:56', 'Partial transfer to store 28', NULL, NULL),
(73, 13, 46, 4, 28, 'store', 'IN', '2025-04-27 21:16:56', 'Partially received from warehouse 4', NULL, NULL),
(74, 12, 90, 4, 28, 'store', 'OUT', '2025-04-27 21:16:56', 'Transfer to store 28', NULL, NULL),
(75, 12, 90, 4, 28, 'store', 'IN', '2025-04-27 21:16:56', 'Received from warehouse 4', NULL, NULL),
(76, 11, 126, 4, 28, 'store', 'OUT', '2025-04-27 21:16:56', 'Transfer to store 28', NULL, NULL),
(77, 11, 126, 4, 28, 'store', 'IN', '2025-04-27 21:16:56', 'Received from warehouse 4', NULL, NULL),
(78, 17, 20, 4, 28, 'store', 'OUT', '2025-04-27 21:16:56', 'Partial transfer to store 28', NULL, NULL),
(79, 17, 20, 4, 28, 'store', 'IN', '2025-04-27 21:16:56', 'Partially received from warehouse 4', NULL, NULL),
(80, 4, 0, 7, 13, 'store', 'OUT', '2025-04-27 21:16:56', 'Partial transfer to store 13', NULL, NULL),
(81, 4, 0, 7, 13, 'store', 'IN', '2025-04-27 21:16:56', 'Partially received from warehouse 7', NULL, NULL),
(82, 5, 0, 7, 13, 'store', 'OUT', '2025-04-27 21:16:56', 'Partial transfer to store 13', NULL, NULL),
(83, 5, 0, 7, 13, 'store', 'IN', '2025-04-27 21:16:56', 'Partially received from warehouse 7', NULL, NULL),
(84, 17, 0, 4, 28, 'store', 'OUT', '2025-04-27 21:16:56', 'Partial transfer to store 28', NULL, NULL),
(85, 17, 0, 4, 28, 'store', 'IN', '2025-04-27 21:16:56', 'Partially received from warehouse 4', NULL, NULL),
(86, 4, 0, 7, 13, 'store', 'OUT', '2025-04-27 21:16:56', 'Partial transfer to store 13', NULL, NULL),
(87, 4, 0, 7, 13, 'store', 'IN', '2025-04-27 21:16:56', 'Partially received from warehouse 7', NULL, NULL),
(88, 5, 0, 7, 13, 'store', 'OUT', '2025-04-27 21:16:56', 'Partial transfer to store 13', NULL, NULL),
(89, 5, 0, 7, 13, 'store', 'IN', '2025-04-27 21:16:56', 'Partially received from warehouse 7', NULL, NULL),
(90, 17, 0, 4, 28, 'store', 'OUT', '2025-04-27 21:16:56', 'Partial transfer to store 28', NULL, NULL),
(91, 17, 0, 4, 28, 'store', 'IN', '2025-04-27 21:16:56', 'Partially received from warehouse 4', NULL, NULL),
(92, 4, 0, 7, 13, 'store', 'OUT', '2025-04-27 21:16:56', 'Partial transfer to store 13', NULL, NULL),
(93, 4, 0, 7, 13, 'store', 'IN', '2025-04-27 21:16:56', 'Partially received from warehouse 7', NULL, NULL),
(94, 4, 0, 7, 13, 'store', 'OUT', '2025-04-27 21:21:19', 'Partial transfer to store 13', NULL, NULL),
(95, 4, 0, 7, 13, 'store', 'IN', '2025-04-27 21:21:19', 'Partially received from warehouse 7', NULL, NULL),
(96, 5, 0, 7, 13, 'store', 'OUT', '2025-04-27 21:21:19', 'Partial transfer to store 13', NULL, NULL),
(97, 5, 0, 7, 13, 'store', 'IN', '2025-04-27 21:21:19', 'Partially received from warehouse 7', NULL, NULL),
(98, 12, 90, 4, 28, 'store', 'OUT', '2025-04-27 21:21:19', 'Transfer to store 28', NULL, NULL),
(99, 12, 90, 4, 28, 'store', 'IN', '2025-04-27 21:21:19', 'Received from warehouse 4', NULL, NULL),
(100, 17, 0, 4, 28, 'store', 'OUT', '2025-04-27 21:21:19', 'Partial transfer to store 28', NULL, NULL),
(101, 17, 0, 4, 28, 'store', 'IN', '2025-04-27 21:21:19', 'Partially received from warehouse 4', NULL, NULL),
(102, 4, 0, 7, 13, 'store', 'OUT', '2025-04-27 21:21:19', 'Partial transfer to store 13', NULL, NULL),
(103, 4, 0, 7, 13, 'store', 'IN', '2025-04-27 21:21:19', 'Partially received from warehouse 7', NULL, NULL),
(104, 4, 936, 7, NULL, 'warehouse', 'IN', '2025-04-27 21:21:19', 'Received from supplier (source ID 7)', NULL, NULL),
(105, 4, 76, 7, 13, 'store', 'OUT', '2025-04-27 21:21:19', 'Transfer to store 13', NULL, NULL),
(106, 4, 76, 7, 13, 'store', 'IN', '2025-04-27 21:21:19', 'Received from warehouse 7', NULL, NULL),
(107, 5, 1000, 7, NULL, 'warehouse', 'IN', '2025-04-27 21:21:19', 'Received from supplier (source ID 7)', NULL, NULL),
(108, 17, 1000, 4, NULL, 'warehouse', 'IN', '2025-04-27 21:21:19', 'Received from supplier (source ID 4)', NULL, NULL),
(109, 4, 936, 7, NULL, 'warehouse', 'IN', '2025-04-27 21:21:19', 'Received from supplier (source ID 7)', NULL, NULL),
(110, 4, 76, 7, 13, 'store', 'OUT', '2025-04-27 21:21:19', 'Transfer to store 13', NULL, NULL),
(111, 4, 76, 7, 13, 'store', 'IN', '2025-04-27 21:21:19', 'Received from warehouse 7', NULL, NULL),
(112, 5, 1000, 7, NULL, 'warehouse', 'IN', '2025-04-27 21:21:19', 'Received from supplier (source ID 7)', NULL, NULL),
(113, 17, 1000, 4, NULL, 'warehouse', 'IN', '2025-04-27 21:21:19', 'Received from supplier (source ID 4)', NULL, NULL),
(114, 4, 76, 7, 13, 'store', 'OUT', '2025-04-27 21:21:19', 'Transfer to store 13', NULL, NULL),
(115, 4, 76, 7, 13, 'store', 'IN', '2025-04-27 21:21:19', 'Received from warehouse 7', NULL, NULL),
(116, 4, 936, 7, NULL, 'warehouse', 'IN', '2025-04-27 21:21:19', 'Received from supplier (source ID 7)', NULL, NULL),
(117, 5, 1000, 7, NULL, 'warehouse', 'IN', '2025-04-27 21:21:19', 'Received from supplier (source ID 7)', NULL, NULL),
(118, 17, 1000, 4, NULL, 'warehouse', 'IN', '2025-04-27 21:21:19', 'Received from supplier (source ID 4)', NULL, NULL),
(119, 3, 168, 1, 1, 'store', 'OUT', '2025-04-27 21:21:19', 'Partial transfer to store 1', NULL, NULL),
(120, 3, 168, 1, 1, 'store', 'IN', '2025-04-27 21:21:19', 'Partially received from warehouse 1', NULL, NULL),
(121, 53, 67, 8, 35, 'store', 'OUT', '2025-04-27 21:21:19', 'Partial transfer to store 35', NULL, NULL),
(122, 53, 67, 8, 35, 'store', 'IN', '2025-04-27 21:21:19', 'Partially received from warehouse 8', NULL, NULL),
(123, 4, 76, 7, 13, 'store', 'OUT', '2025-04-27 21:21:19', 'Transfer to store 13', NULL, NULL),
(124, 4, 76, 7, 13, 'store', 'IN', '2025-04-27 21:21:19', 'Received from warehouse 7', NULL, NULL),
(125, 4, 936, 7, NULL, 'warehouse', 'IN', '2025-04-27 21:21:19', 'Received from supplier (source ID 7)', NULL, NULL),
(126, 5, 1000, 7, NULL, 'warehouse', 'IN', '2025-04-27 21:21:19', 'Received from supplier (source ID 7)', NULL, NULL),
(127, 17, 1000, 4, NULL, 'warehouse', 'IN', '2025-04-27 21:21:19', 'Received from supplier (source ID 4)', NULL, NULL),
(128, 4, 76, 7, 13, 'store', 'OUT', '2025-04-27 21:21:19', 'Transfer to store 13', NULL, NULL),
(129, 4, 76, 7, 13, 'store', 'IN', '2025-04-27 21:21:19', 'Received from warehouse 7', NULL, NULL),
(130, 5, 166, 7, 13, 'store', 'OUT', '2025-04-27 21:21:19', 'Transfer to store 13', NULL, NULL),
(131, 5, 166, 7, 13, 'store', 'IN', '2025-04-27 21:21:19', 'Received from warehouse 7', NULL, NULL),
(132, 4, 76, 7, 13, 'store', 'OUT', '2025-04-27 21:21:19', 'Transfer to store 13', NULL, NULL),
(133, 4, 76, 7, 13, 'store', 'IN', '2025-04-27 21:21:19', 'Received from warehouse 7', NULL, NULL),
(134, 4, 936, 7, NULL, 'warehouse', 'IN', '2025-04-27 21:21:19', 'Received from supplier (source ID 7)', NULL, NULL),
(135, 5, 1000, 7, NULL, 'warehouse', 'IN', '2025-04-27 21:21:19', 'Received from supplier (source ID 7)', NULL, NULL),
(136, 17, 1000, 4, NULL, 'warehouse', 'IN', '2025-04-27 21:21:19', 'Received from supplier (source ID 4)', NULL, NULL),
(137, 4, 76, 7, 13, 'store', 'OUT', '2025-04-27 21:21:19', 'Transfer to store 13', NULL, NULL),
(138, 4, 76, 7, 13, 'store', 'IN', '2025-04-27 21:21:20', 'Received from warehouse 7', NULL, NULL),
(139, 4, 936, 7, NULL, 'warehouse', 'IN', '2025-04-27 21:21:20', 'Received from supplier (source ID 7)', NULL, NULL),
(140, 5, 1000, 7, NULL, 'warehouse', 'IN', '2025-04-27 21:21:20', 'Received from supplier (source ID 7)', NULL, NULL),
(141, 17, 1000, 4, NULL, 'warehouse', 'IN', '2025-04-27 21:21:20', 'Received from supplier (source ID 4)', NULL, NULL),
(142, 4, 76, 7, 13, 'store', 'OUT', '2025-04-27 21:21:20', 'Transfer to store 13', NULL, NULL),
(143, 4, 76, 7, 13, 'store', 'IN', '2025-04-27 21:21:20', 'Received from warehouse 7', NULL, NULL),
(144, 4, 936, 7, NULL, 'warehouse', 'IN', '2025-04-27 21:21:20', 'Received from supplier (source ID 7)', NULL, NULL),
(145, 5, 1000, 7, NULL, 'warehouse', 'IN', '2025-04-27 21:21:20', 'Received from supplier (source ID 7)', NULL, NULL),
(146, 17, 1000, 4, NULL, 'warehouse', 'IN', '2025-04-27 21:21:20', 'Received from supplier (source ID 4)', NULL, NULL),
(147, 4, 76, 7, 13, 'store', 'OUT', '2025-04-27 21:21:20', 'Transfer to store 13', NULL, NULL),
(148, 4, 76, 7, 13, 'store', 'IN', '2025-04-27 21:21:20', 'Received from warehouse 7', NULL, NULL),
(149, 4, 936, 7, NULL, 'warehouse', 'IN', '2025-04-27 21:21:20', 'Received from supplier (source ID 7)', NULL, NULL),
(150, 5, 1000, 7, NULL, 'warehouse', 'IN', '2025-04-27 21:21:20', 'Received from supplier (source ID 7)', NULL, NULL),
(151, 17, 1000, 4, NULL, 'warehouse', 'IN', '2025-04-27 21:21:20', 'Received from supplier (source ID 4)', NULL, NULL),
(152, 4, 76, 7, 13, 'store', 'OUT', '2025-04-27 21:21:20', 'Transfer to store 13', NULL, NULL),
(153, 4, 76, 7, 13, 'store', 'IN', '2025-04-27 21:21:20', 'Received from warehouse 7', NULL, NULL),
(154, 4, 936, 7, NULL, 'warehouse', 'IN', '2025-04-27 21:21:20', 'Received from supplier (source ID 7)', NULL, NULL),
(155, 5, 1000, 7, NULL, 'warehouse', 'IN', '2025-04-27 21:21:20', 'Received from supplier (source ID 7)', NULL, NULL),
(156, 17, 1000, 4, NULL, 'warehouse', 'IN', '2025-04-27 21:21:20', 'Received from supplier (source ID 4)', NULL, NULL),
(157, 4, 76, 7, 13, 'store', 'OUT', '2025-04-27 21:21:20', 'Transfer to store 13', NULL, NULL),
(158, 4, 76, 7, 13, 'store', 'IN', '2025-04-27 21:21:20', 'Received from warehouse 7', NULL, NULL),
(159, 4, 936, 7, NULL, 'warehouse', 'IN', '2025-04-27 21:21:20', 'Received from supplier (source ID 7)', NULL, NULL),
(160, 5, 1000, 7, NULL, 'warehouse', 'IN', '2025-04-27 21:21:20', 'Received from supplier (source ID 7)', NULL, NULL),
(161, 17, 1000, 4, NULL, 'warehouse', 'IN', '2025-04-27 21:21:20', 'Received from supplier (source ID 4)', NULL, NULL),
(162, 4, 76, 7, 13, 'store', 'OUT', '2025-04-27 21:21:20', 'Transfer to store 13', NULL, NULL),
(163, 4, 76, 7, 13, 'store', 'IN', '2025-04-27 21:21:20', 'Received from warehouse 7', NULL, NULL),
(164, 4, 936, 7, NULL, 'warehouse', 'IN', '2025-04-27 21:21:20', 'Received from supplier (source ID 7)', NULL, NULL),
(165, 5, 1000, 7, NULL, 'warehouse', 'IN', '2025-04-27 21:21:20', 'Received from supplier (source ID 7)', NULL, NULL),
(166, 17, 1000, 4, NULL, 'warehouse', 'IN', '2025-04-27 21:21:20', 'Received from supplier (source ID 4)', NULL, NULL),
(167, 4, 76, 7, 13, 'store', 'OUT', '2025-04-27 21:21:20', 'Transfer to store 13', NULL, NULL),
(168, 4, 76, 7, 13, 'store', 'IN', '2025-04-27 21:21:20', 'Received from warehouse 7', NULL, NULL),
(169, 4, 936, 7, NULL, 'warehouse', 'IN', '2025-04-27 21:21:20', 'Received from supplier (source ID 7)', NULL, NULL),
(170, 5, 1000, 7, NULL, 'warehouse', 'IN', '2025-04-27 21:21:20', 'Received from supplier (source ID 7)', NULL, NULL),
(171, 17, 1000, 4, NULL, 'warehouse', 'IN', '2025-04-27 21:21:20', 'Received from supplier (source ID 4)', NULL, NULL),
(172, 4, 76, 7, 13, 'store', 'OUT', '2025-04-27 21:21:20', 'Transfer to store 13', NULL, NULL),
(173, 4, 76, 7, 13, 'store', 'IN', '2025-04-27 21:21:20', 'Received from warehouse 7', NULL, NULL),
(174, 4, 936, 7, NULL, 'warehouse', 'IN', '2025-04-27 21:21:20', 'Received from supplier (source ID 7)', NULL, NULL),
(175, 5, 166, 7, 13, 'store', 'OUT', '2025-04-27 21:21:20', 'Transfer to store 13', NULL, NULL),
(176, 5, 166, 7, 13, 'store', 'IN', '2025-04-27 21:21:20', 'Received from warehouse 7', NULL, NULL),
(177, 5, 1000, 7, NULL, 'warehouse', 'IN', '2025-04-27 21:21:20', 'Received from supplier (source ID 7)', NULL, NULL),
(178, 17, 1000, 4, NULL, 'warehouse', 'IN', '2025-04-27 21:21:20', 'Received from supplier (source ID 4)', NULL, NULL),
(179, 4, 76, 7, 13, 'store', 'OUT', '2025-04-27 21:21:20', 'Transfer to store 13', NULL, NULL),
(180, 4, 76, 7, 13, 'store', 'IN', '2025-04-27 21:21:20', 'Received from warehouse 7', NULL, NULL),
(181, 4, 936, 7, NULL, 'warehouse', 'IN', '2025-04-27 21:21:20', 'Received from supplier (source ID 7)', NULL, NULL),
(182, 5, 166, 7, 13, 'store', 'OUT', '2025-04-27 21:21:20', 'Transfer to store 13', NULL, NULL),
(183, 5, 166, 7, 13, 'store', 'IN', '2025-04-27 21:21:20', 'Received from warehouse 7', NULL, NULL),
(184, 5, 1000, 7, NULL, 'warehouse', 'IN', '2025-04-27 21:21:20', 'Received from supplier (source ID 7)', NULL, NULL),
(185, 17, 1000, 4, NULL, 'warehouse', 'IN', '2025-04-27 21:21:20', 'Received from supplier (source ID 4)', NULL, NULL),
(186, 4, 76, 7, 13, 'store', 'OUT', '2025-04-27 21:21:20', 'Transfer to store 13', NULL, NULL),
(187, 4, 76, 7, 13, 'store', 'IN', '2025-04-27 21:21:20', 'Received from warehouse 7', NULL, NULL),
(188, 4, 936, 7, NULL, 'warehouse', 'IN', '2025-04-27 21:21:20', 'Received from supplier (source ID 7)', NULL, NULL),
(189, 5, 166, 7, 13, 'store', 'OUT', '2025-04-27 21:21:20', 'Transfer to store 13', NULL, NULL),
(190, 5, 166, 7, 13, 'store', 'IN', '2025-04-27 21:21:20', 'Received from warehouse 7', NULL, NULL),
(191, 5, 1000, 7, NULL, 'warehouse', 'IN', '2025-04-27 21:21:20', 'Received from supplier (source ID 7)', NULL, NULL),
(192, 17, 1000, 4, NULL, 'warehouse', 'IN', '2025-04-27 21:21:20', 'Received from supplier (source ID 4)', NULL, NULL),
(193, 4, 76, 7, 13, 'store', 'OUT', '2025-04-27 21:21:20', 'Transfer to store 13', NULL, NULL),
(194, 4, 76, 7, 13, 'store', 'IN', '2025-04-27 21:21:20', 'Received from warehouse 7', NULL, NULL),
(195, 4, 936, 7, NULL, 'warehouse', 'IN', '2025-04-27 21:21:20', 'Received from supplier (source ID 7)', NULL, NULL),
(196, 5, 166, 7, 13, 'store', 'OUT', '2025-04-27 21:21:20', 'Transfer to store 13', NULL, NULL),
(197, 5, 166, 7, 13, 'store', 'IN', '2025-04-27 21:21:20', 'Received from warehouse 7', NULL, NULL),
(198, 5, 1000, 7, NULL, 'warehouse', 'IN', '2025-04-27 21:21:20', 'Received from supplier (source ID 7)', NULL, NULL),
(199, 17, 1000, 4, NULL, 'warehouse', 'IN', '2025-04-27 21:21:20', 'Received from supplier (source ID 4)', NULL, NULL),
(200, 4, 76, 7, 13, 'store', 'OUT', '2025-04-27 21:21:20', 'Transfer to store 13', NULL, NULL),
(201, 4, 76, 7, 13, 'store', 'IN', '2025-04-27 21:21:20', 'Received from warehouse 7', NULL, NULL),
(202, 4, 936, 7, NULL, 'warehouse', 'IN', '2025-04-27 21:21:20', 'Received from supplier (source ID 7)', NULL, NULL),
(203, 5, 166, 7, 13, 'store', 'OUT', '2025-04-27 21:21:20', 'Transfer to store 13', NULL, NULL),
(204, 5, 166, 7, 13, 'store', 'IN', '2025-04-27 21:21:20', 'Received from warehouse 7', NULL, NULL),
(205, 5, 1000, 7, NULL, 'warehouse', 'IN', '2025-04-27 21:21:20', 'Received from supplier (source ID 7)', NULL, NULL),
(206, 17, 1000, 4, NULL, 'warehouse', 'IN', '2025-04-27 21:21:20', 'Received from supplier (source ID 4)', NULL, NULL),
(207, 4, 76, 7, 13, 'store', 'OUT', '2025-04-27 21:21:20', 'Transfer to store 13', NULL, NULL),
(208, 4, 76, 7, 13, 'store', 'IN', '2025-04-27 21:21:20', 'Received from warehouse 7', NULL, NULL),
(209, 4, 936, 7, NULL, 'warehouse', 'IN', '2025-04-27 21:21:20', 'Received from supplier (source ID 7)', NULL, NULL),
(210, 5, 166, 7, 13, 'store', 'OUT', '2025-04-27 21:21:20', 'Transfer to store 13', NULL, NULL),
(211, 5, 166, 7, 13, 'store', 'IN', '2025-04-27 21:21:20', 'Received from warehouse 7', NULL, NULL),
(212, 5, 1000, 7, NULL, 'warehouse', 'IN', '2025-04-27 21:21:20', 'Received from supplier (source ID 7)', NULL, NULL),
(213, 17, 1000, 4, NULL, 'warehouse', 'IN', '2025-04-27 21:21:20', 'Received from supplier (source ID 4)', NULL, NULL),
(214, 4, 76, 7, 13, 'store', 'OUT', '2025-04-27 21:21:20', 'Transfer to store 13', NULL, NULL),
(215, 4, 76, 7, 13, 'store', 'IN', '2025-04-27 21:21:20', 'Received from warehouse 7', NULL, NULL),
(216, 4, 936, 7, NULL, 'warehouse', 'IN', '2025-04-27 21:21:20', 'Received from supplier (source ID 7)', NULL, NULL),
(217, 5, 166, 7, 13, 'store', 'OUT', '2025-04-27 21:21:20', 'Transfer to store 13', NULL, NULL),
(218, 5, 166, 7, 13, 'store', 'IN', '2025-04-27 21:21:20', 'Received from warehouse 7', NULL, NULL),
(219, 5, 1000, 7, NULL, 'warehouse', 'IN', '2025-04-27 21:21:20', 'Received from supplier (source ID 7)', NULL, NULL),
(220, 17, 1000, 4, NULL, 'warehouse', 'IN', '2025-04-27 21:21:20', 'Received from supplier (source ID 4)', NULL, NULL),
(221, 4, 76, 7, 13, 'store', 'OUT', '2025-04-27 21:21:20', 'Transfer to store 13', NULL, NULL),
(222, 4, 76, 7, 13, 'store', 'IN', '2025-04-27 21:21:20', 'Received from warehouse 7', NULL, NULL),
(223, 4, 936, 7, NULL, 'warehouse', 'IN', '2025-04-27 21:21:20', 'Received from supplier (source ID 7)', NULL, NULL),
(224, 5, 166, 7, 13, 'store', 'OUT', '2025-04-27 21:21:20', 'Transfer to store 13', NULL, NULL),
(225, 5, 166, 7, 13, 'store', 'IN', '2025-04-27 21:21:20', 'Received from warehouse 7', NULL, NULL),
(226, 5, 1000, 7, NULL, 'warehouse', 'IN', '2025-04-27 21:21:20', 'Received from supplier (source ID 7)', NULL, NULL),
(227, 17, 1000, 4, NULL, 'warehouse', 'IN', '2025-04-27 21:21:20', 'Received from supplier (source ID 4)', NULL, NULL),
(228, 4, 76, 7, 13, 'store', 'OUT', '2025-04-27 21:21:20', 'Transfer to store 13', NULL, NULL),
(229, 4, 76, 7, 13, 'store', 'IN', '2025-04-27 21:21:20', 'Received from warehouse 7', NULL, NULL),
(230, 4, 936, 7, NULL, 'warehouse', 'IN', '2025-04-27 21:21:20', 'Received from supplier (source ID 7)', NULL, NULL),
(231, 5, 166, 7, 13, 'store', 'OUT', '2025-04-27 21:21:20', 'Transfer to store 13', NULL, NULL),
(232, 5, 166, 7, 13, 'store', 'IN', '2025-04-27 21:21:20', 'Received from warehouse 7', NULL, NULL),
(233, 5, 1000, 7, NULL, 'warehouse', 'IN', '2025-04-27 21:21:20', 'Received from supplier (source ID 7)', NULL, NULL),
(234, 17, 1000, 4, NULL, 'warehouse', 'IN', '2025-04-27 21:21:20', 'Received from supplier (source ID 4)', NULL, NULL),
(235, 4, 76, 7, 13, 'store', 'OUT', '2025-04-27 21:21:20', 'Transfer to store 13', NULL, NULL),
(236, 4, 76, 7, 13, 'store', 'IN', '2025-04-27 21:21:20', 'Received from warehouse 7', NULL, NULL),
(237, 4, 936, 7, NULL, 'warehouse', 'IN', '2025-04-27 21:21:20', 'Received from supplier (source ID 7)', NULL, NULL),
(238, 5, 166, 7, 13, 'store', 'OUT', '2025-04-27 21:21:20', 'Transfer to store 13', NULL, NULL),
(239, 5, 166, 7, 13, 'store', 'IN', '2025-04-27 21:21:20', 'Received from warehouse 7', NULL, NULL),
(240, 5, 1000, 7, NULL, 'warehouse', 'IN', '2025-04-27 21:21:20', 'Received from supplier (source ID 7)', NULL, NULL),
(241, 17, 1000, 4, NULL, 'warehouse', 'IN', '2025-04-27 21:21:20', 'Received from supplier (source ID 4)', NULL, NULL),
(242, 3, 0, 1, 1, 'store', 'OUT', '2025-04-27 21:21:20', 'Partial transfer to store 1', NULL, NULL),
(243, 3, 0, 1, 1, 'store', 'IN', '2025-04-27 21:21:20', 'Partially received from warehouse 1', NULL, NULL),
(244, 53, 0, 8, 35, 'store', 'OUT', '2025-04-27 21:21:20', 'Partial transfer to store 35', NULL, NULL),
(245, 53, 0, 8, 35, 'store', 'IN', '2025-04-27 21:21:20', 'Partially received from warehouse 8', NULL, NULL),
(246, 3, 0, 1, 1, 'store', 'OUT', '2025-04-27 21:21:20', 'Partial transfer to store 1', NULL, NULL),
(247, 3, 0, 1, 1, 'store', 'IN', '2025-04-27 21:21:20', 'Partially received from warehouse 1', NULL, NULL),
(248, 53, 0, 8, 35, 'store', 'OUT', '2025-04-27 21:21:20', 'Partial transfer to store 35', NULL, NULL),
(249, 53, 0, 8, 35, 'store', 'IN', '2025-04-27 21:21:20', 'Partially received from warehouse 8', NULL, NULL),
(250, 3, 0, 1, 1, 'store', 'OUT', '2025-04-27 21:21:20', 'Partial transfer to store 1', NULL, NULL),
(251, 3, 0, 1, 1, 'store', 'IN', '2025-04-27 21:21:20', 'Partially received from warehouse 1', NULL, NULL),
(252, 53, 0, 8, 35, 'store', 'OUT', '2025-04-27 21:21:20', 'Partial transfer to store 35', NULL, NULL),
(253, 53, 0, 8, 35, 'store', 'IN', '2025-04-27 21:21:20', 'Partially received from warehouse 8', NULL, NULL),
(254, 3, 0, 1, 1, 'store', 'OUT', '2025-04-27 21:21:20', 'Partial transfer to store 1', NULL, NULL),
(255, 3, 0, 1, 1, 'store', 'IN', '2025-04-27 21:21:20', 'Partially received from warehouse 1', NULL, NULL),
(256, 53, 0, 8, 35, 'store', 'OUT', '2025-04-27 21:21:20', 'Partial transfer to store 35', NULL, NULL),
(257, 53, 0, 8, 35, 'store', 'IN', '2025-04-27 21:21:20', 'Partially received from warehouse 8', NULL, NULL),
(258, 3, 0, 1, 1, 'store', 'OUT', '2025-04-27 21:21:20', 'Partial transfer to store 1', NULL, NULL),
(259, 3, 0, 1, 1, 'store', 'IN', '2025-04-27 21:21:20', 'Partially received from warehouse 1', NULL, NULL),
(260, 53, 0, 8, 35, 'store', 'OUT', '2025-04-27 21:21:20', 'Partial transfer to store 35', NULL, NULL),
(261, 53, 0, 8, 35, 'store', 'IN', '2025-04-27 21:21:20', 'Partially received from warehouse 8', NULL, NULL),
(262, 1, 12, 1, 1, 'store', 'OUT', '2025-04-27 21:22:57', 'Partial transfer to store 1', NULL, NULL),
(263, 1, 12, 1, 1, 'store', 'IN', '2025-04-27 21:22:57', 'Partially received from warehouse 1', NULL, NULL),
(264, 1, 0, 1, 1, 'store', 'OUT', '2025-04-27 21:22:57', 'Partial transfer to store 1', NULL, NULL),
(265, 1, 0, 1, 1, 'store', 'IN', '2025-04-27 21:22:57', 'Partially received from warehouse 1', NULL, NULL),
(266, 1, 12, 1, NULL, 'warehouse', 'IN', '2025-04-27 21:22:58', 'Received from supplier (source ID 1)', NULL, NULL),
(267, 4, 76, 7, 13, 'store', 'OUT', '2025-04-27 21:22:58', 'Transfer to store 13', NULL, NULL),
(268, 4, 76, 7, 13, 'store', 'IN', '2025-04-27 21:22:58', 'Received from warehouse 7', NULL, NULL),
(269, 5, 166, 7, 13, 'store', 'OUT', '2025-04-27 21:22:58', 'Transfer to store 13', NULL, NULL),
(270, 5, 166, 7, 13, 'store', 'IN', '2025-04-27 21:22:58', 'Received from warehouse 7', NULL, NULL),
(271, 14, 42, 4, 28, 'store', 'OUT', '2025-04-27 21:22:58', 'Transfer to store 28', NULL, NULL),
(272, 14, 42, 4, 28, 'store', 'IN', '2025-04-27 21:22:58', 'Received from warehouse 4', NULL, NULL),
(273, 13, 0, 4, 28, 'store', 'OUT', '2025-04-27 21:22:58', 'Partial transfer to store 28', NULL, NULL),
(274, 13, 0, 4, 28, 'store', 'IN', '2025-04-27 21:22:58', 'Partially received from warehouse 4', NULL, NULL),
(275, 12, 90, 4, 28, 'store', 'OUT', '2025-04-27 21:22:58', 'Transfer to store 28', NULL, NULL),
(276, 12, 90, 4, 28, 'store', 'IN', '2025-04-27 21:22:58', 'Received from warehouse 4', NULL, NULL),
(277, 11, 126, 4, 28, 'store', 'OUT', '2025-04-27 21:22:58', 'Transfer to store 28', NULL, NULL),
(278, 11, 126, 4, 28, 'store', 'IN', '2025-04-27 21:22:58', 'Received from warehouse 4', NULL, NULL),
(279, 17, 184, 4, 28, 'store', 'OUT', '2025-04-27 21:22:58', 'Transfer to store 28', NULL, NULL),
(280, 17, 184, 4, 28, 'store', 'IN', '2025-04-27 21:22:58', 'Received from warehouse 4', NULL, NULL),
(281, 4, 76, 7, 13, 'store', 'OUT', '2025-04-27 21:22:58', 'Transfer to store 13', NULL, NULL),
(282, 4, 76, 7, 13, 'store', 'IN', '2025-04-27 21:22:58', 'Received from warehouse 7', NULL, NULL),
(283, 5, 166, 7, 13, 'store', 'OUT', '2025-04-27 21:22:58', 'Transfer to store 13', NULL, NULL),
(284, 5, 166, 7, 13, 'store', 'IN', '2025-04-27 21:22:58', 'Received from warehouse 7', NULL, NULL),
(285, 17, 184, 4, 28, 'store', 'OUT', '2025-04-27 21:22:58', 'Transfer to store 28', NULL, NULL),
(286, 17, 184, 4, 28, 'store', 'IN', '2025-04-27 21:22:58', 'Received from warehouse 4', NULL, NULL),
(287, 4, 76, 7, 13, 'store', 'OUT', '2025-04-27 21:22:58', 'Transfer to store 13', NULL, NULL),
(288, 4, 76, 7, 13, 'store', 'IN', '2025-04-27 21:22:58', 'Received from warehouse 7', NULL, NULL),
(289, 5, 166, 7, 13, 'store', 'OUT', '2025-04-27 21:22:58', 'Transfer to store 13', NULL, NULL),
(290, 5, 166, 7, 13, 'store', 'IN', '2025-04-27 21:22:58', 'Received from warehouse 7', NULL, NULL),
(291, 17, 184, 4, 28, 'store', 'OUT', '2025-04-27 21:22:58', 'Transfer to store 28', NULL, NULL),
(292, 17, 184, 4, 28, 'store', 'IN', '2025-04-27 21:22:58', 'Received from warehouse 4', NULL, NULL),
(293, 4, 76, 7, 13, 'store', 'OUT', '2025-04-27 21:22:58', 'Transfer to store 13', NULL, NULL),
(294, 4, 76, 7, 13, 'store', 'IN', '2025-04-27 21:22:58', 'Received from warehouse 7', NULL, NULL),
(295, 1, 12, 1, 1, 'store', 'OUT', '2025-04-27 21:27:56', 'Partial transfer to store 1', NULL, NULL),
(296, 1, 12, 1, 1, 'store', 'IN', '2025-04-27 21:27:56', 'Partially received from warehouse 1', NULL, NULL),
(297, 1, 0, 1, 1, 'store', 'OUT', '2025-04-27 21:27:56', 'Partial transfer to store 1', NULL, NULL),
(298, 1, 0, 1, 1, 'store', 'IN', '2025-04-27 21:27:56', 'Partially received from warehouse 1', NULL, NULL),
(299, 1, 12, 1, NULL, 'warehouse', 'IN', '2025-04-27 21:27:56', 'Received from supplier (source ID 1)', NULL, NULL),
(300, 4, 76, 7, 13, 'store', 'OUT', '2025-04-27 21:27:56', 'Transfer to store 13', NULL, NULL),
(301, 4, 76, 7, 13, 'store', 'IN', '2025-04-27 21:27:56', 'Received from warehouse 7', NULL, NULL),
(302, 5, 166, 7, 13, 'store', 'OUT', '2025-04-27 21:27:56', 'Transfer to store 13', NULL, NULL),
(303, 5, 166, 7, 13, 'store', 'IN', '2025-04-27 21:27:56', 'Received from warehouse 7', NULL, NULL),
(304, 14, 42, 4, 28, 'store', 'OUT', '2025-04-27 21:27:56', 'Transfer to store 28', NULL, NULL),
(305, 14, 42, 4, 28, 'store', 'IN', '2025-04-27 21:27:57', 'Received from warehouse 4', NULL, NULL),
(306, 13, 0, 4, 28, 'store', 'OUT', '2025-04-27 21:27:57', 'Partial transfer to store 28', NULL, NULL),
(307, 13, 0, 4, 28, 'store', 'IN', '2025-04-27 21:27:57', 'Partially received from warehouse 4', NULL, NULL),
(308, 12, 39, 4, 28, 'store', 'OUT', '2025-04-27 21:27:57', 'Partial transfer to store 28', NULL, NULL),
(309, 12, 39, 4, 28, 'store', 'IN', '2025-04-27 21:27:57', 'Partially received from warehouse 4', NULL, NULL),
(310, 11, 126, 4, 28, 'store', 'OUT', '2025-04-27 21:27:57', 'Transfer to store 28', NULL, NULL),
(311, 11, 126, 4, 28, 'store', 'IN', '2025-04-27 21:27:57', 'Received from warehouse 4', NULL, NULL),
(312, 17, 184, 4, 28, 'store', 'OUT', '2025-04-27 21:27:57', 'Transfer to store 28', NULL, NULL),
(313, 17, 184, 4, 28, 'store', 'IN', '2025-04-27 21:27:57', 'Received from warehouse 4', NULL, NULL),
(314, 4, 76, 7, 13, 'store', 'OUT', '2025-04-27 21:27:57', 'Transfer to store 13', NULL, NULL),
(315, 4, 76, 7, 13, 'store', 'IN', '2025-04-27 21:27:57', 'Received from warehouse 7', NULL, NULL),
(316, 5, 166, 7, 13, 'store', 'OUT', '2025-04-27 21:27:57', 'Transfer to store 13', NULL, NULL),
(317, 5, 166, 7, 13, 'store', 'IN', '2025-04-27 21:27:57', 'Received from warehouse 7', NULL, NULL),
(318, 17, 184, 4, 28, 'store', 'OUT', '2025-04-27 21:27:57', 'Transfer to store 28', NULL, NULL),
(319, 17, 184, 4, 28, 'store', 'IN', '2025-04-27 21:27:57', 'Received from warehouse 4', NULL, NULL),
(320, 4, 76, 7, 13, 'store', 'OUT', '2025-04-27 21:27:57', 'Transfer to store 13', NULL, NULL),
(321, 4, 76, 7, 13, 'store', 'IN', '2025-04-27 21:27:57', 'Received from warehouse 7', NULL, NULL),
(322, 5, 166, 7, 13, 'store', 'OUT', '2025-04-27 21:27:57', 'Transfer to store 13', NULL, NULL),
(323, 5, 166, 7, 13, 'store', 'IN', '2025-04-27 21:27:57', 'Received from warehouse 7', NULL, NULL),
(324, 17, 184, 4, 28, 'store', 'OUT', '2025-04-27 21:27:57', 'Transfer to store 28', NULL, NULL),
(325, 17, 184, 4, 28, 'store', 'IN', '2025-04-27 21:27:57', 'Received from warehouse 4', NULL, NULL),
(326, 4, 76, 7, 13, 'store', 'OUT', '2025-04-27 21:27:57', 'Transfer to store 13', NULL, NULL),
(327, 4, 76, 7, 13, 'store', 'IN', '2025-04-27 21:27:57', 'Received from warehouse 7', NULL, NULL),
(328, 1, 12, 1, 1, 'store', 'OUT', '2025-04-27 21:43:10', 'Partial transfer to store 1', NULL, NULL),
(329, 1, 12, 1, 1, 'store', 'IN', '2025-04-27 21:43:10', 'Partially received from warehouse 1', NULL, NULL),
(330, 1, 0, 1, 1, 'store', 'OUT', '2025-04-27 21:43:10', 'Partial transfer to store 1', NULL, NULL),
(331, 1, 0, 1, 1, 'store', 'IN', '2025-04-27 21:43:10', 'Partially received from warehouse 1', NULL, NULL),
(332, 1, 12, 1, NULL, 'warehouse', 'IN', '2025-04-27 21:43:10', 'Received from supplier (source ID 1)', NULL, NULL),
(333, 4, 76, 7, 13, 'store', 'OUT', '2025-04-27 21:43:10', 'Transfer to store 13', NULL, NULL),
(334, 4, 76, 7, 13, 'store', 'IN', '2025-04-27 21:43:10', 'Received from warehouse 7', NULL, NULL),
(335, 5, 166, 7, 13, 'store', 'OUT', '2025-04-27 21:43:10', 'Transfer to store 13', NULL, NULL),
(336, 5, 166, 7, 13, 'store', 'IN', '2025-04-27 21:43:10', 'Received from warehouse 7', NULL, NULL),
(337, 14, 42, 4, 28, 'store', 'OUT', '2025-04-27 21:43:10', 'Transfer to store 28', NULL, NULL),
(338, 14, 42, 4, 28, 'store', 'IN', '2025-04-27 21:43:10', 'Received from warehouse 4', NULL, NULL),
(339, 13, 0, 4, 28, 'store', 'OUT', '2025-04-27 21:43:10', 'Partial transfer to store 28', NULL, NULL),
(340, 13, 0, 4, 28, 'store', 'IN', '2025-04-27 21:43:10', 'Partially received from warehouse 4', NULL, NULL),
(341, 12, 0, 4, 28, 'store', 'OUT', '2025-04-27 21:43:10', 'Partial transfer to store 28', NULL, NULL),
(342, 12, 0, 4, 28, 'store', 'IN', '2025-04-27 21:43:10', 'Partially received from warehouse 4', NULL, NULL),
(343, 11, 28, 4, 28, 'store', 'OUT', '2025-04-27 21:43:10', 'Partial transfer to store 28', NULL, NULL),
(344, 11, 28, 4, 28, 'store', 'IN', '2025-04-27 21:43:10', 'Partially received from warehouse 4', NULL, NULL),
(345, 17, 184, 4, 28, 'store', 'OUT', '2025-04-27 21:43:10', 'Transfer to store 28', NULL, NULL),
(346, 17, 184, 4, 28, 'store', 'IN', '2025-04-27 21:43:10', 'Received from warehouse 4', NULL, NULL),
(347, 4, 76, 7, 13, 'store', 'OUT', '2025-04-27 21:43:10', 'Transfer to store 13', NULL, NULL),
(348, 4, 76, 7, 13, 'store', 'IN', '2025-04-27 21:43:10', 'Received from warehouse 7', NULL, NULL),
(349, 5, 166, 7, 13, 'store', 'OUT', '2025-04-27 21:43:10', 'Transfer to store 13', NULL, NULL),
(350, 5, 166, 7, 13, 'store', 'IN', '2025-04-27 21:43:10', 'Received from warehouse 7', NULL, NULL),
(351, 17, 184, 4, 28, 'store', 'OUT', '2025-04-27 21:43:10', 'Transfer to store 28', NULL, NULL),
(352, 17, 184, 4, 28, 'store', 'IN', '2025-04-27 21:43:10', 'Received from warehouse 4', NULL, NULL),
(353, 4, 76, 7, 13, 'store', 'OUT', '2025-04-27 21:43:10', 'Transfer to store 13', NULL, NULL),
(354, 4, 76, 7, 13, 'store', 'IN', '2025-04-27 21:43:10', 'Received from warehouse 7', NULL, NULL),
(355, 5, 166, 7, 13, 'store', 'OUT', '2025-04-27 21:43:10', 'Transfer to store 13', NULL, NULL),
(356, 5, 166, 7, 13, 'store', 'IN', '2025-04-27 21:43:10', 'Received from warehouse 7', NULL, NULL),
(357, 17, 184, 4, 28, 'store', 'OUT', '2025-04-27 21:43:10', 'Transfer to store 28', NULL, NULL),
(358, 17, 184, 4, 28, 'store', 'IN', '2025-04-27 21:43:10', 'Received from warehouse 4', NULL, NULL),
(359, 4, 76, 7, 13, 'store', 'OUT', '2025-04-27 21:43:10', 'Transfer to store 13', NULL, NULL),
(360, 4, 76, 7, 13, 'store', 'IN', '2025-04-27 21:43:10', 'Received from warehouse 7', NULL, NULL),
(361, 1, 12, 1, 1, 'store', 'OUT', '2025-04-27 22:40:30', 'Partial transfer to store 1', NULL, NULL),
(362, 1, 12, 1, 1, 'store', 'IN', '2025-04-27 22:40:30', 'Partially received from warehouse 1', NULL, NULL),
(363, 1, 0, 1, 1, 'store', 'OUT', '2025-04-27 22:41:48', 'Partial transfer to store 1', NULL, NULL),
(364, 1, 0, 1, 1, 'store', 'IN', '2025-04-27 22:41:48', 'Partially received from warehouse 1', NULL, NULL),
(365, 1, 0, 1, 1, 'store', 'OUT', '2025-04-27 22:41:48', 'Partial transfer to store 1', NULL, NULL),
(366, 1, 0, 1, 1, 'store', 'IN', '2025-04-27 22:41:48', 'Partially received from warehouse 1', NULL, NULL),
(367, 1, 12, 1, NULL, 'warehouse', 'IN', '2025-04-27 22:41:48', 'Received from supplier (source ID 1)', NULL, NULL),
(368, 4, 76, 7, 13, 'store', 'OUT', '2025-04-27 22:41:48', 'Transfer to store 13', NULL, NULL),
(369, 4, 76, 7, 13, 'store', 'IN', '2025-04-27 22:41:48', 'Received from warehouse 7', NULL, NULL),
(370, 5, 166, 7, 13, 'store', 'OUT', '2025-04-27 22:41:48', 'Transfer to store 13', NULL, NULL),
(371, 5, 166, 7, 13, 'store', 'IN', '2025-04-27 22:41:48', 'Received from warehouse 7', NULL, NULL),
(372, 14, 42, 4, 28, 'store', 'OUT', '2025-04-27 22:41:48', 'Transfer to store 28', NULL, NULL),
(373, 14, 42, 4, 28, 'store', 'IN', '2025-04-27 22:41:48', 'Received from warehouse 4', NULL, NULL),
(374, 13, 0, 4, 28, 'store', 'OUT', '2025-04-27 22:41:48', 'Partial transfer to store 28', NULL, NULL),
(375, 13, 0, 4, 28, 'store', 'IN', '2025-04-27 22:41:48', 'Partially received from warehouse 4', NULL, NULL),
(376, 12, 0, 4, 28, 'store', 'OUT', '2025-04-27 22:41:48', 'Partial transfer to store 28', NULL, NULL),
(377, 12, 0, 4, 28, 'store', 'IN', '2025-04-27 22:41:48', 'Partially received from warehouse 4', NULL, NULL),
(378, 11, 0, 4, 28, 'store', 'OUT', '2025-04-27 22:41:48', 'Partial transfer to store 28', NULL, NULL),
(379, 11, 0, 4, 28, 'store', 'IN', '2025-04-27 22:41:48', 'Partially received from warehouse 4', NULL, NULL),
(380, 16, 186, 4, 28, 'store', 'OUT', '2025-04-27 22:41:48', 'Transfer to store 28', NULL, NULL),
(381, 16, 186, 4, 28, 'store', 'IN', '2025-04-27 22:41:48', 'Received from warehouse 4', NULL, NULL),
(382, 17, 184, 4, 28, 'store', 'OUT', '2025-04-27 22:41:48', 'Transfer to store 28', NULL, NULL),
(383, 17, 184, 4, 28, 'store', 'IN', '2025-04-27 22:41:48', 'Received from warehouse 4', NULL, NULL),
(384, 4, 76, 7, 13, 'store', 'OUT', '2025-04-27 22:41:48', 'Transfer to store 13', NULL, NULL),
(385, 4, 76, 7, 13, 'store', 'IN', '2025-04-27 22:41:48', 'Received from warehouse 7', NULL, NULL),
(386, 5, 166, 7, 13, 'store', 'OUT', '2025-04-27 22:41:48', 'Transfer to store 13', NULL, NULL),
(387, 5, 166, 7, 13, 'store', 'IN', '2025-04-27 22:41:48', 'Received from warehouse 7', NULL, NULL),
(388, 17, 184, 4, 28, 'store', 'OUT', '2025-04-27 22:41:48', 'Transfer to store 28', NULL, NULL),
(389, 17, 184, 4, 28, 'store', 'IN', '2025-04-27 22:41:48', 'Received from warehouse 4', NULL, NULL),
(390, 4, 76, 7, 13, 'store', 'OUT', '2025-04-27 22:41:48', 'Transfer to store 13', NULL, NULL),
(391, 4, 76, 7, 13, 'store', 'IN', '2025-04-27 22:41:48', 'Received from warehouse 7', NULL, NULL),
(392, 5, 166, 7, 13, 'store', 'OUT', '2025-04-27 22:41:48', 'Transfer to store 13', NULL, NULL),
(393, 5, 166, 7, 13, 'store', 'IN', '2025-04-27 22:41:48', 'Received from warehouse 7', NULL, NULL),
(394, 17, 184, 4, 28, 'store', 'OUT', '2025-04-27 22:41:48', 'Transfer to store 28', NULL, NULL),
(395, 17, 184, 4, 28, 'store', 'IN', '2025-04-27 22:41:48', 'Received from warehouse 4', NULL, NULL),
(396, 4, 76, 7, 13, 'store', 'OUT', '2025-04-27 22:41:48', 'Transfer to store 13', NULL, NULL),
(397, 4, 76, 7, 13, 'store', 'IN', '2025-04-27 22:41:48', 'Received from warehouse 7', NULL, NULL),
(398, 1, 12, 1, NULL, 'warehouse', 'IN', '2025-04-27 22:45:06', 'Received from supplier (source ID 1)', NULL, NULL),
(399, 4, 76, 7, 13, 'store', 'OUT', '2025-04-27 22:59:05', 'Transfer to store 13', NULL, NULL),
(400, 4, 76, 7, 13, 'store', 'IN', '2025-04-27 22:59:05', 'Received from warehouse 7', NULL, NULL),
(401, 5, 166, 7, 13, 'store', 'OUT', '2025-04-27 22:59:05', 'Transfer to store 13', NULL, NULL),
(402, 5, 166, 7, 13, 'store', 'IN', '2025-04-27 22:59:05', 'Received from warehouse 7', NULL, NULL),
(403, 12, 0, 4, 28, 'store', 'OUT', '2025-04-27 22:59:05', 'Partial transfer to store 28', NULL, NULL),
(404, 12, 0, 4, 28, 'store', 'IN', '2025-04-27 22:59:05', 'Partially received from warehouse 4', NULL, NULL),
(405, 17, 184, 4, 28, 'store', 'OUT', '2025-04-27 22:59:05', 'Transfer to store 28', NULL, NULL),
(406, 17, 184, 4, 28, 'store', 'IN', '2025-04-27 22:59:05', 'Received from warehouse 4', NULL, NULL),
(407, 4, 76, 7, 13, 'store', 'OUT', '2025-04-27 22:59:05', 'Transfer to store 13', NULL, NULL),
(408, 4, 76, 7, 13, 'store', 'IN', '2025-04-27 22:59:05', 'Received from warehouse 7', NULL, NULL),
(409, 4, 936, 7, NULL, 'warehouse', 'IN', '2025-04-27 22:59:05', 'Received from supplier (source ID 7)', NULL, NULL),
(410, 4, 76, 7, 13, 'store', 'OUT', '2025-04-27 22:59:05', 'Transfer to store 13', NULL, NULL),
(411, 4, 76, 7, 13, 'store', 'IN', '2025-04-27 22:59:05', 'Received from warehouse 7', NULL, NULL),
(412, 5, 1000, 7, NULL, 'warehouse', 'IN', '2025-04-27 22:59:05', 'Received from supplier (source ID 7)', NULL, NULL),
(413, 17, 1000, 4, NULL, 'warehouse', 'IN', '2025-04-27 22:59:05', 'Received from supplier (source ID 4)', NULL, NULL),
(414, 4, 936, 7, NULL, 'warehouse', 'IN', '2025-04-27 22:59:05', 'Received from supplier (source ID 7)', NULL, NULL),
(415, 4, 76, 7, 13, 'store', 'OUT', '2025-04-27 22:59:05', 'Transfer to store 13', NULL, NULL),
(416, 4, 76, 7, 13, 'store', 'IN', '2025-04-27 22:59:05', 'Received from warehouse 7', NULL, NULL),
(417, 5, 1000, 7, NULL, 'warehouse', 'IN', '2025-04-27 22:59:05', 'Received from supplier (source ID 7)', NULL, NULL),
(418, 17, 1000, 4, NULL, 'warehouse', 'IN', '2025-04-27 22:59:05', 'Received from supplier (source ID 4)', NULL, NULL),
(419, 4, 76, 7, 13, 'store', 'OUT', '2025-04-27 22:59:05', 'Transfer to store 13', NULL, NULL),
(420, 4, 76, 7, 13, 'store', 'IN', '2025-04-27 22:59:05', 'Received from warehouse 7', NULL, NULL),
(421, 4, 936, 7, NULL, 'warehouse', 'IN', '2025-04-27 22:59:05', 'Received from supplier (source ID 7)', NULL, NULL),
(422, 5, 1000, 7, NULL, 'warehouse', 'IN', '2025-04-27 22:59:05', 'Received from supplier (source ID 7)', NULL, NULL),
(423, 17, 1000, 4, NULL, 'warehouse', 'IN', '2025-04-27 22:59:05', 'Received from supplier (source ID 4)', NULL, NULL),
(424, 3, 0, 1, 1, 'store', 'OUT', '2025-04-27 22:59:05', 'Partial transfer to store 1', NULL, NULL),
(425, 3, 0, 1, 1, 'store', 'IN', '2025-04-27 22:59:05', 'Partially received from warehouse 1', NULL, NULL),
(426, 53, 0, 8, 35, 'store', 'OUT', '2025-04-27 22:59:05', 'Partial transfer to store 35', NULL, NULL),
(427, 53, 0, 8, 35, 'store', 'IN', '2025-04-27 22:59:05', 'Partially received from warehouse 8', NULL, NULL),
(428, 4, 76, 7, 13, 'store', 'OUT', '2025-04-27 22:59:05', 'Transfer to store 13', NULL, NULL),
(429, 4, 76, 7, 13, 'store', 'IN', '2025-04-27 22:59:05', 'Received from warehouse 7', NULL, NULL),
(430, 4, 936, 7, NULL, 'warehouse', 'IN', '2025-04-27 22:59:05', 'Received from supplier (source ID 7)', NULL, NULL),
(431, 5, 1000, 7, NULL, 'warehouse', 'IN', '2025-04-27 22:59:05', 'Received from supplier (source ID 7)', NULL, NULL),
(432, 17, 1000, 4, NULL, 'warehouse', 'IN', '2025-04-27 22:59:05', 'Received from supplier (source ID 4)', NULL, NULL),
(433, 4, 76, 7, 13, 'store', 'OUT', '2025-04-27 22:59:05', 'Transfer to store 13', NULL, NULL),
(434, 4, 76, 7, 13, 'store', 'IN', '2025-04-27 22:59:05', 'Received from warehouse 7', NULL, NULL),
(435, 5, 166, 7, 13, 'store', 'OUT', '2025-04-27 22:59:05', 'Transfer to store 13', NULL, NULL),
(436, 5, 166, 7, 13, 'store', 'IN', '2025-04-27 22:59:05', 'Received from warehouse 7', NULL, NULL),
(437, 4, 76, 7, 13, 'store', 'OUT', '2025-04-27 22:59:05', 'Transfer to store 13', NULL, NULL),
(438, 4, 76, 7, 13, 'store', 'IN', '2025-04-27 22:59:05', 'Received from warehouse 7', NULL, NULL),
(439, 4, 936, 7, NULL, 'warehouse', 'IN', '2025-04-27 22:59:05', 'Received from supplier (source ID 7)', NULL, NULL),
(440, 5, 1000, 7, NULL, 'warehouse', 'IN', '2025-04-27 22:59:05', 'Received from supplier (source ID 7)', NULL, NULL),
(441, 17, 1000, 4, NULL, 'warehouse', 'IN', '2025-04-27 22:59:05', 'Received from supplier (source ID 4)', NULL, NULL),
(442, 4, 76, 7, 13, 'store', 'OUT', '2025-04-27 22:59:05', 'Transfer to store 13', NULL, NULL),
(443, 4, 76, 7, 13, 'store', 'IN', '2025-04-27 22:59:05', 'Received from warehouse 7', NULL, NULL),
(444, 4, 936, 7, NULL, 'warehouse', 'IN', '2025-04-27 22:59:05', 'Received from supplier (source ID 7)', NULL, NULL),
(445, 5, 1000, 7, NULL, 'warehouse', 'IN', '2025-04-27 22:59:05', 'Received from supplier (source ID 7)', NULL, NULL),
(446, 17, 1000, 4, NULL, 'warehouse', 'IN', '2025-04-27 22:59:05', 'Received from supplier (source ID 4)', NULL, NULL),
(447, 4, 76, 7, 13, 'store', 'OUT', '2025-04-27 22:59:05', 'Transfer to store 13', NULL, NULL),
(448, 4, 76, 7, 13, 'store', 'IN', '2025-04-27 22:59:05', 'Received from warehouse 7', NULL, NULL),
(449, 4, 936, 7, NULL, 'warehouse', 'IN', '2025-04-27 22:59:05', 'Received from supplier (source ID 7)', NULL, NULL),
(450, 5, 1000, 7, NULL, 'warehouse', 'IN', '2025-04-27 22:59:05', 'Received from supplier (source ID 7)', NULL, NULL),
(451, 17, 1000, 4, NULL, 'warehouse', 'IN', '2025-04-27 22:59:05', 'Received from supplier (source ID 4)', NULL, NULL),
(452, 4, 76, 7, 13, 'store', 'OUT', '2025-04-27 22:59:05', 'Transfer to store 13', NULL, NULL),
(453, 4, 76, 7, 13, 'store', 'IN', '2025-04-27 22:59:05', 'Received from warehouse 7', NULL, NULL),
(454, 4, 936, 7, NULL, 'warehouse', 'IN', '2025-04-27 22:59:05', 'Received from supplier (source ID 7)', NULL, NULL),
(455, 5, 1000, 7, NULL, 'warehouse', 'IN', '2025-04-27 22:59:05', 'Received from supplier (source ID 7)', NULL, NULL),
(456, 17, 1000, 4, NULL, 'warehouse', 'IN', '2025-04-27 22:59:05', 'Received from supplier (source ID 4)', NULL, NULL),
(457, 4, 76, 7, 13, 'store', 'OUT', '2025-04-27 22:59:05', 'Transfer to store 13', NULL, NULL),
(458, 4, 76, 7, 13, 'store', 'IN', '2025-04-27 22:59:05', 'Received from warehouse 7', NULL, NULL),
(459, 4, 936, 7, NULL, 'warehouse', 'IN', '2025-04-27 22:59:05', 'Received from supplier (source ID 7)', NULL, NULL),
(460, 5, 1000, 7, NULL, 'warehouse', 'IN', '2025-04-27 22:59:05', 'Received from supplier (source ID 7)', NULL, NULL),
(461, 17, 1000, 4, NULL, 'warehouse', 'IN', '2025-04-27 22:59:05', 'Received from supplier (source ID 4)', NULL, NULL),
(462, 4, 76, 7, 13, 'store', 'OUT', '2025-04-27 22:59:05', 'Transfer to store 13', NULL, NULL),
(463, 4, 76, 7, 13, 'store', 'IN', '2025-04-27 22:59:05', 'Received from warehouse 7', NULL, NULL),
(464, 4, 936, 7, NULL, 'warehouse', 'IN', '2025-04-27 22:59:05', 'Received from supplier (source ID 7)', NULL, NULL),
(465, 5, 1000, 7, NULL, 'warehouse', 'IN', '2025-04-27 22:59:05', 'Received from supplier (source ID 7)', NULL, NULL),
(466, 17, 1000, 4, NULL, 'warehouse', 'IN', '2025-04-27 22:59:05', 'Received from supplier (source ID 4)', NULL, NULL),
(467, 4, 76, 7, 13, 'store', 'OUT', '2025-04-27 22:59:05', 'Transfer to store 13', NULL, NULL),
(468, 4, 76, 7, 13, 'store', 'IN', '2025-04-27 22:59:05', 'Received from warehouse 7', NULL, NULL),
(469, 4, 936, 7, NULL, 'warehouse', 'IN', '2025-04-27 22:59:05', 'Received from supplier (source ID 7)', NULL, NULL),
(470, 5, 1000, 7, NULL, 'warehouse', 'IN', '2025-04-27 22:59:05', 'Received from supplier (source ID 7)', NULL, NULL),
(471, 17, 1000, 4, NULL, 'warehouse', 'IN', '2025-04-27 22:59:05', 'Received from supplier (source ID 4)', NULL, NULL),
(472, 4, 76, 7, 13, 'store', 'OUT', '2025-04-27 22:59:05', 'Transfer to store 13', NULL, NULL),
(473, 4, 76, 7, 13, 'store', 'IN', '2025-04-27 22:59:05', 'Received from warehouse 7', NULL, NULL),
(474, 4, 936, 7, NULL, 'warehouse', 'IN', '2025-04-27 22:59:05', 'Received from supplier (source ID 7)', NULL, NULL),
(475, 5, 1000, 7, NULL, 'warehouse', 'IN', '2025-04-27 22:59:05', 'Received from supplier (source ID 7)', NULL, NULL),
(476, 17, 1000, 4, NULL, 'warehouse', 'IN', '2025-04-27 22:59:05', 'Received from supplier (source ID 4)', NULL, NULL),
(477, 4, 76, 7, 13, 'store', 'OUT', '2025-04-27 22:59:05', 'Transfer to store 13', NULL, NULL),
(478, 4, 76, 7, 13, 'store', 'IN', '2025-04-27 22:59:05', 'Received from warehouse 7', NULL, NULL),
(479, 4, 936, 7, NULL, 'warehouse', 'IN', '2025-04-27 22:59:05', 'Received from supplier (source ID 7)', NULL, NULL),
(480, 5, 166, 7, 13, 'store', 'OUT', '2025-04-27 22:59:05', 'Transfer to store 13', NULL, NULL),
(481, 5, 166, 7, 13, 'store', 'IN', '2025-04-27 22:59:05', 'Received from warehouse 7', NULL, NULL),
(482, 5, 1000, 7, NULL, 'warehouse', 'IN', '2025-04-27 22:59:05', 'Received from supplier (source ID 7)', NULL, NULL),
(483, 17, 1000, 4, NULL, 'warehouse', 'IN', '2025-04-27 22:59:05', 'Received from supplier (source ID 4)', NULL, NULL),
(484, 4, 76, 7, 13, 'store', 'OUT', '2025-04-27 22:59:05', 'Transfer to store 13', NULL, NULL),
(485, 4, 76, 7, 13, 'store', 'IN', '2025-04-27 22:59:05', 'Received from warehouse 7', NULL, NULL),
(486, 4, 936, 7, NULL, 'warehouse', 'IN', '2025-04-27 22:59:05', 'Received from supplier (source ID 7)', NULL, NULL),
(487, 5, 166, 7, 13, 'store', 'OUT', '2025-04-27 22:59:05', 'Transfer to store 13', NULL, NULL),
(488, 5, 166, 7, 13, 'store', 'IN', '2025-04-27 22:59:05', 'Received from warehouse 7', NULL, NULL),
(489, 5, 1000, 7, NULL, 'warehouse', 'IN', '2025-04-27 22:59:05', 'Received from supplier (source ID 7)', NULL, NULL),
(490, 17, 1000, 4, NULL, 'warehouse', 'IN', '2025-04-27 22:59:05', 'Received from supplier (source ID 4)', NULL, NULL),
(491, 4, 76, 7, 13, 'store', 'OUT', '2025-04-27 22:59:05', 'Transfer to store 13', NULL, NULL);
INSERT INTO `inventory_transactions` (`id`, `product_id`, `quantity`, `warehouse_id`, `store_id`, `source_type`, `transaction_type`, `transaction_time`, `notes`, `user_id`, `username`) VALUES
(492, 4, 76, 7, 13, 'store', 'IN', '2025-04-27 22:59:05', 'Received from warehouse 7', NULL, NULL),
(493, 4, 936, 7, NULL, 'warehouse', 'IN', '2025-04-27 22:59:05', 'Received from supplier (source ID 7)', NULL, NULL),
(494, 5, 166, 7, 13, 'store', 'OUT', '2025-04-27 22:59:05', 'Transfer to store 13', NULL, NULL),
(495, 5, 166, 7, 13, 'store', 'IN', '2025-04-27 22:59:05', 'Received from warehouse 7', NULL, NULL),
(496, 5, 1000, 7, NULL, 'warehouse', 'IN', '2025-04-27 22:59:05', 'Received from supplier (source ID 7)', NULL, NULL),
(497, 17, 1000, 4, NULL, 'warehouse', 'IN', '2025-04-27 22:59:06', 'Received from supplier (source ID 4)', NULL, NULL),
(498, 4, 76, 7, 13, 'store', 'OUT', '2025-04-27 22:59:06', 'Transfer to store 13', NULL, NULL),
(499, 4, 76, 7, 13, 'store', 'IN', '2025-04-27 22:59:06', 'Received from warehouse 7', NULL, NULL),
(500, 4, 936, 7, NULL, 'warehouse', 'IN', '2025-04-27 22:59:06', 'Received from supplier (source ID 7)', NULL, NULL),
(501, 5, 166, 7, 13, 'store', 'OUT', '2025-04-27 22:59:06', 'Transfer to store 13', NULL, NULL),
(502, 5, 166, 7, 13, 'store', 'IN', '2025-04-27 22:59:06', 'Received from warehouse 7', NULL, NULL),
(503, 5, 1000, 7, NULL, 'warehouse', 'IN', '2025-04-27 22:59:06', 'Received from supplier (source ID 7)', NULL, NULL),
(504, 17, 1000, 4, NULL, 'warehouse', 'IN', '2025-04-27 22:59:06', 'Received from supplier (source ID 4)', NULL, NULL),
(505, 4, 76, 7, 13, 'store', 'OUT', '2025-04-27 22:59:06', 'Transfer to store 13', NULL, NULL),
(506, 4, 76, 7, 13, 'store', 'IN', '2025-04-27 22:59:06', 'Received from warehouse 7', NULL, NULL),
(507, 4, 936, 7, NULL, 'warehouse', 'IN', '2025-04-27 22:59:06', 'Received from supplier (source ID 7)', NULL, NULL),
(508, 5, 166, 7, 13, 'store', 'OUT', '2025-04-27 22:59:06', 'Transfer to store 13', NULL, NULL),
(509, 5, 166, 7, 13, 'store', 'IN', '2025-04-27 22:59:06', 'Received from warehouse 7', NULL, NULL),
(510, 5, 1000, 7, NULL, 'warehouse', 'IN', '2025-04-27 22:59:06', 'Received from supplier (source ID 7)', NULL, NULL),
(511, 17, 1000, 4, NULL, 'warehouse', 'IN', '2025-04-27 22:59:06', 'Received from supplier (source ID 4)', NULL, NULL),
(512, 4, 76, 7, 13, 'store', 'OUT', '2025-04-27 22:59:06', 'Transfer to store 13', NULL, NULL),
(513, 4, 76, 7, 13, 'store', 'IN', '2025-04-27 22:59:06', 'Received from warehouse 7', NULL, NULL),
(514, 4, 936, 7, NULL, 'warehouse', 'IN', '2025-04-27 22:59:06', 'Received from supplier (source ID 7)', NULL, NULL),
(515, 5, 166, 7, 13, 'store', 'OUT', '2025-04-27 22:59:06', 'Transfer to store 13', NULL, NULL),
(516, 5, 166, 7, 13, 'store', 'IN', '2025-04-27 22:59:06', 'Received from warehouse 7', NULL, NULL),
(517, 5, 1000, 7, NULL, 'warehouse', 'IN', '2025-04-27 22:59:06', 'Received from supplier (source ID 7)', NULL, NULL),
(518, 17, 1000, 4, NULL, 'warehouse', 'IN', '2025-04-27 22:59:06', 'Received from supplier (source ID 4)', NULL, NULL),
(519, 4, 76, 7, 13, 'store', 'OUT', '2025-04-27 22:59:06', 'Transfer to store 13', NULL, NULL),
(520, 4, 76, 7, 13, 'store', 'IN', '2025-04-27 22:59:06', 'Received from warehouse 7', NULL, NULL),
(521, 4, 936, 7, NULL, 'warehouse', 'IN', '2025-04-27 22:59:06', 'Received from supplier (source ID 7)', NULL, NULL),
(522, 5, 166, 7, 13, 'store', 'OUT', '2025-04-27 22:59:06', 'Transfer to store 13', NULL, NULL),
(523, 5, 166, 7, 13, 'store', 'IN', '2025-04-27 22:59:06', 'Received from warehouse 7', NULL, NULL),
(524, 5, 1000, 7, NULL, 'warehouse', 'IN', '2025-04-27 22:59:06', 'Received from supplier (source ID 7)', NULL, NULL),
(525, 17, 1000, 4, NULL, 'warehouse', 'IN', '2025-04-27 22:59:06', 'Received from supplier (source ID 4)', NULL, NULL),
(526, 4, 76, 7, 13, 'store', 'OUT', '2025-04-27 22:59:06', 'Transfer to store 13', NULL, NULL),
(527, 4, 76, 7, 13, 'store', 'IN', '2025-04-27 22:59:06', 'Received from warehouse 7', NULL, NULL),
(528, 4, 936, 7, NULL, 'warehouse', 'IN', '2025-04-27 22:59:06', 'Received from supplier (source ID 7)', NULL, NULL),
(529, 5, 166, 7, 13, 'store', 'OUT', '2025-04-27 22:59:06', 'Transfer to store 13', NULL, NULL),
(530, 5, 166, 7, 13, 'store', 'IN', '2025-04-27 22:59:06', 'Received from warehouse 7', NULL, NULL),
(531, 5, 1000, 7, NULL, 'warehouse', 'IN', '2025-04-27 22:59:06', 'Received from supplier (source ID 7)', NULL, NULL),
(532, 17, 1000, 4, NULL, 'warehouse', 'IN', '2025-04-27 22:59:06', 'Received from supplier (source ID 4)', NULL, NULL),
(533, 4, 76, 7, 13, 'store', 'OUT', '2025-04-27 22:59:06', 'Transfer to store 13', NULL, NULL),
(534, 4, 76, 7, 13, 'store', 'IN', '2025-04-27 22:59:06', 'Received from warehouse 7', NULL, NULL),
(535, 4, 936, 7, NULL, 'warehouse', 'IN', '2025-04-27 22:59:06', 'Received from supplier (source ID 7)', NULL, NULL),
(536, 5, 166, 7, 13, 'store', 'OUT', '2025-04-27 22:59:06', 'Transfer to store 13', NULL, NULL),
(537, 5, 166, 7, 13, 'store', 'IN', '2025-04-27 22:59:06', 'Received from warehouse 7', NULL, NULL),
(538, 5, 1000, 7, NULL, 'warehouse', 'IN', '2025-04-27 22:59:06', 'Received from supplier (source ID 7)', NULL, NULL),
(539, 17, 1000, 4, NULL, 'warehouse', 'IN', '2025-04-27 22:59:06', 'Received from supplier (source ID 4)', NULL, NULL),
(540, 4, 76, 7, 13, 'store', 'OUT', '2025-04-27 22:59:06', 'Transfer to store 13', NULL, NULL),
(541, 4, 76, 7, 13, 'store', 'IN', '2025-04-27 22:59:06', 'Received from warehouse 7', NULL, NULL),
(542, 4, 936, 7, NULL, 'warehouse', 'IN', '2025-04-27 22:59:06', 'Received from supplier (source ID 7)', NULL, NULL),
(543, 5, 166, 7, 13, 'store', 'OUT', '2025-04-27 22:59:06', 'Transfer to store 13', NULL, NULL),
(544, 5, 166, 7, 13, 'store', 'IN', '2025-04-27 22:59:06', 'Received from warehouse 7', NULL, NULL),
(545, 5, 1000, 7, NULL, 'warehouse', 'IN', '2025-04-27 22:59:06', 'Received from supplier (source ID 7)', NULL, NULL),
(546, 17, 1000, 4, NULL, 'warehouse', 'IN', '2025-04-27 22:59:06', 'Received from supplier (source ID 4)', NULL, NULL),
(547, 3, 0, 1, 1, 'store', 'OUT', '2025-04-27 22:59:06', 'Partial transfer to store 1', NULL, NULL),
(548, 3, 0, 1, 1, 'store', 'IN', '2025-04-27 22:59:06', 'Partially received from warehouse 1', NULL, NULL),
(549, 53, 0, 8, 35, 'store', 'OUT', '2025-04-27 22:59:06', 'Partial transfer to store 35', NULL, NULL),
(550, 53, 0, 8, 35, 'store', 'IN', '2025-04-27 22:59:06', 'Partially received from warehouse 8', NULL, NULL),
(551, 3, 0, 1, 1, 'store', 'OUT', '2025-04-27 22:59:06', 'Partial transfer to store 1', NULL, NULL),
(552, 3, 0, 1, 1, 'store', 'IN', '2025-04-27 22:59:06', 'Partially received from warehouse 1', NULL, NULL),
(553, 53, 0, 8, 35, 'store', 'OUT', '2025-04-27 22:59:06', 'Partial transfer to store 35', NULL, NULL),
(554, 53, 0, 8, 35, 'store', 'IN', '2025-04-27 22:59:06', 'Partially received from warehouse 8', NULL, NULL),
(555, 3, 0, 1, 1, 'store', 'OUT', '2025-04-27 22:59:06', 'Partial transfer to store 1', NULL, NULL),
(556, 3, 0, 1, 1, 'store', 'IN', '2025-04-27 22:59:06', 'Partially received from warehouse 1', NULL, NULL),
(557, 53, 0, 8, 35, 'store', 'OUT', '2025-04-27 22:59:06', 'Partial transfer to store 35', NULL, NULL),
(558, 53, 0, 8, 35, 'store', 'IN', '2025-04-27 22:59:06', 'Partially received from warehouse 8', NULL, NULL),
(559, 3, 0, 1, 1, 'store', 'OUT', '2025-04-27 22:59:06', 'Partial transfer to store 1', NULL, NULL),
(560, 3, 0, 1, 1, 'store', 'IN', '2025-04-27 22:59:06', 'Partially received from warehouse 1', NULL, NULL),
(561, 53, 0, 8, 35, 'store', 'OUT', '2025-04-27 22:59:06', 'Partial transfer to store 35', NULL, NULL),
(562, 53, 0, 8, 35, 'store', 'IN', '2025-04-27 22:59:06', 'Partially received from warehouse 8', NULL, NULL),
(563, 3, 0, 1, 1, 'store', 'OUT', '2025-04-27 22:59:06', 'Partial transfer to store 1', NULL, NULL),
(564, 3, 0, 1, 1, 'store', 'IN', '2025-04-27 22:59:06', 'Partially received from warehouse 1', NULL, NULL),
(565, 53, 0, 8, 35, 'store', 'OUT', '2025-04-27 22:59:06', 'Partial transfer to store 35', NULL, NULL),
(566, 53, 0, 8, 35, 'store', 'IN', '2025-04-27 22:59:06', 'Partially received from warehouse 8', NULL, NULL),
(567, 13, 12, 4, NULL, 'warehouse', 'IN', '2025-04-27 22:59:06', 'Received from supplier (source ID 4)', NULL, NULL),
(568, 3, 12, 1, NULL, 'warehouse', 'IN', '2025-04-27 22:59:06', 'Received from supplier (source ID 1)', NULL, NULL),
(569, 53, 12, 8, NULL, 'warehouse', 'IN', '2025-04-27 22:59:06', 'Received from supplier (source ID 8)', NULL, NULL),
(570, 3, 12, 1, NULL, 'warehouse', 'IN', '2025-04-27 22:59:06', 'Received from supplier (source ID 1)', NULL, NULL),
(571, 53, 12, 8, NULL, 'warehouse', 'IN', '2025-04-27 22:59:06', 'Received from supplier (source ID 8)', NULL, NULL),
(572, 3, 972, 1, NULL, 'warehouse', 'IN', '2025-04-27 22:59:06', 'Received from supplier (source ID 1)', NULL, NULL),
(573, 53, 736, 8, NULL, 'warehouse', 'IN', '2025-04-27 22:59:06', 'Received from supplier (source ID 8)', NULL, NULL),
(574, 1, 12, 1, NULL, 'warehouse', 'IN', '2025-04-27 23:22:40', 'Received from supplier (source ID 1)', NULL, NULL),
(575, 1, 12, 1, NULL, 'warehouse', 'IN', '2025-04-27 23:23:56', 'Received from supplier (source ID 1)', NULL, NULL),
(576, 4, 936, 7, NULL, 'warehouse', 'IN', '2025-04-27 23:24:32', 'Received from supplier (source ID 7)', NULL, NULL),
(577, 5, 1000, 7, NULL, 'warehouse', 'IN', '2025-04-27 23:24:32', 'Received from supplier (source ID 7)', NULL, NULL),
(578, 17, 1000, 4, NULL, 'warehouse', 'IN', '2025-04-27 23:24:32', 'Received from supplier (source ID 4)', NULL, NULL),
(579, 4, 936, 7, NULL, 'warehouse', 'IN', '2025-04-27 23:24:32', 'Received from supplier (source ID 7)', NULL, NULL),
(580, 5, 1000, 7, NULL, 'warehouse', 'IN', '2025-04-27 23:24:32', 'Received from supplier (source ID 7)', NULL, NULL),
(581, 17, 1000, 4, NULL, 'warehouse', 'IN', '2025-04-27 23:24:32', 'Received from supplier (source ID 4)', NULL, NULL),
(582, 4, 936, 7, NULL, 'warehouse', 'IN', '2025-04-27 23:24:32', 'Received from supplier (source ID 7)', NULL, NULL),
(583, 5, 1000, 7, NULL, 'warehouse', 'IN', '2025-04-27 23:24:32', 'Received from supplier (source ID 7)', NULL, NULL),
(584, 17, 1000, 4, NULL, 'warehouse', 'IN', '2025-04-27 23:24:32', 'Received from supplier (source ID 4)', NULL, NULL),
(585, 4, 936, 7, NULL, 'warehouse', 'IN', '2025-04-27 23:24:32', 'Received from supplier (source ID 7)', NULL, NULL),
(586, 5, 1000, 7, NULL, 'warehouse', 'IN', '2025-04-27 23:24:32', 'Received from supplier (source ID 7)', NULL, NULL),
(587, 17, 1000, 4, NULL, 'warehouse', 'IN', '2025-04-27 23:24:32', 'Received from supplier (source ID 4)', NULL, NULL),
(588, 4, 936, 7, NULL, 'warehouse', 'IN', '2025-04-27 23:24:32', 'Received from supplier (source ID 7)', NULL, NULL),
(589, 5, 1000, 7, NULL, 'warehouse', 'IN', '2025-04-27 23:24:32', 'Received from supplier (source ID 7)', NULL, NULL),
(590, 17, 1000, 4, NULL, 'warehouse', 'IN', '2025-04-27 23:24:32', 'Received from supplier (source ID 4)', NULL, NULL),
(591, 4, 936, 7, NULL, 'warehouse', 'IN', '2025-04-27 23:24:32', 'Received from supplier (source ID 7)', NULL, NULL),
(592, 5, 1000, 7, NULL, 'warehouse', 'IN', '2025-04-27 23:24:32', 'Received from supplier (source ID 7)', NULL, NULL),
(593, 17, 1000, 4, NULL, 'warehouse', 'IN', '2025-04-27 23:24:32', 'Received from supplier (source ID 4)', NULL, NULL),
(594, 4, 936, 7, NULL, 'warehouse', 'IN', '2025-04-27 23:24:32', 'Received from supplier (source ID 7)', NULL, NULL),
(595, 5, 1000, 7, NULL, 'warehouse', 'IN', '2025-04-27 23:24:32', 'Received from supplier (source ID 7)', NULL, NULL),
(596, 17, 1000, 4, NULL, 'warehouse', 'IN', '2025-04-27 23:24:32', 'Received from supplier (source ID 4)', NULL, NULL),
(597, 4, 936, 7, NULL, 'warehouse', 'IN', '2025-04-27 23:24:32', 'Received from supplier (source ID 7)', NULL, NULL),
(598, 5, 1000, 7, NULL, 'warehouse', 'IN', '2025-04-27 23:24:32', 'Received from supplier (source ID 7)', NULL, NULL),
(599, 17, 1000, 4, NULL, 'warehouse', 'IN', '2025-04-27 23:24:32', 'Received from supplier (source ID 4)', NULL, NULL),
(600, 4, 936, 7, NULL, 'warehouse', 'IN', '2025-04-27 23:24:32', 'Received from supplier (source ID 7)', NULL, NULL),
(601, 5, 1000, 7, NULL, 'warehouse', 'IN', '2025-04-27 23:24:32', 'Received from supplier (source ID 7)', NULL, NULL),
(602, 17, 1000, 4, NULL, 'warehouse', 'IN', '2025-04-27 23:24:32', 'Received from supplier (source ID 4)', NULL, NULL),
(603, 4, 936, 7, NULL, 'warehouse', 'IN', '2025-04-27 23:24:32', 'Received from supplier (source ID 7)', NULL, NULL),
(604, 5, 1000, 7, NULL, 'warehouse', 'IN', '2025-04-27 23:24:32', 'Received from supplier (source ID 7)', NULL, NULL),
(605, 17, 1000, 4, NULL, 'warehouse', 'IN', '2025-04-27 23:24:32', 'Received from supplier (source ID 4)', NULL, NULL),
(606, 4, 936, 7, NULL, 'warehouse', 'IN', '2025-04-27 23:24:32', 'Received from supplier (source ID 7)', NULL, NULL),
(607, 5, 1000, 7, NULL, 'warehouse', 'IN', '2025-04-27 23:24:32', 'Received from supplier (source ID 7)', NULL, NULL),
(608, 17, 1000, 4, NULL, 'warehouse', 'IN', '2025-04-27 23:24:32', 'Received from supplier (source ID 4)', NULL, NULL),
(609, 4, 936, 7, NULL, 'warehouse', 'IN', '2025-04-27 23:24:32', 'Received from supplier (source ID 7)', NULL, NULL),
(610, 5, 1000, 7, NULL, 'warehouse', 'IN', '2025-04-27 23:24:32', 'Received from supplier (source ID 7)', NULL, NULL),
(611, 17, 1000, 4, NULL, 'warehouse', 'IN', '2025-04-27 23:24:32', 'Received from supplier (source ID 4)', NULL, NULL),
(612, 4, 936, 7, NULL, 'warehouse', 'IN', '2025-04-27 23:24:32', 'Received from supplier (source ID 7)', NULL, NULL),
(613, 5, 1000, 7, NULL, 'warehouse', 'IN', '2025-04-27 23:24:32', 'Received from supplier (source ID 7)', NULL, NULL),
(614, 17, 1000, 4, NULL, 'warehouse', 'IN', '2025-04-27 23:24:32', 'Received from supplier (source ID 4)', NULL, NULL),
(615, 4, 936, 7, NULL, 'warehouse', 'IN', '2025-04-27 23:24:33', 'Received from supplier (source ID 7)', NULL, NULL),
(616, 5, 1000, 7, NULL, 'warehouse', 'IN', '2025-04-27 23:24:33', 'Received from supplier (source ID 7)', NULL, NULL),
(617, 17, 1000, 4, NULL, 'warehouse', 'IN', '2025-04-27 23:24:33', 'Received from supplier (source ID 4)', NULL, NULL),
(618, 4, 936, 7, NULL, 'warehouse', 'IN', '2025-04-27 23:24:33', 'Received from supplier (source ID 7)', NULL, NULL),
(619, 5, 1000, 7, NULL, 'warehouse', 'IN', '2025-04-27 23:24:33', 'Received from supplier (source ID 7)', NULL, NULL),
(620, 17, 1000, 4, NULL, 'warehouse', 'IN', '2025-04-27 23:24:33', 'Received from supplier (source ID 4)', NULL, NULL),
(621, 4, 936, 7, NULL, 'warehouse', 'IN', '2025-04-27 23:24:33', 'Received from supplier (source ID 7)', NULL, NULL),
(622, 5, 1000, 7, NULL, 'warehouse', 'IN', '2025-04-27 23:24:33', 'Received from supplier (source ID 7)', NULL, NULL),
(623, 17, 1000, 4, NULL, 'warehouse', 'IN', '2025-04-27 23:24:33', 'Received from supplier (source ID 4)', NULL, NULL),
(624, 4, 936, 7, NULL, 'warehouse', 'IN', '2025-04-27 23:24:33', 'Received from supplier (source ID 7)', NULL, NULL),
(625, 5, 1000, 7, NULL, 'warehouse', 'IN', '2025-04-27 23:24:33', 'Received from supplier (source ID 7)', NULL, NULL),
(626, 17, 1000, 4, NULL, 'warehouse', 'IN', '2025-04-27 23:24:33', 'Received from supplier (source ID 4)', NULL, NULL),
(627, 4, 936, 7, NULL, 'warehouse', 'IN', '2025-04-27 23:24:33', 'Received from supplier (source ID 7)', NULL, NULL),
(628, 5, 1000, 7, NULL, 'warehouse', 'IN', '2025-04-27 23:24:33', 'Received from supplier (source ID 7)', NULL, NULL),
(629, 17, 1000, 4, NULL, 'warehouse', 'IN', '2025-04-27 23:24:33', 'Received from supplier (source ID 4)', NULL, NULL),
(630, 4, 936, 7, NULL, 'warehouse', 'IN', '2025-04-27 23:24:33', 'Received from supplier (source ID 7)', NULL, NULL),
(631, 5, 1000, 7, NULL, 'warehouse', 'IN', '2025-04-27 23:24:33', 'Received from supplier (source ID 7)', NULL, NULL),
(632, 17, 1000, 4, NULL, 'warehouse', 'IN', '2025-04-27 23:24:33', 'Received from supplier (source ID 4)', NULL, NULL),
(633, 4, 936, 7, NULL, 'warehouse', 'IN', '2025-04-27 23:24:33', 'Received from supplier (source ID 7)', NULL, NULL),
(634, 5, 1000, 7, NULL, 'warehouse', 'IN', '2025-04-27 23:24:33', 'Received from supplier (source ID 7)', NULL, NULL),
(635, 17, 1000, 4, NULL, 'warehouse', 'IN', '2025-04-27 23:24:33', 'Received from supplier (source ID 4)', NULL, NULL),
(636, 4, 936, 7, NULL, 'warehouse', 'IN', '2025-04-27 23:24:33', 'Received from supplier (source ID 7)', NULL, NULL),
(637, 5, 1000, 7, NULL, 'warehouse', 'IN', '2025-04-27 23:24:33', 'Received from supplier (source ID 7)', NULL, NULL),
(638, 17, 1000, 4, NULL, 'warehouse', 'IN', '2025-04-27 23:24:33', 'Received from supplier (source ID 4)', NULL, NULL),
(639, 4, 936, 7, NULL, 'warehouse', 'IN', '2025-04-27 23:24:33', 'Received from supplier (source ID 7)', NULL, NULL),
(640, 5, 1000, 7, NULL, 'warehouse', 'IN', '2025-04-27 23:24:33', 'Received from supplier (source ID 7)', NULL, NULL),
(641, 17, 1000, 4, NULL, 'warehouse', 'IN', '2025-04-27 23:24:33', 'Received from supplier (source ID 4)', NULL, NULL),
(642, 13, 12, 4, NULL, 'warehouse', 'IN', '2025-04-27 23:24:33', 'Received from supplier (source ID 4)', NULL, NULL),
(643, 3, 12, 1, NULL, 'warehouse', 'IN', '2025-04-27 23:24:33', 'Received from supplier (source ID 1)', NULL, NULL),
(644, 53, 12, 8, NULL, 'warehouse', 'IN', '2025-04-27 23:24:33', 'Received from supplier (source ID 8)', NULL, NULL),
(645, 3, 12, 1, NULL, 'warehouse', 'IN', '2025-04-27 23:24:33', 'Received from supplier (source ID 1)', NULL, NULL),
(646, 53, 12, 8, NULL, 'warehouse', 'IN', '2025-04-27 23:24:33', 'Received from supplier (source ID 8)', NULL, NULL),
(647, 3, 972, 1, NULL, 'warehouse', 'IN', '2025-04-27 23:24:33', 'Received from supplier (source ID 1)', NULL, NULL),
(648, 53, 736, 8, NULL, 'warehouse', 'IN', '2025-04-27 23:24:33', 'Received from supplier (source ID 8)', NULL, NULL),
(649, 1, 12, 1, NULL, 'warehouse', 'IN', '2025-04-27 23:25:19', 'Received from supplier (source ID 1)', NULL, NULL),
(650, 4, 936, 7, NULL, 'warehouse', 'IN', '2025-04-27 23:26:01', 'Received from supplier (source ID 7)', NULL, NULL),
(651, 5, 1000, 7, NULL, 'warehouse', 'IN', '2025-04-27 23:26:01', 'Received from supplier (source ID 7)', NULL, NULL),
(652, 17, 1000, 4, NULL, 'warehouse', 'IN', '2025-04-27 23:26:01', 'Received from supplier (source ID 4)', NULL, NULL),
(653, 4, 936, 7, NULL, 'warehouse', 'IN', '2025-04-27 23:26:01', 'Received from supplier (source ID 7)', NULL, NULL),
(654, 5, 1000, 7, NULL, 'warehouse', 'IN', '2025-04-27 23:26:02', 'Received from supplier (source ID 7)', NULL, NULL),
(655, 17, 1000, 4, NULL, 'warehouse', 'IN', '2025-04-27 23:26:02', 'Received from supplier (source ID 4)', NULL, NULL),
(656, 4, 936, 7, NULL, 'warehouse', 'IN', '2025-04-27 23:26:02', 'Received from supplier (source ID 7)', NULL, NULL),
(657, 5, 1000, 7, NULL, 'warehouse', 'IN', '2025-04-27 23:26:02', 'Received from supplier (source ID 7)', NULL, NULL),
(658, 17, 1000, 4, NULL, 'warehouse', 'IN', '2025-04-27 23:26:02', 'Received from supplier (source ID 4)', NULL, NULL),
(659, 4, 936, 7, NULL, 'warehouse', 'IN', '2025-04-27 23:26:02', 'Received from supplier (source ID 7)', NULL, NULL),
(660, 5, 1000, 7, NULL, 'warehouse', 'IN', '2025-04-27 23:26:02', 'Received from supplier (source ID 7)', NULL, NULL),
(661, 17, 1000, 4, NULL, 'warehouse', 'IN', '2025-04-27 23:26:02', 'Received from supplier (source ID 4)', NULL, NULL),
(662, 4, 936, 7, NULL, 'warehouse', 'IN', '2025-04-27 23:26:02', 'Received from supplier (source ID 7)', NULL, NULL),
(663, 5, 1000, 7, NULL, 'warehouse', 'IN', '2025-04-27 23:26:02', 'Received from supplier (source ID 7)', NULL, NULL),
(664, 17, 1000, 4, NULL, 'warehouse', 'IN', '2025-04-27 23:26:02', 'Received from supplier (source ID 4)', NULL, NULL),
(665, 4, 936, 7, NULL, 'warehouse', 'IN', '2025-04-27 23:26:02', 'Received from supplier (source ID 7)', NULL, NULL),
(666, 5, 1000, 7, NULL, 'warehouse', 'IN', '2025-04-27 23:26:02', 'Received from supplier (source ID 7)', NULL, NULL),
(667, 17, 1000, 4, NULL, 'warehouse', 'IN', '2025-04-27 23:26:02', 'Received from supplier (source ID 4)', NULL, NULL),
(668, 4, 936, 7, NULL, 'warehouse', 'IN', '2025-04-27 23:26:02', 'Received from supplier (source ID 7)', NULL, NULL),
(669, 5, 1000, 7, NULL, 'warehouse', 'IN', '2025-04-27 23:26:02', 'Received from supplier (source ID 7)', NULL, NULL),
(670, 17, 1000, 4, NULL, 'warehouse', 'IN', '2025-04-27 23:26:02', 'Received from supplier (source ID 4)', NULL, NULL),
(671, 4, 936, 7, NULL, 'warehouse', 'IN', '2025-04-27 23:26:02', 'Received from supplier (source ID 7)', NULL, NULL),
(672, 5, 1000, 7, NULL, 'warehouse', 'IN', '2025-04-27 23:26:02', 'Received from supplier (source ID 7)', NULL, NULL),
(673, 17, 1000, 4, NULL, 'warehouse', 'IN', '2025-04-27 23:26:02', 'Received from supplier (source ID 4)', NULL, NULL),
(674, 4, 936, 7, NULL, 'warehouse', 'IN', '2025-04-27 23:26:02', 'Received from supplier (source ID 7)', NULL, NULL),
(675, 5, 1000, 7, NULL, 'warehouse', 'IN', '2025-04-27 23:26:02', 'Received from supplier (source ID 7)', NULL, NULL),
(676, 17, 1000, 4, NULL, 'warehouse', 'IN', '2025-04-27 23:26:02', 'Received from supplier (source ID 4)', NULL, NULL),
(677, 4, 936, 7, NULL, 'warehouse', 'IN', '2025-04-27 23:26:02', 'Received from supplier (source ID 7)', NULL, NULL),
(678, 5, 1000, 7, NULL, 'warehouse', 'IN', '2025-04-27 23:26:02', 'Received from supplier (source ID 7)', NULL, NULL),
(679, 17, 1000, 4, NULL, 'warehouse', 'IN', '2025-04-27 23:26:02', 'Received from supplier (source ID 4)', NULL, NULL),
(680, 4, 936, 7, NULL, 'warehouse', 'IN', '2025-04-27 23:26:02', 'Received from supplier (source ID 7)', NULL, NULL),
(681, 5, 1000, 7, NULL, 'warehouse', 'IN', '2025-04-27 23:26:02', 'Received from supplier (source ID 7)', NULL, NULL),
(682, 17, 1000, 4, NULL, 'warehouse', 'IN', '2025-04-27 23:26:02', 'Received from supplier (source ID 4)', NULL, NULL),
(683, 4, 936, 7, NULL, 'warehouse', 'IN', '2025-04-27 23:26:02', 'Received from supplier (source ID 7)', NULL, NULL),
(684, 5, 1000, 7, NULL, 'warehouse', 'IN', '2025-04-27 23:26:02', 'Received from supplier (source ID 7)', NULL, NULL),
(685, 17, 1000, 4, NULL, 'warehouse', 'IN', '2025-04-27 23:26:02', 'Received from supplier (source ID 4)', NULL, NULL),
(686, 4, 936, 7, NULL, 'warehouse', 'IN', '2025-04-27 23:26:02', 'Received from supplier (source ID 7)', NULL, NULL),
(687, 5, 1000, 7, NULL, 'warehouse', 'IN', '2025-04-27 23:26:02', 'Received from supplier (source ID 7)', NULL, NULL),
(688, 17, 1000, 4, NULL, 'warehouse', 'IN', '2025-04-27 23:26:02', 'Received from supplier (source ID 4)', NULL, NULL),
(689, 4, 936, 7, NULL, 'warehouse', 'IN', '2025-04-27 23:26:02', 'Received from supplier (source ID 7)', NULL, NULL),
(690, 5, 1000, 7, NULL, 'warehouse', 'IN', '2025-04-27 23:26:02', 'Received from supplier (source ID 7)', NULL, NULL),
(691, 17, 1000, 4, NULL, 'warehouse', 'IN', '2025-04-27 23:26:02', 'Received from supplier (source ID 4)', NULL, NULL),
(692, 4, 936, 7, NULL, 'warehouse', 'IN', '2025-04-27 23:26:02', 'Received from supplier (source ID 7)', NULL, NULL),
(693, 5, 1000, 7, NULL, 'warehouse', 'IN', '2025-04-27 23:26:02', 'Received from supplier (source ID 7)', NULL, NULL),
(694, 17, 1000, 4, NULL, 'warehouse', 'IN', '2025-04-27 23:26:02', 'Received from supplier (source ID 4)', NULL, NULL),
(695, 4, 936, 7, NULL, 'warehouse', 'IN', '2025-04-27 23:26:02', 'Received from supplier (source ID 7)', NULL, NULL),
(696, 5, 1000, 7, NULL, 'warehouse', 'IN', '2025-04-27 23:26:02', 'Received from supplier (source ID 7)', NULL, NULL),
(697, 17, 1000, 4, NULL, 'warehouse', 'IN', '2025-04-27 23:26:02', 'Received from supplier (source ID 4)', NULL, NULL),
(698, 4, 936, 7, NULL, 'warehouse', 'IN', '2025-04-27 23:26:02', 'Received from supplier (source ID 7)', NULL, NULL),
(699, 5, 1000, 7, NULL, 'warehouse', 'IN', '2025-04-27 23:26:02', 'Received from supplier (source ID 7)', NULL, NULL),
(700, 17, 1000, 4, NULL, 'warehouse', 'IN', '2025-04-27 23:26:02', 'Received from supplier (source ID 4)', NULL, NULL),
(701, 4, 936, 7, NULL, 'warehouse', 'IN', '2025-04-27 23:26:02', 'Received from supplier (source ID 7)', NULL, NULL),
(702, 5, 1000, 7, NULL, 'warehouse', 'IN', '2025-04-27 23:26:02', 'Received from supplier (source ID 7)', NULL, NULL),
(703, 17, 1000, 4, NULL, 'warehouse', 'IN', '2025-04-27 23:26:02', 'Received from supplier (source ID 4)', NULL, NULL),
(704, 4, 936, 7, NULL, 'warehouse', 'IN', '2025-04-27 23:26:02', 'Received from supplier (source ID 7)', NULL, NULL),
(705, 5, 1000, 7, NULL, 'warehouse', 'IN', '2025-04-27 23:26:02', 'Received from supplier (source ID 7)', NULL, NULL),
(706, 17, 1000, 4, NULL, 'warehouse', 'IN', '2025-04-27 23:26:02', 'Received from supplier (source ID 4)', NULL, NULL),
(707, 4, 936, 7, NULL, 'warehouse', 'IN', '2025-04-27 23:26:02', 'Received from supplier (source ID 7)', NULL, NULL),
(708, 5, 1000, 7, NULL, 'warehouse', 'IN', '2025-04-27 23:26:02', 'Received from supplier (source ID 7)', NULL, NULL),
(709, 17, 1000, 4, NULL, 'warehouse', 'IN', '2025-04-27 23:26:02', 'Received from supplier (source ID 4)', NULL, NULL),
(710, 4, 936, 7, NULL, 'warehouse', 'IN', '2025-04-27 23:26:02', 'Received from supplier (source ID 7)', NULL, NULL),
(711, 5, 1000, 7, NULL, 'warehouse', 'IN', '2025-04-27 23:26:02', 'Received from supplier (source ID 7)', NULL, NULL),
(712, 17, 1000, 4, NULL, 'warehouse', 'IN', '2025-04-27 23:26:02', 'Received from supplier (source ID 4)', NULL, NULL),
(713, 4, 936, 7, NULL, 'warehouse', 'IN', '2025-04-27 23:26:02', 'Received from supplier (source ID 7)', NULL, NULL),
(714, 5, 1000, 7, NULL, 'warehouse', 'IN', '2025-04-27 23:26:02', 'Received from supplier (source ID 7)', NULL, NULL),
(715, 17, 1000, 4, NULL, 'warehouse', 'IN', '2025-04-27 23:26:02', 'Received from supplier (source ID 4)', NULL, NULL),
(716, 13, 12, 4, NULL, 'warehouse', 'IN', '2025-04-27 23:26:02', 'Received from supplier (source ID 4)', NULL, NULL),
(717, 3, 12, 1, NULL, 'warehouse', 'IN', '2025-04-27 23:26:02', 'Received from supplier (source ID 1)', NULL, NULL),
(718, 53, 12, 8, NULL, 'warehouse', 'IN', '2025-04-27 23:26:02', 'Received from supplier (source ID 8)', NULL, NULL),
(719, 3, 12, 1, NULL, 'warehouse', 'IN', '2025-04-27 23:26:02', 'Received from supplier (source ID 1)', NULL, NULL),
(720, 53, 12, 8, NULL, 'warehouse', 'IN', '2025-04-27 23:26:02', 'Received from supplier (source ID 8)', NULL, NULL),
(721, 3, 972, 1, NULL, 'warehouse', 'IN', '2025-04-27 23:26:02', 'Received from supplier (source ID 1)', NULL, NULL),
(722, 53, 736, 8, NULL, 'warehouse', 'IN', '2025-04-27 23:26:02', 'Received from supplier (source ID 8)', NULL, NULL),
(723, 4, 936, 7, NULL, 'warehouse', 'IN', '2025-04-27 23:33:16', 'Received from supplier (source ID 7)', NULL, NULL),
(724, 5, 1000, 7, NULL, 'warehouse', 'IN', '2025-04-27 23:33:16', 'Received from supplier (source ID 7)', NULL, NULL),
(725, 17, 1000, 4, NULL, 'warehouse', 'IN', '2025-04-27 23:33:16', 'Received from supplier (source ID 4)', NULL, NULL),
(726, 4, 936, 7, NULL, 'warehouse', 'IN', '2025-04-27 23:33:16', 'Received from supplier (source ID 7)', NULL, NULL),
(727, 5, 1000, 7, NULL, 'warehouse', 'IN', '2025-04-27 23:33:16', 'Received from supplier (source ID 7)', NULL, NULL),
(728, 17, 1000, 4, NULL, 'warehouse', 'IN', '2025-04-27 23:33:16', 'Received from supplier (source ID 4)', NULL, NULL),
(729, 4, 936, 7, NULL, 'warehouse', 'IN', '2025-04-27 23:33:16', 'Received from supplier (source ID 7)', NULL, NULL),
(730, 5, 1000, 7, NULL, 'warehouse', 'IN', '2025-04-27 23:33:16', 'Received from supplier (source ID 7)', NULL, NULL),
(731, 17, 1000, 4, NULL, 'warehouse', 'IN', '2025-04-27 23:33:16', 'Received from supplier (source ID 4)', NULL, NULL),
(732, 4, 936, 7, NULL, 'warehouse', 'IN', '2025-04-27 23:33:16', 'Received from supplier (source ID 7)', NULL, NULL),
(733, 5, 1000, 7, NULL, 'warehouse', 'IN', '2025-04-27 23:33:16', 'Received from supplier (source ID 7)', NULL, NULL),
(734, 17, 1000, 4, NULL, 'warehouse', 'IN', '2025-04-27 23:33:16', 'Received from supplier (source ID 4)', NULL, NULL),
(735, 4, 936, 7, NULL, 'warehouse', 'IN', '2025-04-27 23:33:16', 'Received from supplier (source ID 7)', NULL, NULL),
(736, 5, 1000, 7, NULL, 'warehouse', 'IN', '2025-04-27 23:33:16', 'Received from supplier (source ID 7)', NULL, NULL),
(737, 17, 1000, 4, NULL, 'warehouse', 'IN', '2025-04-27 23:33:16', 'Received from supplier (source ID 4)', NULL, NULL),
(738, 4, 936, 7, NULL, 'warehouse', 'IN', '2025-04-27 23:33:16', 'Received from supplier (source ID 7)', NULL, NULL),
(739, 5, 1000, 7, NULL, 'warehouse', 'IN', '2025-04-27 23:33:16', 'Received from supplier (source ID 7)', NULL, NULL),
(740, 17, 1000, 4, NULL, 'warehouse', 'IN', '2025-04-27 23:33:16', 'Received from supplier (source ID 4)', NULL, NULL),
(741, 4, 936, 7, NULL, 'warehouse', 'IN', '2025-04-27 23:33:16', 'Received from supplier (source ID 7)', NULL, NULL),
(742, 5, 1000, 7, NULL, 'warehouse', 'IN', '2025-04-27 23:33:16', 'Received from supplier (source ID 7)', NULL, NULL),
(743, 17, 1000, 4, NULL, 'warehouse', 'IN', '2025-04-27 23:33:16', 'Received from supplier (source ID 4)', NULL, NULL),
(744, 4, 936, 7, NULL, 'warehouse', 'IN', '2025-04-27 23:33:16', 'Received from supplier (source ID 7)', NULL, NULL),
(745, 5, 1000, 7, NULL, 'warehouse', 'IN', '2025-04-27 23:33:16', 'Received from supplier (source ID 7)', NULL, NULL),
(746, 17, 1000, 4, NULL, 'warehouse', 'IN', '2025-04-27 23:33:16', 'Received from supplier (source ID 4)', NULL, NULL),
(747, 4, 936, 7, NULL, 'warehouse', 'IN', '2025-04-27 23:33:16', 'Received from supplier (source ID 7)', NULL, NULL),
(748, 5, 1000, 7, NULL, 'warehouse', 'IN', '2025-04-27 23:33:16', 'Received from supplier (source ID 7)', NULL, NULL),
(749, 17, 1000, 4, NULL, 'warehouse', 'IN', '2025-04-27 23:33:16', 'Received from supplier (source ID 4)', NULL, NULL),
(750, 4, 936, 7, NULL, 'warehouse', 'IN', '2025-04-27 23:33:16', 'Received from supplier (source ID 7)', NULL, NULL),
(751, 5, 1000, 7, NULL, 'warehouse', 'IN', '2025-04-27 23:33:16', 'Received from supplier (source ID 7)', NULL, NULL),
(752, 17, 1000, 4, NULL, 'warehouse', 'IN', '2025-04-27 23:33:16', 'Received from supplier (source ID 4)', NULL, NULL),
(753, 4, 936, 7, NULL, 'warehouse', 'IN', '2025-04-27 23:33:16', 'Received from supplier (source ID 7)', NULL, NULL),
(754, 5, 1000, 7, NULL, 'warehouse', 'IN', '2025-04-27 23:33:16', 'Received from supplier (source ID 7)', NULL, NULL),
(755, 17, 1000, 4, NULL, 'warehouse', 'IN', '2025-04-27 23:33:16', 'Received from supplier (source ID 4)', NULL, NULL),
(756, 4, 936, 7, NULL, 'warehouse', 'IN', '2025-04-27 23:33:16', 'Received from supplier (source ID 7)', NULL, NULL),
(757, 5, 1000, 7, NULL, 'warehouse', 'IN', '2025-04-27 23:33:16', 'Received from supplier (source ID 7)', NULL, NULL),
(758, 17, 1000, 4, NULL, 'warehouse', 'IN', '2025-04-27 23:33:16', 'Received from supplier (source ID 4)', NULL, NULL),
(759, 4, 936, 7, NULL, 'warehouse', 'IN', '2025-04-27 23:33:16', 'Received from supplier (source ID 7)', NULL, NULL),
(760, 5, 1000, 7, NULL, 'warehouse', 'IN', '2025-04-27 23:33:17', 'Received from supplier (source ID 7)', NULL, NULL),
(761, 17, 1000, 4, NULL, 'warehouse', 'IN', '2025-04-27 23:33:17', 'Received from supplier (source ID 4)', NULL, NULL),
(762, 4, 936, 7, NULL, 'warehouse', 'IN', '2025-04-27 23:33:17', 'Received from supplier (source ID 7)', NULL, NULL),
(763, 5, 1000, 7, NULL, 'warehouse', 'IN', '2025-04-27 23:33:17', 'Received from supplier (source ID 7)', NULL, NULL),
(764, 17, 1000, 4, NULL, 'warehouse', 'IN', '2025-04-27 23:33:17', 'Received from supplier (source ID 4)', NULL, NULL),
(765, 4, 936, 7, NULL, 'warehouse', 'IN', '2025-04-27 23:33:17', 'Received from supplier (source ID 7)', NULL, NULL),
(766, 5, 1000, 7, NULL, 'warehouse', 'IN', '2025-04-27 23:33:17', 'Received from supplier (source ID 7)', NULL, NULL),
(767, 17, 1000, 4, NULL, 'warehouse', 'IN', '2025-04-27 23:33:17', 'Received from supplier (source ID 4)', NULL, NULL),
(768, 4, 936, 7, NULL, 'warehouse', 'IN', '2025-04-27 23:33:17', 'Received from supplier (source ID 7)', NULL, NULL),
(769, 5, 1000, 7, NULL, 'warehouse', 'IN', '2025-04-27 23:33:17', 'Received from supplier (source ID 7)', NULL, NULL),
(770, 17, 1000, 4, NULL, 'warehouse', 'IN', '2025-04-27 23:33:17', 'Received from supplier (source ID 4)', NULL, NULL),
(771, 4, 936, 7, NULL, 'warehouse', 'IN', '2025-04-27 23:33:17', 'Received from supplier (source ID 7)', NULL, NULL),
(772, 5, 1000, 7, NULL, 'warehouse', 'IN', '2025-04-27 23:33:17', 'Received from supplier (source ID 7)', NULL, NULL),
(773, 17, 1000, 4, NULL, 'warehouse', 'IN', '2025-04-27 23:33:17', 'Received from supplier (source ID 4)', NULL, NULL),
(774, 4, 936, 7, NULL, 'warehouse', 'IN', '2025-04-27 23:33:17', 'Received from supplier (source ID 7)', NULL, NULL),
(775, 5, 1000, 7, NULL, 'warehouse', 'IN', '2025-04-27 23:33:17', 'Received from supplier (source ID 7)', NULL, NULL),
(776, 17, 1000, 4, NULL, 'warehouse', 'IN', '2025-04-27 23:33:17', 'Received from supplier (source ID 4)', NULL, NULL),
(777, 4, 936, 7, NULL, 'warehouse', 'IN', '2025-04-27 23:33:17', 'Received from supplier (source ID 7)', NULL, NULL),
(778, 5, 1000, 7, NULL, 'warehouse', 'IN', '2025-04-27 23:33:17', 'Received from supplier (source ID 7)', NULL, NULL),
(779, 17, 1000, 4, NULL, 'warehouse', 'IN', '2025-04-27 23:33:17', 'Received from supplier (source ID 4)', NULL, NULL),
(780, 4, 936, 7, NULL, 'warehouse', 'IN', '2025-04-27 23:33:17', 'Received from supplier (source ID 7)', NULL, NULL),
(781, 5, 1000, 7, NULL, 'warehouse', 'IN', '2025-04-27 23:33:17', 'Received from supplier (source ID 7)', NULL, NULL),
(782, 17, 1000, 4, NULL, 'warehouse', 'IN', '2025-04-27 23:33:17', 'Received from supplier (source ID 4)', NULL, NULL),
(783, 4, 936, 7, NULL, 'warehouse', 'IN', '2025-04-27 23:33:17', 'Received from supplier (source ID 7)', NULL, NULL),
(784, 5, 1000, 7, NULL, 'warehouse', 'IN', '2025-04-27 23:33:17', 'Received from supplier (source ID 7)', NULL, NULL),
(785, 17, 1000, 4, NULL, 'warehouse', 'IN', '2025-04-27 23:33:17', 'Received from supplier (source ID 4)', NULL, NULL),
(786, 4, 936, 7, NULL, 'warehouse', 'IN', '2025-04-27 23:33:17', 'Received from supplier (source ID 7)', NULL, NULL),
(787, 5, 1000, 7, NULL, 'warehouse', 'IN', '2025-04-27 23:33:17', 'Received from supplier (source ID 7)', NULL, NULL),
(788, 17, 1000, 4, NULL, 'warehouse', 'IN', '2025-04-27 23:33:17', 'Received from supplier (source ID 4)', NULL, NULL),
(789, 13, 12, 4, NULL, 'warehouse', 'IN', '2025-04-27 23:33:17', 'Received from supplier (source ID 4)', NULL, NULL),
(790, 3, 12, 1, NULL, 'warehouse', 'IN', '2025-04-27 23:33:17', 'Received from supplier (source ID 1)', NULL, NULL),
(791, 53, 12, 8, NULL, 'warehouse', 'IN', '2025-04-27 23:33:17', 'Received from supplier (source ID 8)', NULL, NULL),
(792, 3, 12, 1, NULL, 'warehouse', 'IN', '2025-04-27 23:33:17', 'Received from supplier (source ID 1)', NULL, NULL),
(793, 53, 12, 8, NULL, 'warehouse', 'IN', '2025-04-27 23:33:17', 'Received from supplier (source ID 8)', NULL, NULL),
(794, 3, 972, 1, NULL, 'warehouse', 'IN', '2025-04-27 23:33:17', 'Received from supplier (source ID 1)', NULL, NULL),
(795, 53, 736, 8, NULL, 'warehouse', 'IN', '2025-04-27 23:33:17', 'Received from supplier (source ID 8)', NULL, NULL),
(796, 4, 936, 7, NULL, 'warehouse', 'IN', '2025-04-27 23:50:46', 'Received from supplier (source ID 7)', NULL, NULL),
(797, 5, 1000, 7, NULL, 'warehouse', 'IN', '2025-04-27 23:50:46', 'Received from supplier (source ID 7)', NULL, NULL),
(798, 17, 1000, 4, NULL, 'warehouse', 'IN', '2025-04-27 23:50:46', 'Received from supplier (source ID 4)', NULL, NULL),
(799, 4, 936, 7, NULL, 'warehouse', 'IN', '2025-04-27 23:50:46', 'Received from supplier (source ID 7)', NULL, NULL),
(800, 5, 1000, 7, NULL, 'warehouse', 'IN', '2025-04-27 23:50:46', 'Received from supplier (source ID 7)', NULL, NULL),
(801, 17, 1000, 4, NULL, 'warehouse', 'IN', '2025-04-27 23:50:46', 'Received from supplier (source ID 4)', NULL, NULL),
(802, 4, 936, 7, NULL, 'warehouse', 'IN', '2025-04-27 23:50:46', 'Received from supplier (source ID 7)', NULL, NULL),
(803, 5, 1000, 7, NULL, 'warehouse', 'IN', '2025-04-27 23:50:46', 'Received from supplier (source ID 7)', NULL, NULL),
(804, 17, 1000, 4, NULL, 'warehouse', 'IN', '2025-04-27 23:50:46', 'Received from supplier (source ID 4)', NULL, NULL),
(805, 4, 936, 7, NULL, 'warehouse', 'IN', '2025-04-27 23:50:46', 'Received from supplier (source ID 7)', NULL, NULL),
(806, 5, 1000, 7, NULL, 'warehouse', 'IN', '2025-04-27 23:50:46', 'Received from supplier (source ID 7)', NULL, NULL),
(807, 17, 1000, 4, NULL, 'warehouse', 'IN', '2025-04-27 23:50:46', 'Received from supplier (source ID 4)', NULL, NULL),
(808, 4, 936, 7, NULL, 'warehouse', 'IN', '2025-04-27 23:50:46', 'Received from supplier (source ID 7)', NULL, NULL),
(809, 5, 1000, 7, NULL, 'warehouse', 'IN', '2025-04-27 23:50:46', 'Received from supplier (source ID 7)', NULL, NULL),
(810, 17, 1000, 4, NULL, 'warehouse', 'IN', '2025-04-27 23:50:46', 'Received from supplier (source ID 4)', NULL, NULL),
(811, 4, 936, 7, NULL, 'warehouse', 'IN', '2025-04-27 23:50:46', 'Received from supplier (source ID 7)', NULL, NULL),
(812, 5, 1000, 7, NULL, 'warehouse', 'IN', '2025-04-27 23:50:46', 'Received from supplier (source ID 7)', NULL, NULL),
(813, 17, 1000, 4, NULL, 'warehouse', 'IN', '2025-04-27 23:50:46', 'Received from supplier (source ID 4)', NULL, NULL),
(814, 4, 936, 7, NULL, 'warehouse', 'IN', '2025-04-27 23:50:46', 'Received from supplier (source ID 7)', NULL, NULL),
(815, 5, 1000, 7, NULL, 'warehouse', 'IN', '2025-04-27 23:50:46', 'Received from supplier (source ID 7)', NULL, NULL),
(816, 17, 1000, 4, NULL, 'warehouse', 'IN', '2025-04-27 23:50:46', 'Received from supplier (source ID 4)', NULL, NULL),
(817, 4, 936, 7, NULL, 'warehouse', 'IN', '2025-04-27 23:50:46', 'Received from supplier (source ID 7)', NULL, NULL),
(818, 5, 1000, 7, NULL, 'warehouse', 'IN', '2025-04-27 23:50:46', 'Received from supplier (source ID 7)', NULL, NULL),
(819, 17, 1000, 4, NULL, 'warehouse', 'IN', '2025-04-27 23:50:46', 'Received from supplier (source ID 4)', NULL, NULL),
(820, 4, 936, 7, NULL, 'warehouse', 'IN', '2025-04-27 23:50:46', 'Received from supplier (source ID 7)', NULL, NULL),
(821, 5, 1000, 7, NULL, 'warehouse', 'IN', '2025-04-27 23:50:46', 'Received from supplier (source ID 7)', NULL, NULL),
(822, 17, 1000, 4, NULL, 'warehouse', 'IN', '2025-04-27 23:50:46', 'Received from supplier (source ID 4)', NULL, NULL),
(823, 4, 936, 7, NULL, 'warehouse', 'IN', '2025-04-27 23:50:46', 'Received from supplier (source ID 7)', NULL, NULL),
(824, 5, 1000, 7, NULL, 'warehouse', 'IN', '2025-04-27 23:50:46', 'Received from supplier (source ID 7)', NULL, NULL),
(825, 17, 1000, 4, NULL, 'warehouse', 'IN', '2025-04-27 23:50:46', 'Received from supplier (source ID 4)', NULL, NULL),
(826, 4, 936, 7, NULL, 'warehouse', 'IN', '2025-04-27 23:50:46', 'Received from supplier (source ID 7)', NULL, NULL),
(827, 5, 1000, 7, NULL, 'warehouse', 'IN', '2025-04-27 23:50:47', 'Received from supplier (source ID 7)', NULL, NULL),
(828, 17, 1000, 4, NULL, 'warehouse', 'IN', '2025-04-27 23:50:47', 'Received from supplier (source ID 4)', NULL, NULL),
(829, 4, 936, 7, NULL, 'warehouse', 'IN', '2025-04-27 23:50:47', 'Received from supplier (source ID 7)', NULL, NULL),
(830, 5, 1000, 7, NULL, 'warehouse', 'IN', '2025-04-27 23:50:47', 'Received from supplier (source ID 7)', NULL, NULL),
(831, 17, 1000, 4, NULL, 'warehouse', 'IN', '2025-04-27 23:50:47', 'Received from supplier (source ID 4)', NULL, NULL),
(832, 4, 936, 7, NULL, 'warehouse', 'IN', '2025-04-27 23:50:47', 'Received from supplier (source ID 7)', NULL, NULL),
(833, 5, 1000, 7, NULL, 'warehouse', 'IN', '2025-04-27 23:50:47', 'Received from supplier (source ID 7)', NULL, NULL),
(834, 17, 1000, 4, NULL, 'warehouse', 'IN', '2025-04-27 23:50:47', 'Received from supplier (source ID 4)', NULL, NULL),
(835, 4, 936, 7, NULL, 'warehouse', 'IN', '2025-04-27 23:50:47', 'Received from supplier (source ID 7)', NULL, NULL),
(836, 5, 1000, 7, NULL, 'warehouse', 'IN', '2025-04-27 23:50:47', 'Received from supplier (source ID 7)', NULL, NULL),
(837, 17, 1000, 4, NULL, 'warehouse', 'IN', '2025-04-27 23:50:47', 'Received from supplier (source ID 4)', NULL, NULL),
(838, 4, 936, 7, NULL, 'warehouse', 'IN', '2025-04-27 23:50:47', 'Received from supplier (source ID 7)', NULL, NULL),
(839, 5, 1000, 7, NULL, 'warehouse', 'IN', '2025-04-27 23:50:47', 'Received from supplier (source ID 7)', NULL, NULL),
(840, 17, 1000, 4, NULL, 'warehouse', 'IN', '2025-04-27 23:50:47', 'Received from supplier (source ID 4)', NULL, NULL),
(841, 4, 936, 7, NULL, 'warehouse', 'IN', '2025-04-27 23:50:47', 'Received from supplier (source ID 7)', NULL, NULL),
(842, 5, 1000, 7, NULL, 'warehouse', 'IN', '2025-04-27 23:50:47', 'Received from supplier (source ID 7)', NULL, NULL),
(843, 17, 1000, 4, NULL, 'warehouse', 'IN', '2025-04-27 23:50:47', 'Received from supplier (source ID 4)', NULL, NULL),
(844, 4, 936, 7, NULL, 'warehouse', 'IN', '2025-04-27 23:50:47', 'Received from supplier (source ID 7)', NULL, NULL),
(845, 5, 1000, 7, NULL, 'warehouse', 'IN', '2025-04-27 23:50:47', 'Received from supplier (source ID 7)', NULL, NULL),
(846, 17, 1000, 4, NULL, 'warehouse', 'IN', '2025-04-27 23:50:47', 'Received from supplier (source ID 4)', NULL, NULL),
(847, 4, 936, 7, NULL, 'warehouse', 'IN', '2025-04-27 23:50:47', 'Received from supplier (source ID 7)', NULL, NULL),
(848, 5, 1000, 7, NULL, 'warehouse', 'IN', '2025-04-27 23:50:47', 'Received from supplier (source ID 7)', NULL, NULL),
(849, 17, 1000, 4, NULL, 'warehouse', 'IN', '2025-04-27 23:50:47', 'Received from supplier (source ID 4)', NULL, NULL),
(850, 4, 936, 7, NULL, 'warehouse', 'IN', '2025-04-27 23:50:47', 'Received from supplier (source ID 7)', NULL, NULL),
(851, 5, 1000, 7, NULL, 'warehouse', 'IN', '2025-04-27 23:50:47', 'Received from supplier (source ID 7)', NULL, NULL),
(852, 17, 1000, 4, NULL, 'warehouse', 'IN', '2025-04-27 23:50:47', 'Received from supplier (source ID 4)', NULL, NULL),
(853, 4, 936, 7, NULL, 'warehouse', 'IN', '2025-04-27 23:50:47', 'Received from supplier (source ID 7)', NULL, NULL),
(854, 5, 1000, 7, NULL, 'warehouse', 'IN', '2025-04-27 23:50:47', 'Received from supplier (source ID 7)', NULL, NULL),
(855, 17, 1000, 4, NULL, 'warehouse', 'IN', '2025-04-27 23:50:47', 'Received from supplier (source ID 4)', NULL, NULL),
(856, 4, 936, 7, NULL, 'warehouse', 'IN', '2025-04-27 23:50:47', 'Received from supplier (source ID 7)', NULL, NULL),
(857, 5, 1000, 7, NULL, 'warehouse', 'IN', '2025-04-27 23:50:47', 'Received from supplier (source ID 7)', NULL, NULL),
(858, 17, 1000, 4, NULL, 'warehouse', 'IN', '2025-04-27 23:50:47', 'Received from supplier (source ID 4)', NULL, NULL),
(859, 4, 936, 7, NULL, 'warehouse', 'IN', '2025-04-27 23:50:47', 'Received from supplier (source ID 7)', NULL, NULL),
(860, 5, 1000, 7, NULL, 'warehouse', 'IN', '2025-04-27 23:50:47', 'Received from supplier (source ID 7)', NULL, NULL),
(861, 17, 1000, 4, NULL, 'warehouse', 'IN', '2025-04-27 23:50:47', 'Received from supplier (source ID 4)', NULL, NULL),
(862, 13, 12, 4, NULL, 'warehouse', 'IN', '2025-04-27 23:50:47', 'Received from supplier (source ID 4)', NULL, NULL),
(863, 3, 12, 1, NULL, 'warehouse', 'IN', '2025-04-27 23:50:47', 'Received from supplier (source ID 1)', NULL, NULL),
(864, 53, 12, 8, NULL, 'warehouse', 'IN', '2025-04-27 23:50:47', 'Received from supplier (source ID 8)', NULL, NULL),
(865, 3, 12, 1, NULL, 'warehouse', 'IN', '2025-04-27 23:50:47', 'Received from supplier (source ID 1)', NULL, NULL),
(866, 53, 12, 8, NULL, 'warehouse', 'IN', '2025-04-27 23:50:47', 'Received from supplier (source ID 8)', NULL, NULL),
(867, 3, 972, 1, NULL, 'warehouse', 'IN', '2025-04-27 23:50:47', 'Received from supplier (source ID 1)', NULL, NULL),
(868, 53, 736, 8, NULL, 'warehouse', 'IN', '2025-04-27 23:50:47', 'Received from supplier (source ID 8)', NULL, NULL),
(869, 4, 936, 7, NULL, 'warehouse', 'IN', '2025-04-27 23:57:16', 'Received from supplier (source ID 7)', NULL, NULL),
(870, 4, 936, 7, NULL, 'warehouse', 'IN', '2025-04-27 23:57:16', 'Received from supplier (source ID 7)', NULL, NULL),
(871, 4, 936, 7, NULL, 'warehouse', 'IN', '2025-04-27 23:57:16', 'Received from supplier (source ID 7)', NULL, NULL),
(872, 4, 936, 7, NULL, 'warehouse', 'IN', '2025-04-27 23:57:16', 'Received from supplier (source ID 7)', NULL, NULL),
(873, 4, 936, 7, NULL, 'warehouse', 'IN', '2025-04-27 23:57:16', 'Received from supplier (source ID 7)', NULL, NULL),
(874, 4, 936, 7, NULL, 'warehouse', 'IN', '2025-04-27 23:57:16', 'Received from supplier (source ID 7)', NULL, NULL),
(875, 4, 936, 7, NULL, 'warehouse', 'IN', '2025-04-27 23:57:16', 'Received from supplier (source ID 7)', NULL, NULL),
(876, 4, 936, 7, NULL, 'warehouse', 'IN', '2025-04-27 23:57:16', 'Received from supplier (source ID 7)', NULL, NULL),
(877, 4, 936, 7, NULL, 'warehouse', 'IN', '2025-04-27 23:57:16', 'Received from supplier (source ID 7)', NULL, NULL),
(878, 4, 936, 7, NULL, 'warehouse', 'IN', '2025-04-27 23:57:16', 'Received from supplier (source ID 7)', NULL, NULL),
(879, 4, 936, 7, NULL, 'warehouse', 'IN', '2025-04-27 23:57:16', 'Received from supplier (source ID 7)', NULL, NULL),
(880, 4, 936, 7, NULL, 'warehouse', 'IN', '2025-04-27 23:57:16', 'Received from supplier (source ID 7)', NULL, NULL),
(881, 4, 936, 7, NULL, 'warehouse', 'IN', '2025-04-27 23:57:16', 'Received from supplier (source ID 7)', NULL, NULL),
(882, 4, 936, 7, NULL, 'warehouse', 'IN', '2025-04-27 23:57:16', 'Received from supplier (source ID 7)', NULL, NULL),
(883, 4, 936, 7, NULL, 'warehouse', 'IN', '2025-04-27 23:57:16', 'Received from supplier (source ID 7)', NULL, NULL),
(884, 4, 936, 7, NULL, 'warehouse', 'IN', '2025-04-27 23:57:16', 'Received from supplier (source ID 7)', NULL, NULL),
(885, 4, 936, 7, NULL, 'warehouse', 'IN', '2025-04-27 23:57:16', 'Received from supplier (source ID 7)', NULL, NULL),
(886, 4, 936, 7, NULL, 'warehouse', 'IN', '2025-04-27 23:57:16', 'Received from supplier (source ID 7)', NULL, NULL),
(887, 4, 936, 7, NULL, 'warehouse', 'IN', '2025-04-27 23:57:16', 'Received from supplier (source ID 7)', NULL, NULL),
(888, 4, 936, 7, NULL, 'warehouse', 'IN', '2025-04-27 23:57:16', 'Received from supplier (source ID 7)', NULL, NULL),
(889, 4, 936, 7, NULL, 'warehouse', 'IN', '2025-04-27 23:57:16', 'Received from supplier (source ID 7)', NULL, NULL),
(890, 4, 936, 7, NULL, 'warehouse', 'IN', '2025-04-27 23:57:16', 'Received from supplier (source ID 7)', NULL, NULL),
(891, 4, 936, 7, NULL, 'warehouse', 'IN', '2025-04-27 23:58:59', 'Received from supplier (source ID 7)', NULL, NULL),
(892, 4, 936, 7, NULL, 'warehouse', 'IN', '2025-04-27 23:58:59', 'Received from supplier (source ID 7)', NULL, NULL),
(893, 4, 936, 7, NULL, 'warehouse', 'IN', '2025-04-27 23:58:59', 'Received from supplier (source ID 7)', NULL, NULL),
(894, 4, 936, 7, NULL, 'warehouse', 'IN', '2025-04-27 23:58:59', 'Received from supplier (source ID 7)', NULL, NULL),
(895, 4, 936, 7, NULL, 'warehouse', 'IN', '2025-04-27 23:58:59', 'Received from supplier (source ID 7)', NULL, NULL),
(896, 4, 936, 7, NULL, 'warehouse', 'IN', '2025-04-27 23:58:59', 'Received from supplier (source ID 7)', NULL, NULL),
(897, 4, 936, 7, NULL, 'warehouse', 'IN', '2025-04-27 23:58:59', 'Received from supplier (source ID 7)', NULL, NULL),
(898, 4, 936, 7, NULL, 'warehouse', 'IN', '2025-04-27 23:58:59', 'Received from supplier (source ID 7)', NULL, NULL),
(899, 4, 936, 7, NULL, 'warehouse', 'IN', '2025-04-27 23:58:59', 'Received from supplier (source ID 7)', NULL, NULL),
(900, 4, 936, 7, NULL, 'warehouse', 'IN', '2025-04-27 23:58:59', 'Received from supplier (source ID 7)', NULL, NULL),
(901, 4, 936, 7, NULL, 'warehouse', 'IN', '2025-04-27 23:58:59', 'Received from supplier (source ID 7)', NULL, NULL),
(902, 4, 936, 7, NULL, 'warehouse', 'IN', '2025-04-27 23:58:59', 'Received from supplier (source ID 7)', NULL, NULL),
(903, 4, 936, 7, NULL, 'warehouse', 'IN', '2025-04-27 23:58:59', 'Received from supplier (source ID 7)', NULL, NULL),
(904, 4, 936, 7, NULL, 'warehouse', 'IN', '2025-04-27 23:58:59', 'Received from supplier (source ID 7)', NULL, NULL),
(905, 4, 936, 7, NULL, 'warehouse', 'IN', '2025-04-27 23:58:59', 'Received from supplier (source ID 7)', NULL, NULL),
(906, 4, 936, 7, NULL, 'warehouse', 'IN', '2025-04-27 23:58:59', 'Received from supplier (source ID 7)', NULL, NULL),
(907, 4, 936, 7, NULL, 'warehouse', 'IN', '2025-04-27 23:58:59', 'Received from supplier (source ID 7)', NULL, NULL),
(908, 4, 936, 7, NULL, 'warehouse', 'IN', '2025-04-27 23:58:59', 'Received from supplier (source ID 7)', NULL, NULL),
(909, 4, 936, 7, NULL, 'warehouse', 'IN', '2025-04-27 23:58:59', 'Received from supplier (source ID 7)', NULL, NULL),
(910, 4, 936, 7, NULL, 'warehouse', 'IN', '2025-04-27 23:58:59', 'Received from supplier (source ID 7)', NULL, NULL),
(911, 4, 936, 7, NULL, 'warehouse', 'IN', '2025-04-27 23:58:59', 'Received from supplier (source ID 7)', NULL, NULL),
(912, 4, 936, 7, NULL, 'warehouse', 'IN', '2025-04-27 23:58:59', 'Received from supplier (source ID 7)', NULL, NULL),
(913, 4, 936, 7, NULL, 'warehouse', 'IN', '2025-04-28 00:00:40', 'Received from supplier (source ID 7)', NULL, NULL),
(914, 4, 936, 7, NULL, 'warehouse', 'IN', '2025-04-28 00:00:40', 'Received from supplier (source ID 7)', NULL, NULL),
(915, 4, 936, 7, NULL, 'warehouse', 'IN', '2025-04-28 00:00:40', 'Received from supplier (source ID 7)', NULL, NULL),
(916, 4, 936, 7, NULL, 'warehouse', 'IN', '2025-04-28 00:00:40', 'Received from supplier (source ID 7)', NULL, NULL),
(917, 4, 936, 7, NULL, 'warehouse', 'IN', '2025-04-28 00:00:40', 'Received from supplier (source ID 7)', NULL, NULL),
(918, 4, 936, 7, NULL, 'warehouse', 'IN', '2025-04-28 00:00:40', 'Received from supplier (source ID 7)', NULL, NULL),
(919, 4, 936, 7, NULL, 'warehouse', 'IN', '2025-04-28 00:00:40', 'Received from supplier (source ID 7)', NULL, NULL),
(920, 4, 936, 7, NULL, 'warehouse', 'IN', '2025-04-28 00:00:40', 'Received from supplier (source ID 7)', NULL, NULL),
(921, 4, 936, 7, NULL, 'warehouse', 'IN', '2025-04-28 00:00:40', 'Received from supplier (source ID 7)', NULL, NULL),
(922, 4, 936, 7, NULL, 'warehouse', 'IN', '2025-04-28 00:00:40', 'Received from supplier (source ID 7)', NULL, NULL),
(923, 4, 936, 7, NULL, 'warehouse', 'IN', '2025-04-28 00:00:40', 'Received from supplier (source ID 7)', NULL, NULL),
(924, 4, 936, 7, NULL, 'warehouse', 'IN', '2025-04-28 00:00:40', 'Received from supplier (source ID 7)', NULL, NULL),
(925, 4, 936, 7, NULL, 'warehouse', 'IN', '2025-04-28 00:00:40', 'Received from supplier (source ID 7)', NULL, NULL);
INSERT INTO `inventory_transactions` (`id`, `product_id`, `quantity`, `warehouse_id`, `store_id`, `source_type`, `transaction_type`, `transaction_time`, `notes`, `user_id`, `username`) VALUES
(926, 4, 936, 7, NULL, 'warehouse', 'IN', '2025-04-28 00:00:40', 'Received from supplier (source ID 7)', NULL, NULL),
(927, 4, 936, 7, NULL, 'warehouse', 'IN', '2025-04-28 00:00:40', 'Received from supplier (source ID 7)', NULL, NULL),
(928, 4, 936, 7, NULL, 'warehouse', 'IN', '2025-04-28 00:00:40', 'Received from supplier (source ID 7)', NULL, NULL),
(929, 4, 936, 7, NULL, 'warehouse', 'IN', '2025-04-28 00:00:40', 'Received from supplier (source ID 7)', NULL, NULL),
(930, 4, 936, 7, NULL, 'warehouse', 'IN', '2025-04-28 00:00:40', 'Received from supplier (source ID 7)', NULL, NULL),
(931, 4, 936, 7, NULL, 'warehouse', 'IN', '2025-04-28 00:00:40', 'Received from supplier (source ID 7)', NULL, NULL),
(932, 4, 936, 7, NULL, 'warehouse', 'IN', '2025-04-28 00:00:40', 'Received from supplier (source ID 7)', NULL, NULL),
(933, 4, 936, 7, NULL, 'warehouse', 'IN', '2025-04-28 00:00:40', 'Received from supplier (source ID 7)', NULL, NULL),
(934, 4, 936, 7, NULL, 'warehouse', 'IN', '2025-04-28 00:00:40', 'Received from supplier (source ID 7)', NULL, NULL),
(935, 4, 936, 7, NULL, 'warehouse', 'IN', '2025-04-28 00:08:34', 'Received from supplier (source ID 7)', NULL, NULL),
(936, 4, 936, 7, NULL, 'warehouse', 'IN', '2025-04-28 00:08:34', 'Received from supplier (source ID 7)', NULL, NULL),
(937, 4, 936, 7, NULL, 'warehouse', 'IN', '2025-04-28 00:08:34', 'Received from supplier (source ID 7)', NULL, NULL),
(938, 4, 936, 7, NULL, 'warehouse', 'IN', '2025-04-28 00:08:34', 'Received from supplier (source ID 7)', NULL, NULL),
(939, 4, 936, 7, NULL, 'warehouse', 'IN', '2025-04-28 00:08:34', 'Received from supplier (source ID 7)', NULL, NULL),
(940, 4, 936, 7, NULL, 'warehouse', 'IN', '2025-04-28 00:08:34', 'Received from supplier (source ID 7)', NULL, NULL),
(941, 4, 936, 7, NULL, 'warehouse', 'IN', '2025-04-28 00:08:34', 'Received from supplier (source ID 7)', NULL, NULL),
(942, 4, 936, 7, NULL, 'warehouse', 'IN', '2025-04-28 00:08:34', 'Received from supplier (source ID 7)', NULL, NULL),
(943, 4, 936, 7, NULL, 'warehouse', 'IN', '2025-04-28 00:08:34', 'Received from supplier (source ID 7)', NULL, NULL),
(944, 4, 936, 7, NULL, 'warehouse', 'IN', '2025-04-28 00:08:34', 'Received from supplier (source ID 7)', NULL, NULL),
(945, 4, 936, 7, NULL, 'warehouse', 'IN', '2025-04-28 00:08:34', 'Received from supplier (source ID 7)', NULL, NULL),
(946, 4, 936, 7, NULL, 'warehouse', 'IN', '2025-04-28 00:08:34', 'Received from supplier (source ID 7)', NULL, NULL),
(947, 4, 936, 7, NULL, 'warehouse', 'IN', '2025-04-28 00:08:34', 'Received from supplier (source ID 7)', NULL, NULL),
(948, 4, 936, 7, NULL, 'warehouse', 'IN', '2025-04-28 00:08:34', 'Received from supplier (source ID 7)', NULL, NULL),
(949, 4, 936, 7, NULL, 'warehouse', 'IN', '2025-04-28 00:08:34', 'Received from supplier (source ID 7)', NULL, NULL),
(950, 4, 936, 7, NULL, 'warehouse', 'IN', '2025-04-28 00:08:34', 'Received from supplier (source ID 7)', NULL, NULL),
(951, 4, 936, 7, NULL, 'warehouse', 'IN', '2025-04-28 00:08:34', 'Received from supplier (source ID 7)', NULL, NULL),
(952, 4, 936, 7, NULL, 'warehouse', 'IN', '2025-04-28 00:08:34', 'Received from supplier (source ID 7)', NULL, NULL),
(953, 4, 936, 7, NULL, 'warehouse', 'IN', '2025-04-28 00:08:34', 'Received from supplier (source ID 7)', NULL, NULL),
(954, 4, 936, 7, NULL, 'warehouse', 'IN', '2025-04-28 00:08:34', 'Received from supplier (source ID 7)', NULL, NULL),
(955, 4, 936, 7, NULL, 'warehouse', 'IN', '2025-04-28 00:08:34', 'Received from supplier (source ID 7)', NULL, NULL),
(956, 4, 936, 7, NULL, 'warehouse', 'IN', '2025-04-28 00:08:34', 'Received from supplier (source ID 7)', NULL, NULL),
(957, 1, 12, 1, NULL, 'warehouse', 'IN', '2025-04-28 17:34:26', 'Received from supplier (source ID 1)', NULL, NULL),
(958, 4, 936, 7, NULL, 'warehouse', 'IN', '2025-04-28 17:34:44', 'Received from supplier (source ID 7)', NULL, NULL),
(959, 4, 936, 7, NULL, 'warehouse', 'IN', '2025-04-28 17:34:44', 'Received from supplier (source ID 7)', NULL, NULL),
(960, 4, 936, 7, NULL, 'warehouse', 'IN', '2025-04-28 17:34:44', 'Received from supplier (source ID 7)', NULL, NULL),
(961, 4, 936, 7, NULL, 'warehouse', 'IN', '2025-04-28 17:34:44', 'Received from supplier (source ID 7)', NULL, NULL),
(962, 4, 936, 7, NULL, 'warehouse', 'IN', '2025-04-28 17:34:44', 'Received from supplier (source ID 7)', NULL, NULL),
(963, 4, 936, 7, NULL, 'warehouse', 'IN', '2025-04-28 17:34:44', 'Received from supplier (source ID 7)', NULL, NULL),
(964, 4, 936, 7, NULL, 'warehouse', 'IN', '2025-04-28 17:34:44', 'Received from supplier (source ID 7)', NULL, NULL),
(965, 4, 936, 7, NULL, 'warehouse', 'IN', '2025-04-28 17:34:44', 'Received from supplier (source ID 7)', NULL, NULL),
(966, 4, 936, 7, NULL, 'warehouse', 'IN', '2025-04-28 17:34:44', 'Received from supplier (source ID 7)', NULL, NULL),
(967, 4, 936, 7, NULL, 'warehouse', 'IN', '2025-04-28 17:34:44', 'Received from supplier (source ID 7)', NULL, NULL),
(968, 4, 936, 7, NULL, 'warehouse', 'IN', '2025-04-28 17:34:44', 'Received from supplier (source ID 7)', NULL, NULL),
(969, 4, 936, 7, NULL, 'warehouse', 'IN', '2025-04-28 17:34:44', 'Received from supplier (source ID 7)', NULL, NULL),
(970, 4, 936, 7, NULL, 'warehouse', 'IN', '2025-04-28 17:34:44', 'Received from supplier (source ID 7)', NULL, NULL),
(971, 4, 936, 7, NULL, 'warehouse', 'IN', '2025-04-28 17:34:44', 'Received from supplier (source ID 7)', NULL, NULL),
(972, 4, 936, 7, NULL, 'warehouse', 'IN', '2025-04-28 17:34:44', 'Received from supplier (source ID 7)', NULL, NULL),
(973, 4, 936, 7, NULL, 'warehouse', 'IN', '2025-04-28 17:34:44', 'Received from supplier (source ID 7)', NULL, NULL),
(974, 4, 936, 7, NULL, 'warehouse', 'IN', '2025-04-28 17:34:44', 'Received from supplier (source ID 7)', NULL, NULL),
(975, 4, 936, 7, NULL, 'warehouse', 'IN', '2025-04-28 17:34:44', 'Received from supplier (source ID 7)', NULL, NULL),
(976, 4, 936, 7, NULL, 'warehouse', 'IN', '2025-04-28 17:34:44', 'Received from supplier (source ID 7)', NULL, NULL),
(977, 4, 936, 7, NULL, 'warehouse', 'IN', '2025-04-28 17:34:44', 'Received from supplier (source ID 7)', NULL, NULL),
(978, 4, 936, 7, NULL, 'warehouse', 'IN', '2025-04-28 17:34:44', 'Received from supplier (source ID 7)', NULL, NULL),
(979, 4, 936, 7, NULL, 'warehouse', 'IN', '2025-04-28 17:34:44', 'Received from supplier (source ID 7)', NULL, NULL),
(980, 4, 936, 7, NULL, 'warehouse', 'IN', '2025-04-28 17:40:47', 'Received from supplier (source ID 7)', NULL, NULL),
(981, 4, 936, 7, NULL, 'warehouse', 'IN', '2025-04-28 17:40:47', 'Received from supplier (source ID 7)', NULL, NULL),
(982, 4, 936, 7, NULL, 'warehouse', 'IN', '2025-04-28 17:40:47', 'Received from supplier (source ID 7)', NULL, NULL),
(983, 4, 936, 7, NULL, 'warehouse', 'IN', '2025-04-28 17:40:47', 'Received from supplier (source ID 7)', NULL, NULL),
(984, 4, 936, 7, NULL, 'warehouse', 'IN', '2025-04-28 17:40:47', 'Received from supplier (source ID 7)', NULL, NULL),
(985, 4, 936, 7, NULL, 'warehouse', 'IN', '2025-04-28 17:40:47', 'Received from supplier (source ID 7)', NULL, NULL),
(986, 4, 936, 7, NULL, 'warehouse', 'IN', '2025-04-28 17:40:47', 'Received from supplier (source ID 7)', NULL, NULL),
(987, 4, 936, 7, NULL, 'warehouse', 'IN', '2025-04-28 17:40:47', 'Received from supplier (source ID 7)', NULL, NULL),
(988, 4, 936, 7, NULL, 'warehouse', 'IN', '2025-04-28 17:40:47', 'Received from supplier (source ID 7)', NULL, NULL),
(989, 4, 936, 7, NULL, 'warehouse', 'IN', '2025-04-28 17:40:47', 'Received from supplier (source ID 7)', NULL, NULL),
(990, 4, 936, 7, NULL, 'warehouse', 'IN', '2025-04-28 17:40:47', 'Received from supplier (source ID 7)', NULL, NULL),
(991, 4, 936, 7, NULL, 'warehouse', 'IN', '2025-04-28 17:40:47', 'Received from supplier (source ID 7)', NULL, NULL),
(992, 4, 936, 7, NULL, 'warehouse', 'IN', '2025-04-28 17:40:48', 'Received from supplier (source ID 7)', NULL, NULL),
(993, 4, 936, 7, NULL, 'warehouse', 'IN', '2025-04-28 17:40:48', 'Received from supplier (source ID 7)', NULL, NULL),
(994, 4, 936, 7, NULL, 'warehouse', 'IN', '2025-04-28 17:40:48', 'Received from supplier (source ID 7)', NULL, NULL),
(995, 4, 936, 7, NULL, 'warehouse', 'IN', '2025-04-28 17:40:48', 'Received from supplier (source ID 7)', NULL, NULL),
(996, 4, 936, 7, NULL, 'warehouse', 'IN', '2025-04-28 17:40:48', 'Received from supplier (source ID 7)', NULL, NULL),
(997, 4, 936, 7, NULL, 'warehouse', 'IN', '2025-04-28 17:40:48', 'Received from supplier (source ID 7)', NULL, NULL),
(998, 4, 936, 7, NULL, 'warehouse', 'IN', '2025-04-28 17:40:48', 'Received from supplier (source ID 7)', NULL, NULL),
(999, 4, 936, 7, NULL, 'warehouse', 'IN', '2025-04-28 17:40:48', 'Received from supplier (source ID 7)', NULL, NULL),
(1000, 4, 936, 7, NULL, 'warehouse', 'IN', '2025-04-28 17:40:48', 'Received from supplier (source ID 7)', NULL, NULL),
(1001, 4, 936, 7, NULL, 'warehouse', 'IN', '2025-04-28 17:40:48', 'Received from supplier (source ID 7)', NULL, NULL),
(1002, 4, 936, 7, NULL, 'warehouse', 'IN', '2025-04-28 17:43:35', 'Received from supplier (source ID 7)', NULL, NULL),
(1003, 4, 936, 7, NULL, 'warehouse', 'IN', '2025-04-28 19:43:25', 'Received from supplier (source ID 7)', NULL, NULL),
(1004, 4, 936, 7, NULL, 'warehouse', 'IN', '2025-04-28 19:43:25', 'Received from supplier (source ID 7)', NULL, NULL),
(1005, 4, 936, 7, NULL, 'warehouse', 'IN', '2025-04-28 19:43:25', 'Received from supplier (source ID 7)', NULL, NULL),
(1006, 4, 936, 7, NULL, 'warehouse', 'IN', '2025-04-28 19:43:25', 'Received from supplier (source ID 7)', NULL, NULL),
(1007, 4, 936, 7, NULL, 'warehouse', 'IN', '2025-04-28 19:43:25', 'Received from supplier (source ID 7)', NULL, NULL),
(1008, 4, 936, 7, NULL, 'warehouse', 'IN', '2025-04-28 19:43:25', 'Received from supplier (source ID 7)', NULL, NULL),
(1009, 4, 936, 7, NULL, 'warehouse', 'IN', '2025-04-28 19:43:25', 'Received from supplier (source ID 7)', NULL, NULL),
(1010, 4, 936, 7, NULL, 'warehouse', 'IN', '2025-04-28 19:43:25', 'Received from supplier (source ID 7)', NULL, NULL),
(1011, 4, 936, 7, NULL, 'warehouse', 'IN', '2025-04-28 19:43:25', 'Received from supplier (source ID 7)', NULL, NULL),
(1012, 4, 936, 7, NULL, 'warehouse', 'IN', '2025-04-28 19:43:25', 'Received from supplier (source ID 7)', NULL, NULL),
(1013, 4, 936, 7, NULL, 'warehouse', 'IN', '2025-04-28 19:43:25', 'Received from supplier (source ID 7)', NULL, NULL),
(1014, 4, 936, 7, NULL, 'warehouse', 'IN', '2025-04-28 19:43:25', 'Received from supplier (source ID 7)', NULL, NULL),
(1015, 4, 936, 7, NULL, 'warehouse', 'IN', '2025-04-28 19:43:25', 'Received from supplier (source ID 7)', NULL, NULL),
(1016, 4, 936, 7, NULL, 'warehouse', 'IN', '2025-04-28 19:43:25', 'Received from supplier (source ID 7)', NULL, NULL),
(1017, 4, 936, 7, NULL, 'warehouse', 'IN', '2025-04-28 19:43:25', 'Received from supplier (source ID 7)', NULL, NULL),
(1018, 4, 936, 7, NULL, 'warehouse', 'IN', '2025-04-28 19:43:25', 'Received from supplier (source ID 7)', NULL, NULL),
(1019, 4, 936, 7, NULL, 'warehouse', 'IN', '2025-04-28 19:43:25', 'Received from supplier (source ID 7)', NULL, NULL),
(1020, 4, 936, 7, NULL, 'warehouse', 'IN', '2025-04-28 19:43:25', 'Received from supplier (source ID 7)', NULL, NULL),
(1021, 4, 936, 7, NULL, 'warehouse', 'IN', '2025-04-28 19:43:25', 'Received from supplier (source ID 7)', NULL, NULL),
(1022, 4, 936, 7, NULL, 'warehouse', 'IN', '2025-04-28 19:43:26', 'Received from supplier (source ID 7)', NULL, NULL),
(1023, 4, 936, 7, NULL, 'warehouse', 'IN', '2025-04-28 19:43:26', 'Received from supplier (source ID 7)', NULL, NULL),
(1024, 4, 936, 7, NULL, 'warehouse', 'IN', '2025-04-28 19:43:26', 'Received from supplier (source ID 7)', NULL, NULL),
(1025, 4, 936, 7, NULL, 'warehouse', 'IN', '2025-04-28 19:50:45', 'Received from supplier (source ID 7)', NULL, NULL),
(1026, 4, 936, 7, NULL, 'warehouse', 'IN', '2025-04-28 19:50:45', 'Received from supplier (source ID 7)', NULL, NULL),
(1027, 4, 936, 7, NULL, 'warehouse', 'IN', '2025-04-28 19:50:45', 'Received from supplier (source ID 7)', NULL, NULL),
(1028, 4, 936, 7, NULL, 'warehouse', 'IN', '2025-04-28 19:50:45', 'Received from supplier (source ID 7)', NULL, NULL),
(1029, 4, 936, 7, NULL, 'warehouse', 'IN', '2025-04-28 19:50:45', 'Received from supplier (source ID 7)', NULL, NULL),
(1030, 4, 936, 7, NULL, 'warehouse', 'IN', '2025-04-28 19:50:45', 'Received from supplier (source ID 7)', NULL, NULL),
(1031, 4, 936, 7, NULL, 'warehouse', 'IN', '2025-04-28 19:50:45', 'Received from supplier (source ID 7)', NULL, NULL),
(1032, 4, 936, 7, NULL, 'warehouse', 'IN', '2025-04-28 19:50:45', 'Received from supplier (source ID 7)', NULL, NULL),
(1033, 4, 936, 7, NULL, 'warehouse', 'IN', '2025-04-28 19:50:45', 'Received from supplier (source ID 7)', NULL, NULL),
(1034, 4, 936, 7, NULL, 'warehouse', 'IN', '2025-04-28 19:50:45', 'Received from supplier (source ID 7)', NULL, NULL),
(1035, 4, 936, 7, NULL, 'warehouse', 'IN', '2025-04-28 19:50:46', 'Received from supplier (source ID 7)', NULL, NULL),
(1036, 4, 936, 7, NULL, 'warehouse', 'IN', '2025-04-28 19:50:46', 'Received from supplier (source ID 7)', NULL, NULL),
(1037, 4, 936, 7, NULL, 'warehouse', 'IN', '2025-04-28 19:50:46', 'Received from supplier (source ID 7)', NULL, NULL),
(1038, 4, 936, 7, NULL, 'warehouse', 'IN', '2025-04-28 19:50:46', 'Received from supplier (source ID 7)', NULL, NULL),
(1039, 4, 936, 7, NULL, 'warehouse', 'IN', '2025-04-28 19:50:46', 'Received from supplier (source ID 7)', NULL, NULL),
(1040, 4, 936, 7, NULL, 'warehouse', 'IN', '2025-04-28 19:50:46', 'Received from supplier (source ID 7)', NULL, NULL),
(1041, 4, 936, 7, NULL, 'warehouse', 'IN', '2025-04-28 19:50:46', 'Received from supplier (source ID 7)', NULL, NULL),
(1042, 4, 936, 7, NULL, 'warehouse', 'IN', '2025-04-28 19:50:46', 'Received from supplier (source ID 7)', NULL, NULL),
(1043, 4, 936, 7, NULL, 'warehouse', 'IN', '2025-04-28 19:50:46', 'Received from supplier (source ID 7)', NULL, NULL),
(1044, 4, 936, 7, NULL, 'warehouse', 'IN', '2025-04-28 19:50:46', 'Received from supplier (source ID 7)', NULL, NULL),
(1045, 4, 936, 7, NULL, 'warehouse', 'IN', '2025-04-28 19:50:46', 'Received from supplier (source ID 7)', NULL, NULL),
(1046, 4, 936, 7, NULL, 'warehouse', 'IN', '2025-04-28 19:50:46', 'Received from supplier (source ID 7)', NULL, NULL),
(1047, 4, 936, 7, NULL, 'warehouse', 'IN', '2025-04-28 19:52:11', 'Received from supplier (source ID 7)', NULL, NULL),
(1048, 4, 936, 7, NULL, 'warehouse', 'IN', '2025-04-28 19:52:11', 'Received from supplier (source ID 7)', NULL, NULL),
(1049, 4, 936, 7, NULL, 'warehouse', 'IN', '2025-04-28 19:52:11', 'Received from supplier (source ID 7)', NULL, NULL),
(1050, 4, 936, 7, NULL, 'warehouse', 'IN', '2025-04-28 19:52:11', 'Received from supplier (source ID 7)', NULL, NULL),
(1051, 4, 936, 7, NULL, 'warehouse', 'IN', '2025-04-28 19:52:11', 'Received from supplier (source ID 7)', NULL, NULL),
(1052, 4, 936, 7, NULL, 'warehouse', 'IN', '2025-04-28 19:52:11', 'Received from supplier (source ID 7)', NULL, NULL),
(1053, 4, 936, 7, NULL, 'warehouse', 'IN', '2025-04-28 19:52:11', 'Received from supplier (source ID 7)', NULL, NULL),
(1054, 4, 936, 7, NULL, 'warehouse', 'IN', '2025-04-28 19:52:11', 'Received from supplier (source ID 7)', NULL, NULL),
(1055, 4, 936, 7, NULL, 'warehouse', 'IN', '2025-04-28 19:52:11', 'Received from supplier (source ID 7)', NULL, NULL),
(1056, 4, 936, 7, NULL, 'warehouse', 'IN', '2025-04-28 19:52:11', 'Received from supplier (source ID 7)', NULL, NULL),
(1057, 4, 936, 7, NULL, 'warehouse', 'IN', '2025-04-28 19:52:11', 'Received from supplier (source ID 7)', NULL, NULL),
(1058, 4, 936, 7, NULL, 'warehouse', 'IN', '2025-04-28 19:52:11', 'Received from supplier (source ID 7)', NULL, NULL),
(1059, 4, 936, 7, NULL, 'warehouse', 'IN', '2025-04-28 19:52:11', 'Received from supplier (source ID 7)', NULL, NULL),
(1060, 4, 936, 7, NULL, 'warehouse', 'IN', '2025-04-28 19:52:12', 'Received from supplier (source ID 7)', NULL, NULL),
(1061, 4, 936, 7, NULL, 'warehouse', 'IN', '2025-04-28 19:52:12', 'Received from supplier (source ID 7)', NULL, NULL),
(1062, 4, 936, 7, NULL, 'warehouse', 'IN', '2025-04-28 19:52:12', 'Received from supplier (source ID 7)', NULL, NULL),
(1063, 4, 936, 7, NULL, 'warehouse', 'IN', '2025-04-28 19:52:12', 'Received from supplier (source ID 7)', NULL, NULL),
(1064, 4, 936, 7, NULL, 'warehouse', 'IN', '2025-04-28 19:52:12', 'Received from supplier (source ID 7)', NULL, NULL),
(1065, 4, 936, 7, NULL, 'warehouse', 'IN', '2025-04-28 19:52:12', 'Received from supplier (source ID 7)', NULL, NULL),
(1066, 4, 936, 7, NULL, 'warehouse', 'IN', '2025-04-28 19:52:12', 'Received from supplier (source ID 7)', NULL, NULL),
(1067, 4, 936, 7, NULL, 'warehouse', 'IN', '2025-04-28 19:52:12', 'Received from supplier (source ID 7)', NULL, NULL),
(1068, 4, 936, 7, NULL, 'warehouse', 'IN', '2025-04-28 19:52:12', 'Received from supplier (source ID 7)', NULL, NULL),
(1069, 4, 936, 7, NULL, 'warehouse', 'IN', '2025-04-28 19:54:08', 'Received from supplier (source ID 7)', NULL, NULL),
(1070, 4, 936, 7, NULL, 'warehouse', 'IN', '2025-04-28 19:54:08', 'Received from supplier (source ID 7)', NULL, NULL),
(1071, 4, 936, 7, NULL, 'warehouse', 'IN', '2025-04-28 19:54:08', 'Received from supplier (source ID 7)', NULL, NULL),
(1072, 4, 936, 7, NULL, 'warehouse', 'IN', '2025-04-28 19:54:08', 'Received from supplier (source ID 7)', NULL, NULL),
(1073, 4, 936, 7, NULL, 'warehouse', 'IN', '2025-04-28 19:54:08', 'Received from supplier (source ID 7)', NULL, NULL),
(1074, 4, 936, 7, NULL, 'warehouse', 'IN', '2025-04-28 19:54:08', 'Received from supplier (source ID 7)', NULL, NULL),
(1075, 4, 936, 7, NULL, 'warehouse', 'IN', '2025-04-28 19:54:08', 'Received from supplier (source ID 7)', NULL, NULL),
(1076, 4, 936, 7, NULL, 'warehouse', 'IN', '2025-04-28 19:54:08', 'Received from supplier (source ID 7)', NULL, NULL),
(1077, 4, 936, 7, NULL, 'warehouse', 'IN', '2025-04-28 19:54:08', 'Received from supplier (source ID 7)', NULL, NULL),
(1078, 4, 936, 7, NULL, 'warehouse', 'IN', '2025-04-28 19:54:08', 'Received from supplier (source ID 7)', NULL, NULL),
(1079, 4, 936, 7, NULL, 'warehouse', 'IN', '2025-04-28 19:54:08', 'Received from supplier (source ID 7)', NULL, NULL),
(1080, 4, 936, 7, NULL, 'warehouse', 'IN', '2025-04-28 19:54:08', 'Received from supplier (source ID 7)', NULL, NULL),
(1081, 4, 936, 7, NULL, 'warehouse', 'IN', '2025-04-28 19:54:08', 'Received from supplier (source ID 7)', NULL, NULL),
(1082, 4, 936, 7, NULL, 'warehouse', 'IN', '2025-04-28 19:54:08', 'Received from supplier (source ID 7)', NULL, NULL),
(1083, 4, 936, 7, NULL, 'warehouse', 'IN', '2025-04-28 19:54:08', 'Received from supplier (source ID 7)', NULL, NULL),
(1084, 4, 936, 7, NULL, 'warehouse', 'IN', '2025-04-28 19:54:08', 'Received from supplier (source ID 7)', NULL, NULL),
(1085, 4, 936, 7, NULL, 'warehouse', 'IN', '2025-04-28 19:54:08', 'Received from supplier (source ID 7)', NULL, NULL),
(1086, 4, 936, 7, NULL, 'warehouse', 'IN', '2025-04-28 19:54:08', 'Received from supplier (source ID 7)', NULL, NULL),
(1087, 4, 936, 7, NULL, 'warehouse', 'IN', '2025-04-28 19:54:08', 'Received from supplier (source ID 7)', NULL, NULL),
(1088, 4, 936, 7, NULL, 'warehouse', 'IN', '2025-04-28 19:54:08', 'Received from supplier (source ID 7)', NULL, NULL),
(1089, 4, 936, 7, NULL, 'warehouse', 'IN', '2025-04-28 19:54:08', 'Received from supplier (source ID 7)', NULL, NULL),
(1090, 4, 936, 7, NULL, 'warehouse', 'IN', '2025-04-28 19:54:08', 'Received from supplier (source ID 7)', NULL, NULL),
(1091, 4, 0, 7, NULL, 'warehouse', 'IN', '2025-04-28 20:33:15', 'Received from supplier (source ID 7)', NULL, NULL),
(1092, 5, 0, 7, NULL, 'warehouse', 'IN', '2025-04-28 20:33:15', 'Received from supplier (source ID 7)', NULL, NULL),
(1093, 14, 0, 4, NULL, 'warehouse', 'IN', '2025-04-28 20:36:11', 'Received from supplier (source ID 4)', NULL, NULL),
(1094, 13, 0, 4, NULL, 'warehouse', 'IN', '2025-04-28 20:36:11', 'Received from supplier (source ID 4)', NULL, NULL),
(1095, 12, 0, 4, NULL, 'warehouse', 'IN', '2025-04-28 20:36:11', 'Received from supplier (source ID 4)', NULL, NULL),
(1096, 11, 0, 4, NULL, 'warehouse', 'IN', '2025-04-28 20:36:11', 'Received from supplier (source ID 4)', NULL, NULL),
(1097, 16, 165, 4, NULL, 'warehouse', 'IN', '2025-04-28 20:47:07', 'Received from supplier (source ID 4)', NULL, NULL),
(1098, 17, 222, 4, NULL, 'warehouse', 'IN', '2025-04-28 20:47:07', 'Received from supplier (source ID 4)', NULL, NULL),
(1099, 17, 1000, 4, NULL, 'warehouse', 'IN', '2025-04-28 20:47:07', 'Received from supplier (source ID 4)', NULL, NULL),
(1100, 17, 1000, 4, NULL, 'warehouse', 'IN', '2025-04-28 20:47:07', 'Received from supplier (source ID 4)', NULL, NULL),
(1101, 17, 1000, 4, NULL, 'warehouse', 'IN', '2025-04-28 20:47:07', 'Received from supplier (source ID 4)', NULL, NULL),
(1102, 17, 1000, 4, NULL, 'warehouse', 'IN', '2025-04-28 20:47:07', 'Received from supplier (source ID 4)', NULL, NULL),
(1103, 17, 1000, 4, NULL, 'warehouse', 'IN', '2025-04-28 20:47:07', 'Received from supplier (source ID 4)', NULL, NULL),
(1104, 17, 1000, 4, NULL, 'warehouse', 'IN', '2025-04-28 20:47:07', 'Received from supplier (source ID 4)', NULL, NULL),
(1105, 17, 1000, 4, NULL, 'warehouse', 'IN', '2025-04-28 20:47:07', 'Received from supplier (source ID 4)', NULL, NULL),
(1106, 17, 1000, 4, NULL, 'warehouse', 'IN', '2025-04-28 20:47:07', 'Received from supplier (source ID 4)', NULL, NULL),
(1107, 3, 182, 1, 1, 'store', 'OUT', '2025-04-28 20:47:53', 'Transfer to store 1', NULL, NULL),
(1108, 3, 182, 1, 1, 'store', 'IN', '2025-04-28 20:47:53', 'Received from warehouse 1', NULL, NULL),
(1109, 53, 128, 8, 35, 'store', 'OUT', '2025-04-28 20:47:53', 'Transfer to store 35', NULL, NULL),
(1110, 53, 128, 8, 35, 'store', 'IN', '2025-04-28 20:47:54', 'Received from warehouse 8', NULL, NULL);

-- --------------------------------------------------------

--
-- Δομή πίνακα για τον πίνακα `low_inventory_alerts`
--

CREATE TABLE `low_inventory_alerts` (
  `alert_id` int(11) NOT NULL,
  `product_id` int(11) NOT NULL,
  `warehouse_id` int(11) NOT NULL,
  `quantity` int(11) NOT NULL,
  `alert_date` datetime NOT NULL
) ENGINE=InnoDB DEFAULT CHARSET=utf8mb4 COLLATE=utf8mb4_general_ci;

--
-- Άδειασμα δεδομένων του πίνακα `low_inventory_alerts`
--

INSERT INTO `low_inventory_alerts` (`alert_id`, `product_id`, `warehouse_id`, `quantity`, `alert_date`) VALUES
(23, 4, 7, 936, '2025-04-26 18:49:57'),
(24, 5, 13, 166, '2025-04-26 18:49:57'),
(25, 5, 7, 1000, '2025-04-26 18:49:57'),
(26, 12, 28, 90, '2025-04-26 18:49:57'),
(27, 17, 28, 184, '2025-04-26 18:49:57'),
(28, 17, 4, 1000, '2025-04-26 18:49:57'),
(29, 4, 13, 76, '2025-04-26 19:05:09'),
(30, 4, 7, 936, '2025-04-26 19:05:09'),
(31, 5, 13, 166, '2025-04-26 19:05:09'),
(32, 5, 7, 1000, '2025-04-26 19:05:09'),
(33, 12, 28, 90, '2025-04-26 19:05:09'),
(34, 17, 28, 184, '2025-04-26 19:05:09'),
(35, 17, 4, 1000, '2025-04-26 19:05:09'),
(36, 4, 13, 76, '2025-04-26 19:46:03'),
(37, 4, 7, 936, '2025-04-26 19:46:03'),
(38, 5, 13, 166, '2025-04-26 19:46:03'),
(39, 5, 7, 1000, '2025-04-26 19:46:03'),
(40, 12, 28, 90, '2025-04-26 19:46:03'),
(41, 17, 28, 184, '2025-04-26 19:46:03'),
(42, 17, 4, 1000, '2025-04-26 19:46:03'),
(43, 4, 13, 76, '2025-04-26 19:54:40'),
(44, 4, 7, 936, '2025-04-26 19:54:40'),
(45, 5, 13, 166, '2025-04-26 19:54:40'),
(46, 5, 7, 1000, '2025-04-26 19:54:40'),
(47, 12, 28, 90, '2025-04-26 19:54:40'),
(48, 17, 28, 184, '2025-04-26 19:54:40'),
(49, 17, 4, 1000, '2025-04-26 19:54:40'),
(50, 4, 13, 76, '2025-04-26 19:55:00'),
(51, 4, 7, 936, '2025-04-26 19:55:00'),
(52, 5, 13, 166, '2025-04-26 19:55:00'),
(53, 5, 7, 1000, '2025-04-26 19:55:00'),
(54, 12, 28, 90, '2025-04-26 19:55:00'),
(55, 17, 28, 184, '2025-04-26 19:55:00'),
(56, 17, 4, 1000, '2025-04-26 19:55:00'),
(57, 4, 13, 76, '2025-04-26 23:13:51'),
(58, 4, 7, 936, '2025-04-26 23:13:51'),
(59, 5, 13, 166, '2025-04-26 23:13:51'),
(60, 5, 7, 1000, '2025-04-26 23:13:51'),
(61, 12, 28, 90, '2025-04-26 23:13:51'),
(62, 17, 28, 184, '2025-04-26 23:13:51'),
(64, 4, 13, 76, '2025-04-26 23:54:29'),
(65, 4, 7, 936, '2025-04-26 23:54:29'),
(66, 5, 13, 166, '2025-04-26 23:54:29'),
(67, 5, 7, 1000, '2025-04-26 23:54:29'),
(68, 12, 28, 90, '2025-04-26 23:54:29'),
(69, 17, 28, 184, '2025-04-26 23:54:29'),
(70, 17, 4, 1000, '2025-04-26 23:54:29'),
(71, 3, 1, 182, '2025-04-26 23:57:45'),
(72, 53, 35, 128, '2025-04-26 23:57:45'),
(73, 4, 13, 76, '2025-04-27 13:40:22'),
(74, 5, 13, 166, '2025-04-27 13:40:22'),
(75, 12, 28, 90, '2025-04-27 13:40:22'),
(76, 17, 28, 184, '2025-04-27 13:40:22'),
(77, 4, 13, 76, '2025-04-27 13:48:40'),
(78, 4, 7, 936, '2025-04-27 16:00:37'),
(79, 4, 13, 76, '2025-04-27 16:00:37'),
(80, 5, 7, 1000, '2025-04-27 16:00:37'),
(81, 17, 4, 1000, '2025-04-27 16:00:37'),
(82, 4, 7, 936, '2025-04-27 16:01:27'),
(83, 4, 13, 76, '2025-04-27 16:01:27'),
(84, 5, 7, 1000, '2025-04-27 16:01:27'),
(85, 17, 4, 1000, '2025-04-27 16:01:27'),
(86, 4, 13, 76, '2025-04-27 16:02:49'),
(87, 4, 7, 936, '2025-04-27 16:02:49'),
(88, 5, 7, 1000, '2025-04-27 16:02:49'),
(89, 17, 4, 1000, '2025-04-27 16:02:49'),
(90, 3, 1, 182, '2025-04-27 16:04:34'),
(91, 53, 35, 128, '2025-04-27 16:04:34'),
(92, 4, 13, 76, '2025-04-27 17:55:14'),
(93, 4, 7, 936, '2025-04-27 17:55:14'),
(94, 5, 7, 1000, '2025-04-27 17:55:14'),
(95, 17, 4, 1000, '2025-04-27 17:55:14'),
(96, 4, 13, 76, '2025-04-27 17:58:28'),
(97, 5, 13, 166, '2025-04-27 17:58:28'),
(98, 4, 13, 76, '2025-04-27 18:47:55'),
(99, 4, 7, 936, '2025-04-27 18:47:55'),
(100, 5, 7, 1000, '2025-04-27 18:47:55'),
(101, 17, 4, 1000, '2025-04-27 18:47:55'),
(102, 4, 13, 76, '2025-04-27 18:52:26'),
(103, 4, 7, 936, '2025-04-27 18:52:26'),
(104, 5, 7, 1000, '2025-04-27 18:52:26'),
(105, 17, 4, 1000, '2025-04-27 18:52:26'),
(106, 4, 13, 76, '2025-04-27 20:52:02'),
(107, 4, 7, 936, '2025-04-27 20:52:02'),
(108, 5, 7, 1000, '2025-04-27 20:52:02'),
(109, 17, 4, 1000, '2025-04-27 20:52:02'),
(110, 4, 13, 76, '2025-04-27 20:57:27'),
(111, 4, 7, 936, '2025-04-27 20:57:27'),
(112, 5, 7, 1000, '2025-04-27 20:57:27'),
(113, 17, 4, 1000, '2025-04-27 20:57:27'),
(114, 4, 13, 76, '2025-04-27 21:00:07'),
(115, 4, 7, 936, '2025-04-27 21:00:07'),
(116, 5, 7, 1000, '2025-04-27 21:00:07'),
(117, 17, 4, 1000, '2025-04-27 21:00:07'),
(118, 4, 13, 76, '2025-04-27 21:01:07'),
(119, 4, 7, 936, '2025-04-27 21:01:07'),
(120, 5, 7, 1000, '2025-04-27 21:01:07'),
(121, 17, 4, 1000, '2025-04-27 21:01:07'),
(122, 4, 13, 76, '2025-04-27 21:02:51'),
(123, 4, 7, 936, '2025-04-27 21:02:51'),
(124, 5, 7, 1000, '2025-04-27 21:02:51'),
(125, 17, 4, 1000, '2025-04-27 21:02:51'),
(126, 4, 13, 76, '2025-04-27 21:42:38'),
(127, 4, 7, 936, '2025-04-27 21:42:38'),
(128, 5, 7, 1000, '2025-04-27 21:42:38'),
(129, 17, 4, 1000, '2025-04-27 21:42:38'),
(130, 4, 13, 76, '2025-04-27 21:47:39'),
(131, 4, 7, 936, '2025-04-27 21:47:39'),
(132, 5, 13, 166, '2025-04-27 21:47:39'),
(133, 5, 7, 1000, '2025-04-27 21:47:39'),
(134, 17, 4, 1000, '2025-04-27 21:47:39'),
(135, 4, 13, 76, '2025-04-27 21:59:30'),
(136, 4, 7, 936, '2025-04-27 21:59:30'),
(137, 5, 13, 166, '2025-04-27 21:59:30'),
(138, 5, 7, 1000, '2025-04-27 21:59:30'),
(139, 17, 4, 1000, '2025-04-27 21:59:30'),
(140, 4, 13, 76, '2025-04-27 22:02:47'),
(141, 4, 7, 936, '2025-04-27 22:02:47'),
(142, 5, 13, 166, '2025-04-27 22:02:47'),
(143, 5, 7, 1000, '2025-04-27 22:02:47'),
(144, 17, 4, 1000, '2025-04-27 22:02:47'),
(145, 4, 13, 76, '2025-04-27 22:03:46'),
(146, 4, 7, 936, '2025-04-27 22:03:46'),
(147, 5, 13, 166, '2025-04-27 22:03:46'),
(148, 5, 7, 1000, '2025-04-27 22:03:46'),
(149, 17, 4, 1000, '2025-04-27 22:03:46'),
(150, 4, 13, 76, '2025-04-27 22:06:59'),
(151, 4, 7, 936, '2025-04-27 22:06:59'),
(152, 5, 13, 166, '2025-04-27 22:06:59'),
(153, 5, 7, 1000, '2025-04-27 22:06:59'),
(154, 17, 4, 1000, '2025-04-27 22:06:59'),
(155, 4, 13, 76, '2025-04-27 22:08:36'),
(156, 4, 7, 936, '2025-04-27 22:08:36'),
(157, 5, 13, 166, '2025-04-27 22:08:36'),
(158, 5, 7, 1000, '2025-04-27 22:08:36'),
(159, 17, 4, 1000, '2025-04-27 22:08:36'),
(160, 4, 13, 76, '2025-04-27 22:14:06'),
(161, 4, 7, 936, '2025-04-27 22:14:06'),
(162, 5, 13, 166, '2025-04-27 22:14:06'),
(163, 5, 7, 1000, '2025-04-27 22:14:06'),
(164, 17, 4, 1000, '2025-04-27 22:14:06'),
(165, 4, 13, 76, '2025-04-27 22:23:14'),
(166, 4, 7, 936, '2025-04-27 22:23:14'),
(167, 5, 13, 166, '2025-04-27 22:23:14'),
(168, 5, 7, 1000, '2025-04-27 22:23:14'),
(169, 17, 4, 1000, '2025-04-27 22:23:14'),
(170, 4, 13, 76, '2025-04-27 22:32:44'),
(171, 4, 7, 936, '2025-04-27 22:32:44'),
(172, 5, 13, 166, '2025-04-27 22:32:44'),
(173, 5, 7, 1000, '2025-04-27 22:32:44'),
(174, 17, 4, 1000, '2025-04-27 22:32:44'),
(175, 4, 13, 76, '2025-04-27 22:53:48'),
(176, 4, 7, 936, '2025-04-27 22:53:48'),
(177, 5, 13, 166, '2025-04-27 22:53:48'),
(178, 5, 7, 1000, '2025-04-27 22:53:48'),
(179, 17, 4, 1000, '2025-04-27 22:53:48'),
(180, 3, 1, 182, '2025-04-27 22:56:08'),
(181, 53, 35, 128, '2025-04-27 22:56:08'),
(182, 3, 1, 182, '2025-04-27 23:00:42'),
(183, 53, 35, 128, '2025-04-27 23:00:42'),
(184, 3, 1, 182, '2025-04-27 23:04:09'),
(185, 53, 35, 128, '2025-04-27 23:04:09'),
(186, 3, 1, 182, '2025-04-27 23:05:18'),
(187, 53, 35, 128, '2025-04-27 23:05:18'),
(188, 3, 1, 182, '2025-04-27 23:16:56'),
(189, 53, 35, 128, '2025-04-27 23:16:56'),
(190, 13, 4, 12, '2025-04-27 23:22:48'),
(191, 3, 1, 12, '2025-04-27 23:22:57'),
(192, 53, 8, 12, '2025-04-27 23:22:57'),
(193, 3, 1, 12, '2025-04-27 23:27:56'),
(194, 53, 8, 12, '2025-04-27 23:27:56'),
(195, 3, 1, 972, '2025-04-27 23:43:10'),
(196, 53, 8, 736, '2025-04-27 23:43:10'),
(197, 14, 4, 780, '2025-04-28 00:40:15'),
(198, 13, 4, 780, '2025-04-28 00:40:15'),
(199, 12, 4, 780, '2025-04-28 00:40:15'),
(200, 11, 4, 780, '2025-04-28 00:40:15'),
(201, 16, 4, 948, '2025-04-28 00:40:15'),
(202, 3, 1, 972, '2025-04-28 00:40:30'),
(203, 53, 8, 736, '2025-04-28 00:40:30'),
(204, 3, 1, 972, '2025-04-28 00:41:48'),
(205, 53, 8, 736, '2025-04-28 00:41:48'),
(206, 3, 1, 972, '2025-04-28 00:45:06'),
(207, 53, 8, 736, '2025-04-28 00:45:06'),
(208, 3, 1, 182, '2025-04-28 19:34:26'),
(209, 3, 1, 182, '2025-04-28 20:23:58'),
(210, 3, 1, 182, '2025-04-28 21:45:32'),
(211, 3, 1, 182, '2025-04-28 21:55:43'),
(212, 3, 1, 182, '2025-04-28 21:58:26'),
(213, 3, 1, 182, '2025-04-28 22:00:27'),
(214, 3, 1, 182, '2025-04-28 22:02:31'),
(215, 3, 1, 182, '2025-04-28 22:08:02'),
(216, 3, 1, 182, '2025-04-28 22:33:15'),
(217, 3, 1, 182, '2025-04-28 22:36:11'),
(218, 3, 1, 182, '2025-04-28 22:37:41'),
(219, 3, 1, 182, '2025-04-28 22:41:24'),
(220, 3, 1, 182, '2025-04-28 22:47:07'),
(221, 3, 1, 182, '2025-04-28 22:47:53'),
(222, 53, 35, 128, '2025-04-28 23:21:46'),
(223, 14, 4, 780, '2025-04-28 23:22:04'),
(224, 13, 4, 780, '2025-04-28 23:22:04'),
(225, 12, 4, 780, '2025-04-28 23:22:04'),
(226, 11, 4, 780, '2025-04-28 23:22:04'),
(227, 16, 4, 948, '2025-04-28 23:22:04'),
(228, 4, 9, 144, '2025-04-28 23:22:52'),
(229, 8, 23, 92, '2025-04-28 23:22:52'),
(230, 8, 2, 880, '2025-04-28 23:22:52');

-- --------------------------------------------------------

--
-- Δομή πίνακα για τον πίνακα `orders`
--

CREATE TABLE `orders` (
  `order_id` int(11) NOT NULL,
  `product_id` int(11) NOT NULL,
  `quantity` int(11) NOT NULL,
  `price` decimal(10,2) NOT NULL,
  `order_date` date NOT NULL,
  `supplier_id` int(11) DEFAULT NULL,
  `warehouse_id` int(11) DEFAULT NULL,
  `source_id` int(11) NOT NULL,
  `source_type` enum('warehouse','store') NOT NULL,
  `status` enum('confirmed','delivered') DEFAULT 'confirmed'
) ;

--
-- Άδειασμα δεδομένων του πίνακα `orders`
--

INSERT INTO `orders` (`order_id`, `product_id`, `quantity`, `price`, `order_date`, `supplier_id`, `warehouse_id`, `source_id`, `source_type`, `status`) VALUES
(1, 1, 184, 0.00, '2025-04-26', NULL, 1, 1, 'store', 'delivered'),
(2, 1, 50, 4.99, '2025-04-21', 1, NULL, 1, 'warehouse', 'confirmed'),
(3, 1, 184, 0.00, '2025-04-26', NULL, 1, 1, 'store', 'delivered'),
(4, 1, 12, 6.96, '2025-04-26', 37, NULL, 1, 'warehouse', 'delivered'),
(5, 4, 76, 0.00, '2025-04-26', NULL, 7, 13, 'store', 'delivered'),
(6, 5, 166, 0.00, '2025-04-26', NULL, 7, 13, 'store', 'delivered'),
(7, 14, 42, 0.00, '2025-04-26', NULL, 4, 28, 'store', 'delivered'),
(8, 13, 64, 0.00, '2025-04-26', NULL, 4, 28, 'store', 'delivered'),
(9, 12, 90, 0.00, '2025-04-26', NULL, 4, 28, 'store', 'delivered'),
(10, 11, 126, 0.00, '2025-04-26', NULL, 4, 28, 'store', 'delivered'),
(11, 16, 186, 0.00, '2025-04-26', NULL, 4, 28, 'store', 'delivered'),
(12, 17, 184, 0.00, '2025-04-26', NULL, 4, 28, 'store', 'delivered'),
(13, 4, 76, 0.00, '2025-04-26', NULL, 7, 13, 'store', 'delivered'),
(14, 5, 166, 0.00, '2025-04-26', NULL, 7, 13, 'store', 'delivered'),
(15, 17, 184, 0.00, '2025-04-26', NULL, 4, 28, 'store', 'delivered'),
(16, 4, 76, 0.00, '2025-04-26', NULL, 7, 13, 'store', 'delivered'),
(17, 5, 166, 0.00, '2025-04-26', NULL, 7, 13, 'store', 'delivered'),
(18, 17, 184, 0.00, '2025-04-26', NULL, 4, 28, 'store', 'delivered'),
(19, 4, 76, 0.00, '2025-04-26', NULL, 7, 13, 'store', 'delivered'),
(20, 4, 222, 3.44, '2025-04-26', 35, NULL, 7, 'warehouse', 'delivered'),
(21, 5, 166, 0.00, '2025-04-26', NULL, 7, 13, 'store', 'delivered'),
(22, 5, 222, 10.84, '2025-04-26', 36, NULL, 7, 'warehouse', 'delivered'),
(23, 14, 222, 11.56, '2025-04-26', 4, NULL, 4, 'warehouse', 'delivered'),
(24, 13, 222, 0.99, '2025-04-26', 19, NULL, 4, 'warehouse', 'delivered'),
(25, 12, 222, 1.71, '2025-04-26', 30, NULL, 4, 'warehouse', 'delivered'),
(26, 11, 222, 3.91, '2025-04-26', 25, NULL, 4, 'warehouse', 'delivered'),
(27, 16, 165, 9.79, '2025-04-26', 17, NULL, 4, 'warehouse', 'delivered'),
(28, 17, 184, 0.00, '2025-04-26', NULL, 4, 28, 'store', 'delivered'),
(29, 17, 222, 8.76, '2025-04-26', 12, NULL, 4, 'warehouse', 'delivered'),
(30, 4, 76, 0.00, '2025-04-26', NULL, 7, 13, 'store', 'delivered'),
(31, 5, 166, 0.00, '2025-04-26', NULL, 7, 13, 'store', 'delivered'),
(32, 17, 184, 0.00, '2025-04-26', NULL, 4, 28, 'store', 'delivered'),
(33, 4, 76, 0.00, '2025-04-26', NULL, 7, 13, 'store', 'delivered'),
(34, 5, 166, 0.00, '2025-04-26', NULL, 7, 13, 'store', 'delivered'),
(35, 12, 90, 0.00, '2025-04-26', NULL, 4, 28, 'store', 'delivered'),
(36, 17, 184, 0.00, '2025-04-26', NULL, 4, 28, 'store', 'delivered'),
(37, 4, 76, 0.00, '2025-04-26', NULL, 7, 13, 'store', 'delivered'),
(38, 4, 936, 3.44, '2025-04-26', 35, NULL, 7, 'warehouse', 'delivered'),
(39, 5, 166, 0.00, '2025-04-26', NULL, 7, 13, 'store', 'delivered'),
(40, 5, 1000, 10.84, '2025-04-26', 36, NULL, 7, 'warehouse', 'delivered'),
(41, 12, 90, 0.00, '2025-04-26', NULL, 4, 28, 'store', 'delivered'),
(42, 17, 184, 0.00, '2025-04-26', NULL, 4, 28, 'store', 'delivered'),
(43, 17, 1000, 8.76, '2025-04-26', 12, NULL, 4, 'warehouse', 'delivered'),
(44, 4, 76, 0.00, '2025-04-26', NULL, 7, 13, 'store', 'delivered'),
(45, 4, 936, 3.44, '2025-04-26', 35, NULL, 7, 'warehouse', 'delivered'),
(46, 5, 166, 0.00, '2025-04-26', NULL, 7, 13, 'store', 'delivered'),
(47, 5, 1000, 10.84, '2025-04-26', 36, NULL, 7, 'warehouse', 'delivered'),
(48, 12, 90, 0.00, '2025-04-26', NULL, 4, 28, 'store', 'delivered'),
(49, 17, 184, 0.00, '2025-04-26', NULL, 4, 28, 'store', 'delivered'),
(50, 17, 1000, 8.76, '2025-04-26', 12, NULL, 4, 'warehouse', 'delivered'),
(52, 4, 76, 0.00, '2025-04-26', NULL, 7, 13, 'store', 'delivered'),
(53, 4, 936, 3.44, '2025-04-26', 35, NULL, 7, 'warehouse', 'delivered'),
(54, 5, 166, 0.00, '2025-04-26', NULL, 7, 13, 'store', 'delivered'),
(55, 5, 1000, 10.84, '2025-04-26', 36, NULL, 7, 'warehouse', 'delivered'),
(56, 12, 90, 0.00, '2025-04-26', NULL, 4, 28, 'store', 'delivered'),
(57, 17, 184, 0.00, '2025-04-26', NULL, 4, 28, 'store', 'delivered'),
(58, 17, 1000, 8.76, '2025-04-26', 12, NULL, 4, 'warehouse', 'delivered'),
(59, 4, 76, 0.00, '2025-04-26', NULL, 7, 13, 'store', 'delivered'),
(60, 4, 936, 3.44, '2025-04-26', 35, NULL, 7, 'warehouse', 'delivered'),
(61, 5, 166, 0.00, '2025-04-26', NULL, 7, 13, 'store', 'delivered'),
(62, 5, 1000, 10.84, '2025-04-26', 36, NULL, 7, 'warehouse', 'delivered'),
(63, 12, 90, 0.00, '2025-04-26', NULL, 4, 28, 'store', 'delivered'),
(64, 17, 184, 0.00, '2025-04-26', NULL, 4, 28, 'store', 'delivered'),
(65, 17, 1000, 8.76, '2025-04-26', 12, NULL, 4, 'warehouse', 'delivered'),
(66, 4, 76, 0.00, '2025-04-26', NULL, 7, 13, 'store', 'delivered'),
(67, 4, 936, 3.44, '2025-04-26', 35, NULL, 7, 'warehouse', 'delivered'),
(68, 5, 166, 0.00, '2025-04-26', NULL, 7, 13, 'store', 'delivered'),
(69, 5, 1000, 10.84, '2025-04-26', 36, NULL, 7, 'warehouse', 'delivered'),
(70, 12, 90, 0.00, '2025-04-26', NULL, 4, 28, 'store', 'delivered'),
(71, 17, 184, 0.00, '2025-04-26', NULL, 4, 28, 'store', 'delivered'),
(72, 17, 1000, 8.76, '2025-04-26', 12, NULL, 4, 'warehouse', 'delivered'),
(73, 4, 76, 0.00, '2025-04-26', NULL, 7, 13, 'store', 'delivered'),
(74, 4, 936, 3.44, '2025-04-26', 35, NULL, 7, 'warehouse', 'delivered'),
(75, 5, 166, 0.00, '2025-04-26', NULL, 7, 13, 'store', 'delivered'),
(76, 5, 1000, 10.84, '2025-04-26', 36, NULL, 7, 'warehouse', 'delivered'),
(77, 12, 90, 0.00, '2025-04-26', NULL, 4, 28, 'store', 'delivered'),
(78, 17, 184, 0.00, '2025-04-26', NULL, 4, 28, 'store', 'delivered'),
(79, 17, 1000, 8.76, '2025-04-26', 12, NULL, 4, 'warehouse', 'delivered'),
(80, 4, 76, 0.00, '2025-04-26', NULL, 7, 13, 'store', 'delivered'),
(81, 4, 936, 3.44, '2025-04-26', 35, NULL, 7, 'warehouse', 'delivered'),
(82, 5, 166, 0.00, '2025-04-26', NULL, 7, 13, 'store', 'delivered'),
(83, 5, 1000, 10.84, '2025-04-26', 36, NULL, 7, 'warehouse', 'delivered'),
(84, 12, 90, 0.00, '2025-04-26', NULL, 4, 28, 'store', 'delivered'),
(85, 17, 184, 0.00, '2025-04-26', NULL, 4, 28, 'store', 'delivered'),
(86, 17, 1000, 8.76, '2025-04-26', 12, NULL, 4, 'warehouse', 'delivered'),
(88, 4, 76, 0.00, '2025-04-26', NULL, 7, 13, 'store', 'delivered'),
(89, 4, 936, 3.44, '2025-04-26', 35, NULL, 7, 'warehouse', 'delivered'),
(90, 5, 166, 0.00, '2025-04-26', NULL, 7, 13, 'store', 'delivered'),
(91, 5, 1000, 10.84, '2025-04-26', 36, NULL, 7, 'warehouse', 'delivered'),
(92, 12, 90, 0.00, '2025-04-26', NULL, 4, 28, 'store', 'delivered'),
(93, 17, 184, 0.00, '2025-04-26', NULL, 4, 28, 'store', 'delivered'),
(94, 17, 1000, 8.76, '2025-04-26', 12, NULL, 4, 'warehouse', 'delivered'),
(95, 3, 182, 0.00, '2025-04-26', NULL, 1, 1, 'store', 'delivered'),
(96, 53, 128, 0.00, '2025-04-26', NULL, 8, 35, 'store', 'delivered'),
(101, 4, 76, 0.00, '2025-04-27', NULL, 7, 13, 'store', 'delivered'),
(103, 5, 166, 0.00, '2025-04-27', NULL, 7, 13, 'store', 'delivered'),
(105, 12, 90, 0.00, '2025-04-27', NULL, 4, 28, 'store', 'delivered'),
(106, 17, 184, 0.00, '2025-04-27', NULL, 4, 28, 'store', 'delivered'),
(111, 4, 76, 0.00, '2025-04-27', NULL, 7, 13, 'store', 'delivered'),
(122, 4, 936, 3.44, '2025-04-27', 35, NULL, 7, 'warehouse', 'delivered'),
(123, 4, 76, 0.00, '2025-04-27', NULL, 7, 13, 'store', 'delivered'),
(124, 5, 1000, 10.84, '2025-04-27', 36, NULL, 7, 'warehouse', 'delivered'),
(125, 17, 1000, 8.76, '2025-04-27', 12, NULL, 4, 'warehouse', 'delivered'),
(126, 4, 936, 3.44, '2025-04-27', 35, NULL, 7, 'warehouse', 'delivered'),
(127, 4, 76, 0.00, '2025-04-27', NULL, 7, 13, 'store', 'delivered'),
(128, 5, 1000, 10.84, '2025-04-27', 36, NULL, 7, 'warehouse', 'delivered'),
(129, 17, 1000, 8.76, '2025-04-27', 12, NULL, 4, 'warehouse', 'delivered'),
(130, 4, 76, 0.00, '2025-04-27', NULL, 7, 13, 'store', 'delivered'),
(131, 4, 936, 3.44, '2025-04-27', 35, NULL, 7, 'warehouse', 'delivered'),
(132, 5, 1000, 10.84, '2025-04-27', 36, NULL, 7, 'warehouse', 'delivered'),
(133, 17, 1000, 8.76, '2025-04-27', 12, NULL, 4, 'warehouse', 'delivered'),
(134, 3, 182, 0.00, '2025-04-27', NULL, 1, 1, 'store', 'delivered'),
(135, 53, 128, 0.00, '2025-04-27', NULL, 8, 35, 'store', 'delivered'),
(137, 4, 76, 0.00, '2025-04-27', NULL, 7, 13, 'store', 'delivered'),
(138, 4, 936, 3.44, '2025-04-27', 35, NULL, 7, 'warehouse', 'delivered'),
(139, 5, 1000, 10.84, '2025-04-27', 36, NULL, 7, 'warehouse', 'delivered'),
(140, 17, 1000, 8.76, '2025-04-27', 12, NULL, 4, 'warehouse', 'delivered'),
(141, 4, 76, 0.00, '2025-04-27', NULL, 7, 13, 'store', 'delivered'),
(143, 5, 166, 0.00, '2025-04-27', NULL, 7, 13, 'store', 'delivered'),
(149, 4, 76, 0.00, '2025-04-27', NULL, 7, 13, 'store', 'delivered'),
(150, 4, 936, 3.44, '2025-04-27', 35, NULL, 7, 'warehouse', 'delivered'),
(151, 5, 1000, 10.84, '2025-04-27', 36, NULL, 7, 'warehouse', 'delivered'),
(152, 17, 1000, 8.76, '2025-04-27', 12, NULL, 4, 'warehouse', 'delivered'),
(153, 4, 76, 0.00, '2025-04-27', NULL, 7, 13, 'store', 'delivered'),
(154, 4, 936, 3.44, '2025-04-27', 35, NULL, 7, 'warehouse', 'delivered'),
(155, 5, 1000, 10.84, '2025-04-27', 36, NULL, 7, 'warehouse', 'delivered'),
(156, 17, 1000, 8.76, '2025-04-27', 12, NULL, 4, 'warehouse', 'delivered'),
(157, 4, 76, 0.00, '2025-04-27', NULL, 7, 13, 'store', 'delivered'),
(158, 4, 936, 3.44, '2025-04-27', 35, NULL, 7, 'warehouse', 'delivered'),
(159, 5, 1000, 10.84, '2025-04-27', 36, NULL, 7, 'warehouse', 'delivered'),
(160, 17, 1000, 8.76, '2025-04-27', 12, NULL, 4, 'warehouse', 'delivered'),
(161, 4, 76, 0.00, '2025-04-27', NULL, 7, 13, 'store', 'delivered'),
(162, 4, 936, 3.44, '2025-04-27', 35, NULL, 7, 'warehouse', 'delivered'),
(163, 5, 1000, 10.84, '2025-04-27', 36, NULL, 7, 'warehouse', 'delivered'),
(164, 17, 1000, 8.76, '2025-04-27', 12, NULL, 4, 'warehouse', 'delivered'),
(165, 4, 76, 0.00, '2025-04-27', NULL, 7, 13, 'store', 'delivered'),
(166, 4, 936, 3.44, '2025-04-27', 35, NULL, 7, 'warehouse', 'delivered'),
(167, 5, 1000, 10.84, '2025-04-27', 36, NULL, 7, 'warehouse', 'delivered'),
(168, 17, 1000, 8.76, '2025-04-27', 12, NULL, 4, 'warehouse', 'delivered'),
(169, 4, 76, 0.00, '2025-04-27', NULL, 7, 13, 'store', 'delivered'),
(170, 4, 936, 3.44, '2025-04-27', 35, NULL, 7, 'warehouse', 'delivered'),
(171, 5, 1000, 10.84, '2025-04-27', 36, NULL, 7, 'warehouse', 'delivered'),
(172, 17, 1000, 8.76, '2025-04-27', 12, NULL, 4, 'warehouse', 'delivered'),
(173, 4, 76, 0.00, '2025-04-27', NULL, 7, 13, 'store', 'delivered'),
(174, 4, 936, 3.44, '2025-04-27', 35, NULL, 7, 'warehouse', 'delivered'),
(175, 5, 1000, 10.84, '2025-04-27', 36, NULL, 7, 'warehouse', 'delivered'),
(176, 17, 1000, 8.76, '2025-04-27', 12, NULL, 4, 'warehouse', 'delivered'),
(177, 4, 76, 0.00, '2025-04-27', NULL, 7, 13, 'store', 'delivered'),
(178, 4, 936, 3.44, '2025-04-27', 35, NULL, 7, 'warehouse', 'delivered'),
(179, 5, 1000, 10.84, '2025-04-27', 36, NULL, 7, 'warehouse', 'delivered'),
(180, 17, 1000, 8.76, '2025-04-27', 12, NULL, 4, 'warehouse', 'delivered'),
(181, 4, 76, 0.00, '2025-04-27', NULL, 7, 13, 'store', 'delivered'),
(182, 4, 936, 3.44, '2025-04-27', 35, NULL, 7, 'warehouse', 'delivered'),
(183, 5, 166, 0.00, '2025-04-27', NULL, 7, 13, 'store', 'delivered'),
(184, 5, 1000, 10.84, '2025-04-27', 36, NULL, 7, 'warehouse', 'delivered'),
(185, 17, 1000, 8.76, '2025-04-27', 12, NULL, 4, 'warehouse', 'delivered'),
(186, 4, 76, 0.00, '2025-04-27', NULL, 7, 13, 'store', 'delivered'),
(187, 4, 936, 3.44, '2025-04-27', 35, NULL, 7, 'warehouse', 'delivered'),
(188, 5, 166, 0.00, '2025-04-27', NULL, 7, 13, 'store', 'delivered'),
(189, 5, 1000, 10.84, '2025-04-27', 36, NULL, 7, 'warehouse', 'delivered'),
(190, 17, 1000, 8.76, '2025-04-27', 12, NULL, 4, 'warehouse', 'delivered'),
(191, 4, 76, 0.00, '2025-04-27', NULL, 7, 13, 'store', 'delivered'),
(192, 4, 936, 3.44, '2025-04-27', 35, NULL, 7, 'warehouse', 'delivered'),
(193, 5, 166, 0.00, '2025-04-27', NULL, 7, 13, 'store', 'delivered'),
(194, 5, 1000, 10.84, '2025-04-27', 36, NULL, 7, 'warehouse', 'delivered'),
(195, 17, 1000, 8.76, '2025-04-27', 12, NULL, 4, 'warehouse', 'delivered'),
(196, 4, 76, 0.00, '2025-04-27', NULL, 7, 13, 'store', 'delivered'),
(197, 4, 936, 3.44, '2025-04-27', 35, NULL, 7, 'warehouse', 'delivered'),
(198, 5, 166, 0.00, '2025-04-27', NULL, 7, 13, 'store', 'delivered'),
(199, 5, 1000, 10.84, '2025-04-27', 36, NULL, 7, 'warehouse', 'delivered'),
(200, 17, 1000, 8.76, '2025-04-27', 12, NULL, 4, 'warehouse', 'delivered'),
(201, 4, 76, 0.00, '2025-04-27', NULL, 7, 13, 'store', 'delivered'),
(202, 4, 936, 3.44, '2025-04-27', 35, NULL, 7, 'warehouse', 'delivered'),
(203, 5, 166, 0.00, '2025-04-27', NULL, 7, 13, 'store', 'delivered'),
(204, 5, 1000, 10.84, '2025-04-27', 36, NULL, 7, 'warehouse', 'delivered'),
(205, 17, 1000, 8.76, '2025-04-27', 12, NULL, 4, 'warehouse', 'delivered'),
(206, 4, 76, 0.00, '2025-04-27', NULL, 7, 13, 'store', 'delivered'),
(207, 4, 936, 3.44, '2025-04-27', 35, NULL, 7, 'warehouse', 'delivered'),
(208, 5, 166, 0.00, '2025-04-27', NULL, 7, 13, 'store', 'delivered'),
(209, 5, 1000, 10.84, '2025-04-27', 36, NULL, 7, 'warehouse', 'delivered'),
(210, 17, 1000, 8.76, '2025-04-27', 12, NULL, 4, 'warehouse', 'delivered'),
(211, 4, 76, 0.00, '2025-04-27', NULL, 7, 13, 'store', 'delivered'),
(212, 4, 936, 3.44, '2025-04-27', 35, NULL, 7, 'warehouse', 'delivered'),
(213, 5, 166, 0.00, '2025-04-27', NULL, 7, 13, 'store', 'delivered'),
(214, 5, 1000, 10.84, '2025-04-27', 36, NULL, 7, 'warehouse', 'delivered'),
(215, 17, 1000, 8.76, '2025-04-27', 12, NULL, 4, 'warehouse', 'delivered'),
(216, 4, 76, 0.00, '2025-04-27', NULL, 7, 13, 'store', 'delivered'),
(217, 4, 936, 3.44, '2025-04-27', 35, NULL, 7, 'warehouse', 'delivered'),
(218, 5, 166, 0.00, '2025-04-27', NULL, 7, 13, 'store', 'delivered'),
(219, 5, 1000, 10.84, '2025-04-27', 36, NULL, 7, 'warehouse', 'delivered'),
(220, 17, 1000, 8.76, '2025-04-27', 12, NULL, 4, 'warehouse', 'delivered'),
(221, 4, 76, 0.00, '2025-04-27', NULL, 7, 13, 'store', 'delivered'),
(222, 4, 936, 3.44, '2025-04-27', 35, NULL, 7, 'warehouse', 'delivered'),
(223, 5, 166, 0.00, '2025-04-27', NULL, 7, 13, 'store', 'delivered'),
(224, 5, 1000, 10.84, '2025-04-27', 36, NULL, 7, 'warehouse', 'delivered'),
(225, 17, 1000, 8.76, '2025-04-27', 12, NULL, 4, 'warehouse', 'delivered'),
(226, 4, 76, 0.00, '2025-04-27', NULL, 7, 13, 'store', 'delivered'),
(227, 4, 936, 3.44, '2025-04-27', 35, NULL, 7, 'warehouse', 'delivered'),
(228, 5, 166, 0.00, '2025-04-27', NULL, 7, 13, 'store', 'delivered'),
(229, 5, 1000, 10.84, '2025-04-27', 36, NULL, 7, 'warehouse', 'delivered'),
(230, 17, 1000, 8.76, '2025-04-27', 12, NULL, 4, 'warehouse', 'delivered'),
(231, 3, 182, 0.00, '2025-04-27', NULL, 1, 1, 'store', 'delivered'),
(232, 53, 128, 0.00, '2025-04-27', NULL, 8, 35, 'store', 'delivered'),
(233, 3, 182, 0.00, '2025-04-27', NULL, 1, 1, 'store', 'delivered'),
(234, 53, 128, 0.00, '2025-04-27', NULL, 8, 35, 'store', 'delivered'),
(235, 3, 182, 0.00, '2025-04-27', NULL, 1, 1, 'store', 'delivered'),
(236, 53, 128, 0.00, '2025-04-27', NULL, 8, 35, 'store', 'delivered'),
(237, 3, 182, 0.00, '2025-04-27', NULL, 1, 1, 'store', 'delivered'),
(238, 53, 128, 0.00, '2025-04-27', NULL, 8, 35, 'store', 'delivered'),
(239, 3, 182, 0.00, '2025-04-27', NULL, 1, 1, 'store', 'delivered'),
(240, 53, 128, 0.00, '2025-04-27', NULL, 8, 35, 'store', 'delivered'),
(241, 13, 12, 0.99, '2025-04-27', 19, NULL, 4, 'warehouse', 'delivered'),
(242, 3, 12, 1.16, '2025-04-27', 34, NULL, 1, 'warehouse', 'delivered'),
(243, 53, 12, 7.07, '2025-04-27', 28, NULL, 8, 'warehouse', 'delivered'),
(244, 3, 12, 1.16, '2025-04-27', 34, NULL, 1, 'warehouse', 'delivered'),
(245, 53, 12, 7.07, '2025-04-27', 28, NULL, 8, 'warehouse', 'delivered'),
(246, 3, 972, 1.16, '2025-04-27', 34, NULL, 1, 'warehouse', 'delivered'),
(247, 53, 736, 7.07, '2025-04-27', 28, NULL, 8, 'warehouse', 'delivered'),
(248, 14, 780, 11.56, '2025-04-28', 4, NULL, 4, 'warehouse', 'confirmed'),
(249, 13, 780, 0.99, '2025-04-28', 19, NULL, 4, 'warehouse', 'confirmed'),
(250, 12, 780, 1.71, '2025-04-28', 30, NULL, 4, 'warehouse', 'confirmed'),
(251, 11, 780, 3.91, '2025-04-28', 25, NULL, 4, 'warehouse', 'confirmed'),
(252, 16, 948, 9.79, '2025-04-28', 17, NULL, 4, 'warehouse', 'confirmed'),
(253, 3, 972, 1.16, '2025-04-28', 34, NULL, 1, 'warehouse', 'confirmed'),
(254, 53, 736, 7.07, '2025-04-28', 28, NULL, 8, 'warehouse', 'confirmed'),
(255, 3, 972, 1.16, '2025-04-28', 34, NULL, 1, 'warehouse', 'confirmed'),
(256, 53, 736, 7.07, '2025-04-28', 28, NULL, 8, 'warehouse', 'confirmed'),
(257, 3, 972, 1.16, '2025-04-28', 34, NULL, 1, 'warehouse', 'confirmed'),
(258, 53, 736, 7.07, '2025-04-28', 28, NULL, 8, 'warehouse', 'confirmed'),
(259, 3, 182, 0.00, '2025-04-28', NULL, 1, 1, 'store', 'confirmed'),
(260, 3, 182, 0.00, '2025-04-28', NULL, 1, 1, 'store', 'confirmed'),
(261, 3, 182, 0.00, '2025-04-28', NULL, 1, 1, 'store', 'confirmed'),
(262, 3, 182, 0.00, '2025-04-28', NULL, 1, 1, 'store', 'confirmed'),
(263, 3, 182, 0.00, '2025-04-28', NULL, 1, 1, 'store', 'confirmed'),
(264, 3, 182, 0.00, '2025-04-28', NULL, 1, 1, 'store', 'confirmed'),
(265, 3, 182, 0.00, '2025-04-28', NULL, 1, 1, 'store', 'confirmed'),
(266, 3, 182, 0.00, '2025-04-28', NULL, 1, 1, 'store', 'confirmed'),
(267, 3, 182, 0.00, '2025-04-28', NULL, 1, 1, 'store', 'confirmed'),
(268, 3, 182, 0.00, '2025-04-28', NULL, 1, 1, 'store', 'confirmed'),
(269, 3, 182, 0.00, '2025-04-28', NULL, 1, 1, 'store', 'confirmed'),
(270, 3, 182, 0.00, '2025-04-28', NULL, 1, 1, 'store', 'confirmed'),
(271, 3, 182, 0.00, '2025-04-28', NULL, 1, 1, 'store', 'confirmed'),
(272, 3, 182, 0.00, '2025-04-28', NULL, 1, 1, 'store', 'confirmed'),
(273, 53, 128, 0.00, '2025-04-28', NULL, 8, 35, 'store', 'confirmed'),
(274, 14, 780, 11.56, '2025-04-28', 4, NULL, 4, 'warehouse', 'confirmed'),
(275, 13, 780, 0.99, '2025-04-28', 19, NULL, 4, 'warehouse', 'confirmed'),
(276, 12, 780, 1.71, '2025-04-28', 30, NULL, 4, 'warehouse', 'confirmed'),
(277, 11, 780, 3.91, '2025-04-28', 25, NULL, 4, 'warehouse', 'confirmed'),
(278, 16, 948, 9.79, '2025-04-28', 17, NULL, 4, 'warehouse', 'confirmed'),
(279, 4, 144, 0.00, '2025-04-28', NULL, 5, 9, 'store', 'confirmed'),
(280, 8, 92, 0.00, '2025-04-28', NULL, 2, 23, 'store', 'confirmed'),
(281, 8, 880, 3.36, '2025-04-28', 19, NULL, 2, 'warehouse', 'confirmed');

-- --------------------------------------------------------

--
-- Δομή πίνακα για τον πίνακα `products`
--

CREATE TABLE `products` (
  `product_id` int(11) NOT NULL,
  `name` varchar(100) NOT NULL,
  `type` varchar(50) DEFAULT NULL,
  `manufacturer` varchar(100) DEFAULT NULL,
  `price` decimal(10,2) NOT NULL,
  `photo_source` text DEFAULT NULL,
  `new_prod` tinyint(1) NOT NULL DEFAULT 0
) ENGINE=InnoDB DEFAULT CHARSET=utf8mb4 COLLATE=utf8mb4_general_ci;

--
-- Άδειασμα δεδομένων του πίνακα `products`
--

INSERT INTO `products` (`product_id`, `name`, `type`, `manufacturer`, `price`, `photo_source`, `new_prod`) VALUES
(1, 'Milk', 'Dairy', 'BrandA', 1.99, 'images/thumb-milk.png', 0),
(2, 'Bread', 'Bakery', 'BrandB', 2.49, 'images/thumb-milk.png', 0),
(3, 'Butter', 'Dairy', 'BrandC', 2.49, 'images/thumb-milk.png', 0),
(4, 'Eggs', 'Dairy', 'FarmFresh', 0.59, 'images/thumb-milk.png', 0),
(5, 'Chicken Breast', 'Meat', 'FreshMeat', 4.99, 'images/thumb-milk.png', 0),
(6, 'Ground Beef', 'Meat', 'FreshMeat', 4.99, 'images/thumb-milk.png', 0),
(7, 'Apple', 'Fruit', 'LocalFarm', 0.99, 'images/thumb-milk.png', 0),
(8, 'Banana', 'Fruit', 'FreshFarm', 0.59, 'images/thumb-bananas.png', 0),
(9, 'Orange Juice', 'Drinks', 'PureO', 3.49, 'images/thumb-orange-juice.png', 0),
(10, 'Cola', 'Drinks', 'SodaCo', 1.49, 'images/thumb-milk.png', 0),
(11, 'Rice', 'Grains', 'BrandD', 1.69, 'images/thumb-milk.png', 0),
(12, 'Pasta', 'Grains', 'BrandE', 1.29, 'images/thumb-milk.png', 0),
(13, 'Heinz Ketchup', 'Sauces', 'Heinz', 4.99, 'images/thumb-tomatoketchup.png', 0),
(14, 'Canned Tuna', 'Canned Goods', 'OceanFresh', 1.89, 'images/thumb-milk.png', 0),
(15, 'Toilet Paper', 'Household', 'CleanHome', 5.99, 'images/thumb-milk.png', 0),
(16, 'Shampoo', 'Personal Care', 'FreshLocks', 4.49, 'images/thumb-milk.png', 0),
(17, 'Toothpaste', 'Personal Care', 'BrightSmile', 3.44, 'images/thumb-milk.png', 0),
(18, 'Washing Powder', 'Household', 'CleanWiz', 6.99, 'images/thumb-milk.png', 0),
(19, 'Frozen Pizza', 'Frozen Food', 'HotBites', 4.99, 'images/thumb-milk.png', 1),
(20, 'Ice Cream', 'Frozen Food', 'SweetTreats', 3.49, 'images/thumb-milk.png', 0),
(21, 'Potato Chips', 'Snacks', 'SackMaster', 1.79, 'images/thumb-milk.png', 0),
(22, 'Chocolate Bar', 'Snacks', 'ChocoDelights', 1.29, 'images/thumb-milk.png', 0),
(23, 'Soda', 'Drinks', 'RefreshCo', 1.19, 'images/thumb-milk.png', 0),
(24, 'Beer', 'Drinks', 'BrewMasters', 4.99, 'images/thumb-milk.png', 0),
(25, 'Wine', 'Drinks', 'FineVines', 9.99, 'images/thumb-milk.png', 0),
(26, 'Soap', 'Household', 'CleanBar', 2.49, 'images/thumb-milk.png', 0),
(27, 'Dishwasher Tablets', 'Household', 'CleanWiz', 7.49, 'images/thumb-milk.png', 0),
(28, 'Bleach', 'Household', 'PureClean', 3.29, 'images/thumb-milk.png', 0),
(29, 'Baby Diapers', 'Baby Care', 'BabySoft', 6.99, 'images/thumb-milk.png', 0),
(30, 'Baby Wipes', 'Baby Care', 'PureBaby', 4.49, 'images/thumb-milk.png', 0),
(31, 'Hand Sanitizer', 'Personal Care', 'HealthGuard', 2.99, 'images/thumb-milk.png', 0),
(32, 'Face Cream', 'Personal Care', 'SkinGlow', 5.29, 'images/thumb-milk.png', 0),
(33, 'Hair Conditioner', 'Personal Care', 'FreshLocks', 4.69, 'images/thumb-milk.png', 0),
(34, 'Deodorant', 'Personal Care', 'FreshScent', 3.99, 'images/thumb-milk.png', 0),
(35, 'Coffee Beans', 'Drinks', 'BrewPerfect', 5.99, 'images/thumb-milk.png', 0),
(36, 'Instant Noodles', 'Canned Goods', 'NoodleKing', 0.99, 'images/thumb-milk.png', 0),
(37, 'Sweet Corn', 'Canned Goods', 'FarmFresh', 1.49, 'images/thumb-milk.png', 0),
(38, 'Canned Beans', 'Canned Goods', 'BrandF', 1.29, 'images/thumb-milk.png', 0),
(39, 'Frozen Vegetables', 'Frozen Food', 'VeggieDelight', 3.79, 'images/thumb-milk.png', 0),
(40, 'Frozen Fries', 'Frozen Food', 'FryMaster', 2.99, 'images/thumb-milk.png', 0),
(41, 'Frozen Chicken Wings', 'Frozen Food', 'WingWorld', 5.49, 'images/thumb-milk.png', 0),
(42, 'Hot Sauce', 'Sauces', 'SpicyDelight', 1.99, 'images/thumb-milk.png', 0),
(43, 'Olive Oil', 'Oils & Vinegars', 'OliveGold', 6.99, 'images/thumb-milk.png', 0),
(44, 'Vinegar', 'Oils & Vinegars', 'PureVinegar', 2.49, 'images/thumb-milk.png', 0),
(45, 'Salt', 'Spices', 'PureSalt', 0.99, 'images/thumb-milk.png', 0),
(46, 'Pepper', 'Spices', 'SpiceCo', 1.29, 'images/thumb-milk.png', 0),
(47, 'Garlic Powder', 'Spices', 'SpiceMaster', 2.49, 'images/thumb-milk.png', 0),
(48, 'Ginger', 'Spices', 'FreshRoots', 3.19, 'images/thumb-milk.png', 0),
(49, 'Almonds', 'Snacks', 'NutHouse', 4.99, 'images/thumb-milk.png', 0),
(50, 'Cashews', 'Snacks', 'NutHouse', 5.49, 'images/thumb-milk.png', 0),
(51, 'Granola Bars', 'Snacks', 'NatureBites', 2.99, 'images/thumb-milk.png', 0),
(52, 'Frozen Shrimp', 'Frozen Food', 'OceanHarvest', 7.49, 'images/thumb-milk.png', 0),
(53, 'Frozen Salmon', 'Frozen Food', 'OceanDelight', 8.99, 'images/thumb-milk.png', 0),
(54, 'Frozen Vegetables Mix', 'Frozen Food', 'VeggieDelight', 3.29, 'images/thumb-milk.png', 0),
(55, 'Cereal', 'Breakfast Foods', 'BrandG', 3.99, 'images/thumb-milk.png', 0),
(56, 'Oatmeal', 'Breakfast Foods', 'HealthyOats', 2.99, 'images/thumb-milk.png', 0),
(57, 'Pancake Mix', 'Breakfast Foods', 'BrandH', 2.49, 'images/thumb-milk.png', 0),
(58, 'Maple Syrup', 'Breakfast Foods', 'SweetDrizzle', 4.99, 'images/thumb-milk.png', 1),
(59, 'Honey', 'Sweeteners', 'Nature\'sBest', 5.49, 'images/thumb-milk.png', 1),
(60, 'Peanut Butter', 'Snacks', 'NuttyDelights', 3.69, 'images/thumb-milk.png', 1),
(61, 'Jam', 'Spreads', 'BerryGood', 2.79, 'images/thumb-milk.png', 1);

-- --------------------------------------------------------

--
-- Δομή πίνακα για τον πίνακα `stores`
--

CREATE TABLE `stores` (
  `store_id` int(11) NOT NULL,
  `name` varchar(100) NOT NULL,
  `address` varchar(255) NOT NULL,
  `warehouse_id` int(11) DEFAULT NULL
) ENGINE=InnoDB DEFAULT CHARSET=utf8mb4 COLLATE=utf8mb4_general_ci;

--
-- Άδειασμα δεδομένων του πίνακα `stores`
--

INSERT INTO `stores` (`store_id`, `name`, `address`, `warehouse_id`) VALUES
(1, 'Heraklion Port Store', 'Λιμάνι Ηρακλείου, Ηράκλειο, Κρήτη', 1),
(2, 'Talimpa Store', 'Οδός Τάλου 17, Ηράκλειο, Κρήτη', 1),
(3, 'Ariadnis Store', 'Οδός Αριάδνης 22, Ηράκλειο, Κρήτη', 2),
(4, 'Vikela Store', 'Οδός Βικέλα 35, Ηράκλειο, Κρήτη', 2),
(5, 'Gazi Store', 'Οδός Γαζίου 12, Γάζι, Ηράκλειο, Κρήτη', 3),
(6, 'Koules Store', 'Παραλιακή Λεωφόρος, Κούλες, Ηράκλειο, Κρήτη', 3),
(7, 'Messaras Avenue Store', 'Λεωφόρος Μεσσαράς 102, Ηράκλειο, Κρήτη', 4),
(8, 'Evans Street Store', 'Οδός Έβανς 9, Ηράκλειο, Κρήτη', 4),
(9, 'Pagalou Store', 'Οδός Παγκαλου 5, Ηράκλειο, Κρήτη', 5),
(10, 'Nea Alikarnassos Market', 'Αγορά Νέας Αλικαρνασσού, Ηράκλειο, Κρήτη', 5),
(11, 'Sofiannou Store', 'Οδός Σοφιανού 11, Ηράκλειο, Κρήτη', 6),
(12, 'Georgiadou Store', 'Οδός Γεωργιάδου 14, Ηράκλειο, Κρήτη', 6),
(13, 'Xeropotamou Store', 'Οδός Ξεροπόταμου 7, Ηράκλειο, Κρήτη', 7),
(14, 'Kalokairinou Street Store', 'Οδός Καλοκαιρινού 90, Ηράκλειο, Κρήτη', 7),
(15, 'Manou Street Store', 'Οδός Μάνου 18, Ηράκλειο, Κρήτη', 8),
(16, 'Kornarou Square Store', 'Πλατεία Κορνάρου 1, Ηράκλειο, Κρήτη', 8),
(17, 'Analipsi Store', 'Οδός Αναλήψεως 16, Ηράκλειο, Κρήτη', 9),
(18, 'Platanos Store', 'Οδός Πλάτανου 8, Ηράκλειο, Κρήτη', 9),
(19, 'Agios Ioannis Store', 'Οδός Αγίου Ιωάννη 21, Ηράκλειο, Κρήτη', 10),
(20, 'Katsamba Store', 'Οδός Κατσαμπά 3, Ηράκλειο, Κρήτη', 10),
(21, 'Heraklion Central Store', 'Οδός Δαιδάλου 12, Ηράκλειο, Κρήτη', 1),
(22, 'Market Square Store', 'Οδός Αβέρωφ 5, Ηράκλειο, Κρήτη', 1),
(23, 'Marinou Antypa Store', 'Οδός Μαρίνου Αντύπα 18, Ηράκλειο, Κρήτη', 2),
(24, 'Knossos Avenue Store', 'Λεωφόρος Κνωσού 150, Ηράκλειο, Κρήτη', 2),
(25, 'Technology Hub Store', 'Οδός Σαχίνη 10, Ηράκλειο, Κρήτη', 3),
(26, 'Venizelou Retail', 'Οδός Σοφοκλή Βενιζέλου 33, Ηράκλειο, Κρήτη', 3),
(27, 'Pananio Store', 'Οδός Π. Παναγιάς 4, Ηράκλειο, Κρήτη', 4),
(28, 'Eleftherias Plaza Store', 'Πλατεία Ελευθερίας 1, Ηράκλειο, Κρήτη', 4),
(29, 'West Heraklion Store', 'Οδός Μάχης Κρήτης 22, Ηράκλειο, Κρήτη', 5),
(30, 'East Heraklion Store', 'Οδός Ανατολής 19, Ηράκλειο, Κρήτη', 5),
(31, 'Lions Square Store', 'Πλατεία Λιονταριών 7, Ηράκλειο, Κρήτη', 6),
(32, 'Retail Park Store', 'Εμπορικό Κέντρο Talos Plaza, Ηράκλειο, Κρήτη', 6),
(33, 'Chalepa Store', 'Οδός Χαλέπας 8, Ηράκλειο, Κρήτη', 7),
(34, 'Karteros Store', 'Οδός Καρτερού 10, Ηράκλειο, Κρήτη', 7),
(35, 'Airport Road Store', 'Λεωφόρος Ικάρου 88, Ηράκλειο, Κρήτη', 8),
(36, 'Industrial Area Store', 'Βιομηχανική Περιοχή Ηρακλείου, Ηράκλειο, Κρήτη', 8),
(37, 'Therissos Store', 'Οδός Θερίσσου 25, Ηράκλειο, Κρήτη', 9),
(38, 'Mastabas Store', 'Οδός Μασταμπά 14, Ηράκλειο, Κρήτη', 9),
(39, 'Amoudara Store', 'Λεωφόρος Ανδρέα Παπανδρέου 95, Ηράκλειο, Κρήτη', 10),
(40, 'Nea Alikarnassos Store', 'Οδός Δημοκρατίας 101, Νέα Αλικαρνασσός, Ηράκλειο, Κρήτη', 10);

-- --------------------------------------------------------

--
-- Δομή πίνακα για τον πίνακα `store_inventory`
--

CREATE TABLE `store_inventory` (
  `store_id` int(11) NOT NULL,
  `product_id` int(11) NOT NULL,
  `quantity` int(11) NOT NULL,
  `minimum_stock` int(11) NOT NULL
) ENGINE=InnoDB DEFAULT CHARSET=utf8mb4 COLLATE=utf8mb4_general_ci;

--
-- Άδειασμα δεδομένων του πίνακα `store_inventory`
--

INSERT INTO `store_inventory` (`store_id`, `product_id`, `quantity`, `minimum_stock`) VALUES
(1, 1, 208, 92),
(1, 3, 175, 91),
(1, 4, 110, 54),
(1, 5, 187, 41),
(1, 7, 146, 18),
(1, 8, 132, 47),
(1, 9, 84, 43),
(1, 10, 145, 66),
(1, 11, 91, 77),
(1, 12, 165, 49),
(1, 15, 102, 56),
(1, 16, 210, 57),
(1, 18, 218, 90),
(1, 19, 54, 52),
(1, 20, 185, 40),
(1, 21, 119, 61),
(1, 22, 167, 13),
(1, 23, 167, 55),
(1, 24, 143, 24),
(1, 25, 53, 42),
(1, 26, 87, 47),
(1, 27, 187, 73),
(1, 28, 41, 60),
(1, 29, 161, 25),
(1, 31, 66, 75),
(1, 32, 149, 72),
(1, 33, 72, 15),
(1, 35, 87, 91),
(1, 36, 21, 17),
(1, 38, 49, 50),
(1, 39, 61, 24),
(1, 40, 135, 71),
(1, 41, 89, 31),
(1, 42, 205, 12),
(1, 43, 99, 92),
(1, 46, 206, 74),
(1, 48, 87, 100),
(1, 49, 101, 82),
(1, 50, 214, 75),
(1, 51, 139, 73),
(1, 53, 167, 70),
(1, 54, 183, 91),
(1, 55, 130, 12),
(1, 56, 125, 20),
(1, 57, 132, 69),
(1, 59, 54, 28),
(1, 61, 138, 29),
(2, 1, 23, 15),
(2, 2, 96, 92),
(2, 3, 179, 100),
(2, 4, 126, 18),
(2, 5, 179, 63),
(2, 7, 60, 26),
(2, 9, 58, 41),
(2, 11, 62, 87),
(2, 12, 110, 90),
(2, 13, 54, 33),
(2, 14, 52, 71),
(2, 15, 59, 11),
(2, 16, 129, 64),
(2, 17, 72, 78),
(2, 18, 101, 65),
(2, 20, 212, 70),
(2, 21, 49, 96),
(2, 22, 90, 42),
(2, 23, 31, 45),
(2, 24, 23, 14),
(2, 25, 155, 37),
(2, 26, 33, 38),
(2, 27, 136, 79),
(2, 29, 138, 41),
(2, 30, 192, 46),
(2, 31, 93, 69),
(2, 33, 213, 74),
(2, 34, 73, 31),
(2, 35, 172, 27),
(2, 39, 110, 19),
(2, 40, 54, 96),
(2, 41, 183, 86),
(2, 42, 214, 38),
(2, 43, 63, 75),
(2, 44, 28, 42),
(2, 45, 171, 40),
(2, 46, 126, 43),
(2, 47, 28, 37),
(2, 48, 43, 33),
(2, 49, 36, 54),
(2, 50, 208, 93),
(2, 52, 144, 36),
(2, 53, 132, 23),
(2, 54, 159, 48),
(2, 55, 185, 89),
(2, 57, 60, 23),
(2, 58, 154, 63),
(2, 59, 167, 98),
(2, 60, 113, 88),
(3, 1, 101, 66),
(3, 2, 113, 40),
(3, 3, 193, 21),
(3, 4, 167, 32),
(3, 6, 211, 46),
(3, 7, 139, 30),
(3, 8, 215, 91),
(3, 9, 197, 13),
(3, 10, 179, 83),
(3, 11, 21, 40),
(3, 12, 174, 63),
(3, 13, 123, 49),
(3, 14, 90, 98),
(3, 15, 113, 98),
(3, 16, 139, 14),
(3, 17, 54, 97),
(3, 18, 149, 70),
(3, 20, 126, 20),
(3, 21, 164, 89),
(3, 23, 139, 97),
(3, 24, 119, 51),
(3, 25, 75, 25),
(3, 26, 204, 12),
(3, 28, 22, 32),
(3, 29, 114, 15),
(3, 32, 99, 58),
(3, 33, 151, 90),
(3, 34, 174, 44),
(3, 35, 87, 59),
(3, 36, 49, 27),
(3, 37, 18, 18),
(3, 38, 191, 88),
(3, 39, 19, 34),
(3, 40, 111, 98),
(3, 41, 162, 38),
(3, 42, 162, 81),
(3, 45, 25, 50),
(3, 46, 66, 66),
(3, 47, 208, 52),
(3, 48, 21, 24),
(3, 49, 60, 88),
(3, 51, 15, 19),
(3, 52, 63, 85),
(3, 54, 98, 82),
(3, 55, 192, 32),
(3, 56, 44, 19),
(3, 58, 154, 79),
(3, 59, 144, 13),
(3, 60, 45, 45),
(3, 61, 207, 81),
(4, 1, 45, 35),
(4, 2, 59, 57),
(4, 3, 211, 64),
(4, 4, 47, 77),
(4, 5, 175, 95),
(4, 6, 167, 21),
(4, 8, 162, 80),
(4, 9, 210, 56),
(4, 10, 149, 79),
(4, 11, 76, 52),
(4, 12, 99, 55),
(4, 13, 31, 61),
(4, 14, 54, 97),
(4, 16, 205, 95),
(4, 17, 213, 41),
(4, 19, 11, 18),
(4, 20, 27, 11),
(4, 22, 171, 89),
(4, 25, 170, 94),
(4, 26, 69, 46),
(4, 27, 167, 96),
(4, 28, 100, 21),
(4, 29, 73, 50),
(4, 30, 17, 15),
(4, 31, 117, 41),
(4, 32, 132, 33),
(4, 33, 66, 58),
(4, 34, 175, 41),
(4, 35, 75, 74),
(4, 36, 188, 56),
(4, 37, 72, 93),
(4, 38, 126, 40),
(4, 39, 17, 23),
(4, 40, 153, 71),
(4, 41, 203, 77),
(4, 42, 81, 56),
(4, 43, 189, 51),
(4, 45, 212, 67),
(4, 48, 35, 24),
(4, 49, 138, 32),
(4, 50, 132, 30),
(4, 51, 113, 90),
(4, 52, 62, 10),
(4, 53, 73, 79),
(4, 58, 45, 32),
(4, 59, 90, 14),
(4, 60, 28, 29),
(4, 61, 73, 12),
(5, 1, 29, 34),
(5, 2, 121, 12),
(5, 3, 182, 70),
(5, 4, 36, 74),
(5, 5, 167, 38),
(5, 6, 131, 37),
(5, 8, 104, 97),
(5, 9, 25, 39),
(5, 10, 104, 26),
(5, 12, 132, 54),
(5, 13, 139, 63),
(5, 14, 205, 13),
(5, 15, 102, 25),
(5, 16, 49, 22),
(5, 18, 43, 14),
(5, 19, 115, 20),
(5, 20, 79, 26),
(5, 21, 145, 65),
(5, 22, 118, 35),
(5, 24, 129, 57),
(5, 26, 49, 72),
(5, 27, 41, 56),
(5, 28, 179, 40),
(5, 29, 107, 54),
(5, 31, 37, 51),
(5, 32, 101, 53),
(5, 33, 41, 32),
(5, 34, 127, 99),
(5, 35, 60, 37),
(5, 36, 113, 88),
(5, 37, 98, 56),
(5, 38, 83, 36),
(5, 39, 66, 19),
(5, 41, 59, 16),
(5, 42, 59, 59),
(5, 43, 150, 31),
(5, 45, 51, 65),
(5, 47, 66, 58),
(5, 48, 25, 49),
(5, 49, 185, 88),
(5, 51, 78, 23),
(5, 52, 139, 36),
(5, 53, 43, 31),
(5, 54, 82, 33),
(5, 55, 54, 55),
(5, 56, 179, 49),
(5, 57, 132, 14),
(5, 58, 215, 36),
(5, 59, 122, 97),
(5, 61, 117, 87),
(6, 2, 189, 63),
(6, 3, 154, 26),
(6, 4, 203, 46),
(6, 6, 98, 42),
(6, 7, 114, 20),
(6, 8, 114, 71),
(6, 9, 108, 83),
(6, 10, 215, 49),
(6, 11, 144, 95),
(6, 13, 204, 59),
(6, 14, 165, 23),
(6, 15, 99, 69),
(6, 16, 211, 85),
(6, 17, 211, 34),
(6, 18, 214, 38),
(6, 19, 16, 24),
(6, 20, 86, 80),
(6, 23, 164, 51),
(6, 24, 15, 17),
(6, 25, 108, 17),
(6, 27, 37, 27),
(6, 28, 165, 70),
(6, 29, 12, 10),
(6, 30, 171, 45),
(6, 31, 132, 24),
(6, 33, 17, 15),
(6, 34, 106, 100),
(6, 35, 52, 71),
(6, 36, 79, 29),
(6, 37, 89, 73),
(6, 38, 142, 30),
(6, 39, 210, 90),
(6, 41, 45, 37),
(6, 42, 206, 23),
(6, 43, 20, 10),
(6, 44, 213, 51),
(6, 45, 66, 63),
(6, 46, 82, 26),
(6, 47, 71, 76),
(6, 49, 139, 36),
(6, 50, 116, 33),
(6, 51, 98, 89),
(6, 54, 37, 40),
(6, 55, 174, 63),
(6, 56, 98, 97),
(6, 58, 33, 14),
(6, 59, 115, 66),
(6, 60, 196, 85),
(6, 61, 87, 88),
(7, 1, 30, 44),
(7, 2, 183, 30),
(7, 3, 208, 99),
(7, 4, 26, 0),
(7, 5, 213, 60),
(7, 6, 151, 17),
(7, 7, 207, 100),
(7, 8, 84, 38),
(7, 9, 66, 57),
(7, 10, 28, 37),
(7, 11, 70, 53),
(7, 12, 89, 93),
(7, 13, 18, 26),
(7, 14, 185, 50),
(7, 15, 81, 52),
(7, 17, 149, 79),
(7, 18, 39, 39),
(7, 19, 63, 33),
(7, 20, 212, 43),
(7, 21, 137, 28),
(7, 22, 52, 38),
(7, 23, 151, 50),
(7, 24, 33, 36),
(7, 25, 41, 53),
(7, 26, 154, 10),
(7, 27, 39, 83),
(7, 28, 99, 41),
(7, 29, 192, 99),
(7, 31, 171, 42),
(7, 33, 159, 17),
(7, 34, 38, 35),
(7, 36, 93, 69),
(7, 37, 49, 43),
(7, 38, 157, 25),
(7, 39, 49, 50),
(7, 40, 76, 14),
(7, 43, 21, 15),
(7, 44, 107, 88),
(7, 45, 90, 56),
(7, 46, 171, 37),
(7, 48, 80, 13),
(7, 49, 197, 90),
(7, 51, 108, 100),
(7, 52, 167, 79),
(7, 53, 41, 75),
(7, 54, 59, 52),
(7, 55, 45, 76),
(7, 56, 52, 29),
(7, 57, 136, 53),
(7, 58, 208, 86),
(7, 59, 130, 89),
(7, 60, 140, 44),
(8, 1, 117, 60),
(8, 2, 191, 61),
(8, 3, 66, 57),
(8, 5, 183, 21),
(8, 7, 121, 98),
(8, 8, 65, 12),
(8, 10, 103, 18),
(8, 11, 171, 15),
(8, 12, 92, 32),
(8, 13, 183, 13),
(8, 15, 82, 98),
(8, 16, 117, 80),
(8, 17, 93, 78),
(8, 19, 60, 58),
(8, 22, 138, 80),
(8, 23, 218, 70),
(8, 24, 176, 45),
(8, 25, 49, 94),
(8, 26, 80, 100),
(8, 27, 87, 67),
(8, 28, 106, 67),
(8, 29, 137, 13),
(8, 30, 81, 69),
(8, 33, 25, 34),
(8, 35, 125, 19),
(8, 36, 35, 59),
(8, 39, 34, 33),
(8, 40, 70, 53),
(8, 41, 90, 73),
(8, 42, 116, 61),
(8, 43, 175, 73),
(8, 44, 81, 55),
(8, 45, 154, 84),
(8, 47, 183, 24),
(8, 48, 11, 17),
(8, 49, 54, 30),
(8, 50, 97, 23),
(8, 51, 187, 76),
(8, 52, 154, 26),
(8, 53, 190, 45),
(8, 54, 162, 52),
(8, 55, 114, 30),
(8, 57, 191, 65),
(8, 58, 106, 27),
(8, 59, 49, 65),
(8, 60, 54, 22),
(8, 61, 25, 30),
(9, 1, 16, 15),
(9, 2, 146, 82),
(9, 3, 193, 14),
(9, 4, 59, 72),
(9, 5, 23, 26),
(9, 6, 114, 83),
(9, 7, 18, 18),
(9, 8, 90, 62),
(9, 10, 23, 25),
(9, 11, 13, 22),
(9, 12, 59, 82),
(9, 13, 114, 11),
(9, 15, 45, 68),
(9, 16, 126, 30),
(9, 17, 191, 51),
(9, 19, 72, 83),
(9, 20, 200, 48),
(9, 22, 154, 41),
(9, 23, 60, 18),
(9, 24, 139, 56),
(9, 26, 27, 19),
(9, 28, 66, 82),
(9, 30, 12, 13),
(9, 31, 28, 44),
(9, 33, 209, 66),
(9, 34, 188, 66),
(9, 35, 50, 50),
(9, 36, 157, 34),
(9, 37, 119, 77),
(9, 38, 192, 17),
(9, 39, 54, 50),
(9, 40, 73, 80),
(9, 41, 187, 29),
(9, 42, 36, 59),
(9, 45, 108, 29),
(9, 46, 171, 82),
(9, 47, 69, 92),
(9, 49, 99, 85),
(9, 50, 22, 29),
(9, 51, 45, 72),
(9, 53, 190, 69),
(9, 54, 178, 32),
(9, 55, 158, 44),
(9, 56, 185, 67),
(9, 57, 114, 90),
(9, 58, 47, 83),
(9, 59, 84, 51),
(9, 60, 41, 22),
(9, 61, 108, 72),
(10, 1, 212, 99),
(10, 2, 37, 29),
(10, 3, 191, 83),
(10, 5, 51, 22),
(10, 6, 106, 53),
(10, 7, 42, 32),
(10, 8, 214, 33),
(10, 9, 90, 17),
(10, 10, 175, 98),
(10, 13, 207, 58),
(10, 15, 66, 25),
(10, 16, 35, 17),
(10, 17, 109, 62),
(10, 18, 162, 52),
(10, 19, 188, 55),
(10, 20, 167, 91),
(10, 21, 119, 88),
(10, 22, 208, 23),
(10, 23, 136, 40),
(10, 24, 78, 92),
(10, 26, 176, 37),
(10, 28, 84, 75),
(10, 29, 37, 59),
(10, 30, 132, 20),
(10, 31, 102, 37),
(10, 32, 63, 40),
(10, 33, 51, 92),
(10, 34, 84, 70),
(10, 35, 69, 60),
(10, 36, 107, 57),
(10, 37, 23, 28),
(10, 38, 22, 14),
(10, 39, 90, 15),
(10, 40, 57, 22),
(10, 42, 38, 56),
(10, 44, 94, 56),
(10, 45, 193, 10),
(10, 46, 203, 61),
(10, 47, 37, 36),
(10, 48, 105, 71),
(10, 49, 31, 63),
(10, 50, 174, 97),
(10, 51, 190, 94),
(10, 52, 41, 57),
(10, 53, 187, 95),
(10, 54, 34, 25),
(10, 55, 126, 44),
(10, 56, 43, 35),
(10, 57, 138, 51),
(10, 58, 113, 90),
(10, 59, 62, 60),
(10, 60, 36, 43),
(10, 61, 115, 13),
(11, 1, 239, 30),
(11, 2, 443, 58),
(11, 3, 457, 58),
(11, 5, 274, 92),
(11, 6, 325, 94),
(11, 7, 105, 68),
(11, 9, 351, 68),
(11, 10, 20, 13),
(11, 11, 470, 53),
(11, 12, 261, 16),
(11, 15, 203, 81),
(11, 16, 74, 23),
(11, 17, 173, 48),
(11, 18, 59, 27),
(11, 19, 285, 19),
(11, 20, 494, 87),
(11, 21, 287, 74),
(11, 22, 186, 52),
(11, 23, 494, 94),
(11, 24, 467, 96),
(11, 25, 121, 28),
(11, 26, 403, 66),
(11, 27, 320, 59),
(11, 28, 157, 46),
(11, 29, 494, 28),
(11, 30, 304, 71),
(11, 31, 272, 39),
(11, 32, 139, 41),
(11, 33, 454, 11),
(11, 34, 172, 51),
(11, 35, 191, 63),
(11, 36, 434, 17),
(11, 37, 461, 42),
(11, 39, 339, 94),
(11, 40, 84, 40),
(11, 41, 220, 63),
(11, 42, 104, 48),
(11, 43, 81, 14),
(11, 45, 31, 28),
(11, 47, 239, 84),
(11, 48, 233, 31),
(11, 49, 373, 90),
(11, 50, 412, 40),
(11, 51, 276, 65),
(11, 52, 411, 53),
(11, 53, 373, 39),
(11, 54, 497, 39),
(11, 55, 26, 19),
(11, 56, 238, 31),
(11, 58, 192, 95),
(11, 59, 415, 20),
(11, 60, 167, 96),
(11, 61, 152, 67),
(12, 1, 179, 56),
(12, 2, 84, 29),
(12, 3, 22, 23),
(12, 4, 26, 48),
(12, 5, 58, 57),
(12, 7, 139, 100),
(12, 8, 144, 26),
(12, 9, 26, 16),
(12, 11, 41, 14),
(12, 12, 27, 38),
(12, 13, 197, 62),
(12, 14, 87, 100),
(12, 15, 57, 46),
(12, 16, 61, 75),
(12, 18, 208, 42),
(12, 21, 67, 20),
(12, 22, 154, 53),
(12, 23, 76, 83),
(12, 24, 217, 98),
(12, 25, 37, 62),
(12, 26, 66, 100),
(12, 27, 76, 51),
(12, 28, 12, 13),
(12, 29, 139, 74),
(12, 30, 166, 32),
(12, 31, 160, 70),
(12, 33, 43, 44),
(12, 34, 153, 31),
(12, 35, 23, 22),
(12, 36, 177, 27),
(12, 39, 217, 49),
(12, 40, 196, 49),
(12, 43, 57, 45),
(12, 44, 185, 67),
(12, 45, 212, 53),
(12, 46, 198, 88),
(12, 47, 87, 20),
(12, 48, 200, 96),
(12, 49, 21, 13),
(12, 50, 45, 58),
(12, 52, 63, 79),
(12, 53, 205, 25),
(12, 54, 203, 81),
(12, 55, 151, 94),
(12, 56, 81, 30),
(12, 57, 179, 54),
(12, 59, 172, 64),
(12, 60, 144, 48),
(12, 61, 60, 78),
(13, 1, 16, 12),
(13, 3, 133, 71),
(13, 4, 4845, 38),
(13, 5, 5770, 83),
(13, 6, 98, 91),
(13, 7, 35, 11),
(13, 8, 208, 38),
(13, 9, 102, 94),
(13, 10, 93, 85),
(13, 11, 198, 21),
(13, 12, 208, 65),
(13, 13, 211, 11),
(13, 15, 135, 21),
(13, 16, 47, 45),
(13, 18, 171, 93),
(13, 20, 25, 18),
(13, 21, 92, 38),
(13, 22, 55, 29),
(13, 23, 190, 38),
(13, 24, 120, 19),
(13, 25, 143, 99),
(13, 26, 205, 92),
(13, 27, 155, 75),
(13, 28, 75, 25),
(13, 29, 109, 25),
(13, 30, 174, 16),
(13, 31, 140, 41),
(13, 32, 126, 51),
(13, 34, 142, 51),
(13, 35, 143, 24),
(13, 36, 64, 77),
(13, 38, 89, 51),
(13, 39, 53, 54),
(13, 41, 75, 25),
(13, 42, 27, 42),
(13, 44, 18, 31),
(13, 47, 154, 66),
(13, 48, 160, 73),
(13, 49, 180, 99),
(13, 50, 21, 14),
(13, 51, 139, 45),
(13, 52, 38, 34),
(13, 53, 180, 51),
(13, 54, 27, 17),
(13, 55, 22, 24),
(13, 56, 73, 50),
(13, 57, 18, 17),
(13, 58, 51, 19),
(13, 59, 73, 30),
(13, 60, 213, 24),
(14, 1, 60, 46),
(14, 2, 37, 10),
(14, 3, 174, 97),
(14, 4, 203, 51),
(14, 7, 183, 97),
(14, 8, 61, 73),
(14, 9, 166, 27),
(14, 10, 67, 85),
(14, 12, 33, 21),
(14, 13, 198, 77),
(14, 14, 31, 31),
(14, 15, 191, 25),
(14, 16, 57, 40),
(14, 17, 99, 96),
(14, 18, 17, 11),
(14, 20, 73, 43),
(14, 21, 151, 15),
(14, 22, 136, 81),
(14, 23, 163, 89),
(14, 24, 39, 70),
(14, 25, 79, 36),
(14, 26, 179, 96),
(14, 29, 151, 19),
(14, 30, 45, 67),
(14, 31, 54, 47),
(14, 33, 198, 48),
(14, 34, 28, 37),
(14, 35, 149, 88),
(14, 36, 110, 58),
(14, 38, 121, 55),
(14, 40, 59, 50),
(14, 42, 167, 69),
(14, 43, 44, 45),
(14, 44, 162, 99),
(14, 45, 213, 90),
(14, 46, 149, 84),
(14, 48, 41, 31),
(14, 49, 170, 80),
(14, 50, 116, 15),
(14, 51, 64, 92),
(14, 53, 69, 56),
(14, 54, 36, 18),
(14, 55, 125, 76),
(14, 56, 41, 43),
(14, 57, 183, 41),
(14, 58, 23, 21),
(14, 59, 24, 11),
(14, 60, 146, 47),
(14, 61, 69, 84),
(15, 2, 153, 63),
(15, 3, 78, 87),
(15, 4, 154, 30),
(15, 5, 79, 76),
(15, 6, 103, 56),
(15, 7, 113, 99),
(15, 8, 102, 20),
(15, 9, 55, 67),
(15, 12, 37, 56),
(15, 14, 172, 28),
(15, 15, 18, 10),
(15, 16, 161, 51),
(15, 17, 62, 57),
(15, 18, 197, 43),
(15, 20, 16, 22),
(15, 21, 157, 14),
(15, 24, 162, 44),
(15, 25, 121, 15),
(15, 26, 149, 46),
(15, 27, 101, 24),
(15, 28, 96, 42),
(15, 29, 84, 18),
(15, 30, 81, 75),
(15, 31, 23, 22),
(15, 33, 132, 67),
(15, 34, 214, 78),
(15, 35, 159, 11),
(15, 36, 110, 53),
(15, 37, 198, 70),
(15, 38, 93, 93),
(15, 39, 109, 71),
(15, 40, 31, 38),
(15, 41, 49, 14),
(15, 42, 172, 19),
(15, 43, 144, 25),
(15, 44, 102, 40),
(15, 45, 132, 74),
(15, 46, 75, 11),
(15, 47, 102, 15),
(15, 48, 188, 94),
(15, 49, 113, 39),
(15, 50, 128, 59),
(15, 51, 103, 29),
(15, 52, 135, 11),
(15, 53, 191, 18),
(15, 54, 17, 30),
(15, 55, 162, 37),
(15, 59, 132, 82),
(15, 60, 133, 15),
(15, 61, 205, 99),
(16, 1, 213, 93),
(16, 4, 214, 15),
(16, 5, 89, 86),
(16, 6, 198, 19),
(16, 7, 174, 73),
(16, 8, 162, 91),
(16, 9, 126, 22),
(16, 10, 198, 31),
(16, 11, 126, 65),
(16, 12, 33, 33),
(16, 14, 214, 39),
(16, 15, 122, 92),
(16, 16, 36, 57),
(16, 18, 202, 62),
(16, 19, 125, 28),
(16, 20, 138, 84),
(16, 21, 188, 63),
(16, 22, 73, 42),
(16, 23, 159, 51),
(16, 24, 162, 82),
(16, 25, 212, 53),
(16, 26, 17, 29),
(16, 28, 126, 49),
(16, 30, 143, 80),
(16, 31, 81, 62),
(16, 32, 41, 63),
(16, 33, 76, 86),
(16, 34, 134, 58),
(16, 35, 33, 26),
(16, 36, 110, 78),
(16, 37, 169, 98),
(16, 38, 208, 91),
(16, 39, 178, 68),
(16, 40, 65, 45),
(16, 41, 83, 21),
(16, 42, 179, 63),
(16, 43, 209, 36),
(16, 44, 132, 77),
(16, 45, 106, 90),
(16, 46, 79, 62),
(16, 48, 208, 82),
(16, 49, 165, 86),
(16, 50, 185, 84),
(16, 51, 207, 40),
(16, 52, 68, 64),
(16, 54, 41, 22),
(16, 55, 55, 60),
(16, 56, 39, 32),
(16, 57, 62, 52),
(16, 58, 71, 70),
(16, 59, 66, 27),
(16, 60, 140, 39),
(16, 61, 93, 68),
(17, 1, 45, 44),
(17, 2, 45, 93),
(17, 4, 13, 15),
(17, 5, 86, 41),
(17, 6, 18, 32),
(17, 7, 117, 24),
(17, 8, 68, 36),
(17, 9, 184, 36),
(17, 10, 183, 15),
(17, 12, 89, 21),
(17, 14, 130, 78),
(17, 15, 66, 47),
(17, 16, 190, 17),
(17, 17, 94, 45),
(17, 18, 28, 33),
(17, 20, 145, 55),
(17, 22, 37, 12),
(17, 23, 31, 61),
(17, 24, 90, 27),
(17, 25, 177, 80),
(17, 27, 33, 20),
(17, 28, 17, 10),
(17, 29, 47, 20),
(17, 30, 205, 88),
(17, 31, 60, 34),
(17, 32, 119, 39),
(17, 33, 59, 95),
(17, 34, 36, 43),
(17, 35, 200, 31),
(17, 36, 54, 58),
(17, 37, 216, 37),
(17, 38, 64, 57),
(17, 39, 37, 13),
(17, 40, 128, 76),
(17, 41, 68, 91),
(17, 43, 43, 19),
(17, 44, 20, 35),
(17, 46, 97, 91),
(17, 47, 63, 78),
(17, 49, 120, 84),
(17, 50, 155, 72),
(17, 51, 205, 79),
(17, 52, 198, 69),
(17, 54, 157, 68),
(17, 56, 73, 87),
(17, 57, 33, 39),
(17, 58, 89, 94),
(17, 59, 25, 46),
(17, 61, 31, 59),
(18, 1, 104, 82),
(18, 2, 60, 14),
(18, 3, 162, 48),
(18, 5, 189, 71),
(18, 6, 90, 27),
(18, 7, 120, 74),
(18, 8, 153, 46),
(18, 9, 151, 66),
(18, 10, 153, 47),
(18, 11, 162, 66),
(18, 13, 103, 60),
(18, 14, 131, 35),
(18, 15, 215, 26),
(18, 16, 96, 34),
(18, 17, 80, 16),
(18, 18, 24, 18),
(18, 19, 119, 68),
(18, 20, 218, 98),
(18, 22, 41, 18),
(18, 23, 152, 47),
(18, 24, 52, 34),
(18, 25, 147, 68),
(18, 27, 178, 23),
(18, 28, 205, 30),
(18, 29, 109, 19),
(18, 30, 121, 81),
(18, 31, 55, 59),
(18, 32, 94, 26),
(18, 33, 195, 71),
(18, 35, 154, 42),
(18, 37, 130, 56),
(18, 38, 148, 31),
(18, 39, 41, 13),
(18, 40, 22, 35),
(18, 41, 49, 19),
(18, 43, 81, 90),
(18, 44, 19, 13),
(18, 45, 196, 33),
(18, 46, 209, 42),
(18, 47, 87, 99),
(18, 49, 43, 78),
(18, 51, 17, 25),
(18, 52, 212, 19),
(18, 53, 114, 16),
(18, 54, 59, 74),
(18, 55, 46, 14),
(18, 56, 213, 14),
(18, 57, 203, 35),
(18, 58, 203, 44),
(18, 59, 59, 23),
(18, 60, 12, 12),
(19, 1, 73, 79),
(19, 2, 137, 99),
(19, 3, 164, 58),
(19, 4, 84, 75),
(19, 6, 32, 53),
(19, 7, 163, 68),
(19, 8, 52, 28),
(19, 9, 42, 80),
(19, 11, 134, 65),
(19, 12, 192, 33),
(19, 13, 145, 31),
(19, 14, 133, 39),
(19, 15, 86, 99),
(19, 16, 162, 71),
(19, 17, 166, 58),
(19, 18, 46, 65),
(19, 19, 198, 18),
(19, 20, 160, 66),
(19, 21, 215, 37),
(19, 22, 40, 68),
(19, 23, 170, 31),
(19, 24, 105, 45),
(19, 25, 120, 45),
(19, 26, 54, 13),
(19, 27, 195, 93),
(19, 28, 141, 13),
(19, 29, 146, 84),
(19, 30, 87, 96),
(19, 31, 171, 82),
(19, 32, 132, 56),
(19, 33, 63, 75),
(19, 34, 89, 25),
(19, 35, 73, 67),
(19, 36, 152, 71),
(19, 37, 186, 75),
(19, 39, 52, 32),
(19, 40, 169, 83),
(19, 41, 132, 42),
(19, 42, 120, 41),
(19, 43, 140, 17),
(19, 44, 167, 24),
(19, 45, 162, 71),
(19, 47, 27, 15),
(19, 48, 13, 22),
(19, 49, 72, 36),
(19, 51, 215, 48),
(19, 53, 31, 65),
(19, 54, 197, 20),
(19, 55, 66, 97),
(19, 57, 170, 66),
(19, 58, 162, 77),
(19, 59, 90, 40),
(19, 60, 106, 80),
(19, 61, 188, 99),
(20, 1, 213, 100),
(20, 2, 83, 67),
(20, 3, 54, 60),
(20, 4, 204, 28),
(20, 5, 214, 72),
(20, 6, 54, 93),
(20, 7, 123, 87),
(20, 10, 30, 14),
(20, 11, 72, 94),
(20, 12, 203, 28),
(20, 13, 132, 36),
(20, 14, 172, 14),
(20, 16, 21, 16),
(20, 18, 77, 35),
(20, 19, 141, 89),
(20, 20, 73, 71),
(20, 21, 125, 88),
(20, 22, 163, 49),
(20, 23, 81, 57),
(20, 24, 12, 16),
(20, 25, 192, 15),
(20, 26, 187, 87),
(20, 27, 132, 91),
(20, 28, 136, 50),
(20, 29, 196, 52),
(20, 30, 21, 19),
(20, 31, 185, 12),
(20, 33, 123, 34),
(20, 35, 134, 96),
(20, 36, 21, 39),
(20, 38, 98, 71),
(20, 39, 199, 13),
(20, 40, 146, 69),
(20, 41, 175, 96),
(20, 42, 85, 86),
(20, 44, 143, 97),
(20, 45, 170, 16),
(20, 46, 162, 94),
(20, 47, 37, 57),
(20, 48, 75, 82),
(20, 49, 41, 23),
(20, 50, 153, 80),
(20, 51, 112, 23),
(20, 52, 168, 33),
(20, 53, 47, 80),
(20, 54, 110, 58),
(20, 55, 34, 10),
(20, 56, 149, 22),
(20, 58, 86, 18),
(20, 59, 126, 76),
(20, 60, 103, 53),
(21, 2, 159, 61),
(21, 3, 192, 54),
(21, 4, 157, 28),
(21, 5, 16, 20),
(21, 6, 183, 96),
(21, 7, 27, 22),
(21, 8, 178, 85),
(21, 9, 85, 73),
(21, 10, 108, 35),
(21, 11, 216, 31),
(21, 12, 76, 18),
(21, 13, 203, 28),
(21, 16, 139, 82),
(21, 17, 117, 89),
(21, 18, 18, 17),
(21, 19, 162, 13),
(21, 20, 98, 64),
(21, 21, 110, 97),
(21, 22, 11, 13),
(21, 23, 88, 93),
(21, 24, 213, 93),
(21, 26, 126, 26),
(21, 27, 101, 96),
(21, 28, 96, 50),
(21, 29, 21, 18),
(21, 32, 108, 70),
(21, 33, 66, 83),
(21, 35, 126, 12),
(21, 36, 45, 88),
(21, 37, 209, 26),
(21, 38, 147, 94),
(21, 39, 60, 44),
(21, 40, 101, 27),
(21, 41, 184, 93),
(21, 42, 52, 48),
(21, 44, 161, 73),
(21, 49, 162, 73),
(21, 50, 25, 24),
(21, 51, 146, 66),
(21, 52, 98, 94),
(21, 53, 119, 28),
(21, 54, 65, 31),
(21, 55, 79, 21),
(21, 56, 108, 32),
(21, 57, 117, 20),
(21, 58, 49, 75),
(21, 59, 159, 51),
(21, 61, 139, 83),
(22, 1, 86, 12),
(22, 2, 66, 79),
(22, 3, 61, 89),
(22, 4, 89, 15),
(22, 6, 35, 43),
(22, 7, 37, 49),
(22, 8, 180, 76),
(22, 11, 142, 99),
(22, 12, 90, 61),
(22, 13, 155, 90),
(22, 14, 76, 69),
(22, 15, 171, 43),
(22, 17, 38, 45),
(22, 18, 87, 95),
(22, 21, 212, 11),
(22, 22, 134, 36),
(22, 23, 216, 73),
(22, 25, 178, 70),
(22, 27, 193, 74),
(22, 28, 163, 14),
(22, 29, 79, 84),
(22, 30, 190, 10),
(22, 31, 29, 11),
(22, 32, 161, 58),
(22, 35, 162, 14),
(22, 37, 209, 14),
(22, 38, 94, 96),
(22, 42, 121, 65),
(22, 43, 171, 48),
(22, 45, 216, 66),
(22, 47, 186, 62),
(22, 49, 108, 71),
(22, 50, 132, 45),
(22, 51, 154, 41),
(22, 52, 87, 83),
(22, 54, 153, 49),
(22, 55, 171, 45),
(22, 56, 164, 49),
(22, 57, 49, 68),
(22, 58, 117, 12),
(22, 60, 27, 43),
(22, 61, 31, 63),
(23, 1, 151, 71),
(23, 2, 191, 10),
(23, 3, 196, 49),
(23, 4, 171, 48),
(23, 5, 54, 53),
(23, 6, 205, 60),
(23, 8, 4, 46),
(23, 9, 72, 97),
(23, 10, 90, 87),
(23, 11, 166, 46),
(23, 12, 92, 35),
(23, 13, 183, 13),
(23, 14, 178, 36),
(23, 15, 144, 80),
(23, 16, 48, 67),
(23, 17, 117, 19),
(23, 18, 204, 37),
(23, 19, 126, 44),
(23, 20, 11, 18),
(23, 21, 142, 42),
(23, 22, 186, 51),
(23, 23, 132, 28),
(23, 24, 25, 47),
(23, 25, 184, 52),
(23, 26, 73, 13),
(23, 27, 78, 83),
(23, 29, 198, 38),
(23, 30, 34, 53),
(23, 31, 139, 58),
(23, 32, 21, 28),
(23, 33, 73, 92),
(23, 34, 171, 41),
(23, 35, 36, 23),
(23, 36, 37, 13),
(23, 37, 179, 45),
(23, 38, 53, 15),
(23, 39, 188, 67),
(23, 40, 37, 34),
(23, 41, 139, 22),
(23, 42, 198, 62),
(23, 43, 149, 45),
(23, 44, 87, 96),
(23, 46, 218, 46),
(23, 47, 21, 20),
(23, 48, 107, 64),
(23, 50, 79, 21),
(23, 52, 66, 78),
(23, 53, 34, 30),
(23, 54, 21, 15),
(23, 56, 146, 18),
(23, 57, 183, 66),
(23, 58, 93, 13),
(23, 60, 12, 15),
(23, 61, 154, 32),
(24, 1, 106, 34),
(24, 2, 125, 69),
(24, 3, 114, 25),
(24, 4, 39, 80),
(24, 5, 161, 15),
(24, 6, 140, 73),
(24, 7, 24, 18),
(24, 8, 174, 84),
(24, 9, 63, 53),
(24, 11, 90, 54),
(24, 12, 171, 98),
(24, 14, 197, 18),
(24, 15, 39, 44),
(24, 16, 213, 98),
(24, 17, 15, 20),
(24, 18, 66, 66),
(24, 19, 146, 95),
(24, 20, 146, 72),
(24, 21, 209, 43),
(24, 22, 41, 10),
(24, 23, 18, 32),
(24, 24, 207, 86),
(24, 25, 81, 85),
(24, 26, 73, 85),
(24, 27, 38, 12),
(24, 28, 158, 39),
(24, 29, 54, 25),
(24, 30, 18, 15),
(24, 31, 81, 100),
(24, 32, 153, 96),
(24, 33, 66, 100),
(24, 35, 75, 91),
(24, 37, 216, 87),
(24, 39, 168, 48),
(24, 40, 21, 23),
(24, 41, 41, 41),
(24, 42, 99, 63),
(24, 43, 189, 30),
(24, 44, 218, 90),
(24, 45, 43, 85),
(24, 46, 51, 55),
(24, 47, 48, 18),
(24, 49, 179, 86),
(24, 50, 183, 73),
(24, 51, 52, 21),
(24, 52, 89, 57),
(24, 54, 216, 26),
(24, 55, 43, 92),
(24, 56, 83, 38),
(24, 57, 180, 50),
(24, 58, 30, 32),
(24, 59, 96, 91),
(24, 60, 117, 50),
(24, 61, 180, 29),
(25, 1, 202, 79),
(25, 2, 128, 50),
(25, 3, 66, 99),
(25, 5, 153, 31),
(25, 6, 203, 52),
(25, 7, 174, 96),
(25, 8, 183, 63),
(25, 9, 181, 90),
(25, 10, 201, 12),
(25, 11, 132, 22),
(25, 12, 71, 99),
(25, 13, 209, 88),
(25, 14, 139, 79),
(25, 15, 175, 29),
(25, 16, 80, 79),
(25, 17, 26, 18),
(25, 18, 122, 30),
(25, 19, 99, 25),
(25, 20, 60, 54),
(25, 22, 203, 27),
(25, 24, 213, 70),
(25, 25, 179, 83),
(25, 26, 126, 30),
(25, 27, 36, 37),
(25, 29, 177, 81),
(25, 31, 132, 48),
(25, 32, 83, 31),
(25, 33, 17, 27),
(25, 34, 174, 58),
(25, 35, 132, 92),
(25, 36, 96, 95),
(25, 37, 16, 18),
(25, 39, 84, 43),
(25, 40, 181, 79),
(25, 41, 189, 67),
(25, 43, 160, 19),
(25, 44, 72, 92),
(25, 45, 146, 10),
(25, 46, 126, 33),
(25, 47, 193, 32),
(25, 48, 83, 27),
(25, 49, 147, 78),
(25, 50, 195, 88),
(25, 52, 138, 79),
(25, 53, 208, 38),
(25, 54, 94, 81),
(25, 55, 15, 24),
(25, 56, 71, 81),
(25, 57, 17, 22),
(25, 59, 114, 49),
(25, 61, 99, 76),
(26, 1, 149, 40),
(26, 2, 23, 21),
(26, 3, 144, 78),
(26, 5, 47, 99),
(26, 7, 161, 76),
(26, 8, 144, 73),
(26, 9, 179, 61),
(26, 11, 185, 82),
(26, 12, 119, 86),
(26, 16, 93, 85),
(26, 17, 81, 31),
(26, 18, 30, 52),
(26, 19, 60, 92),
(26, 20, 193, 29),
(26, 21, 216, 19),
(26, 22, 214, 13),
(26, 23, 146, 51),
(26, 24, 34, 18),
(26, 25, 146, 51),
(26, 26, 144, 26),
(26, 29, 213, 20),
(26, 30, 106, 21),
(26, 31, 135, 64),
(26, 32, 108, 28),
(26, 33, 23, 17),
(26, 34, 183, 96),
(26, 35, 57, 41),
(26, 36, 198, 90),
(26, 37, 41, 48),
(26, 40, 20, 39),
(26, 41, 159, 46),
(26, 42, 12, 17),
(26, 43, 114, 67),
(26, 44, 152, 29),
(26, 45, 136, 28),
(26, 46, 60, 95),
(26, 47, 114, 29),
(26, 50, 179, 97),
(26, 51, 153, 44),
(26, 52, 121, 24),
(26, 53, 81, 29),
(26, 54, 193, 71),
(26, 56, 38, 21),
(26, 58, 148, 43),
(26, 59, 90, 31),
(26, 60, 171, 65),
(26, 61, 122, 89),
(27, 1, 127, 26),
(27, 2, 98, 39),
(27, 4, 57, 25),
(27, 5, 23, 40),
(27, 6, 167, 29),
(27, 7, 67, 84),
(27, 8, 132, 19),
(27, 9, 137, 73),
(27, 10, 218, 87),
(27, 11, 49, 17),
(27, 12, 84, 62),
(27, 14, 85, 78),
(27, 15, 66, 59),
(27, 16, 74, 67),
(27, 17, 77, 28),
(27, 19, 87, 34),
(27, 20, 49, 24),
(27, 21, 193, 74),
(27, 22, 62, 38),
(27, 25, 26, 32),
(27, 26, 203, 38),
(27, 27, 76, 68),
(27, 28, 66, 21),
(27, 31, 139, 75),
(27, 32, 158, 89),
(27, 33, 116, 23),
(27, 34, 208, 87),
(27, 35, 132, 66),
(27, 36, 54, 61),
(27, 37, 108, 84),
(27, 38, 102, 92),
(27, 39, 186, 59),
(27, 41, 51, 35),
(27, 43, 81, 98),
(27, 44, 31, 17),
(27, 45, 119, 61),
(27, 46, 209, 14),
(27, 47, 151, 52),
(27, 48, 190, 34),
(27, 49, 86, 88),
(27, 51, 210, 79),
(27, 52, 90, 89),
(27, 53, 57, 80),
(27, 54, 113, 93),
(27, 55, 78, 72),
(27, 56, 57, 63),
(27, 57, 203, 53),
(27, 58, 162, 65),
(27, 60, 28, 47),
(27, 61, 159, 35),
(28, 1, 132, 85),
(28, 2, 81, 74),
(28, 3, 19, 35),
(28, 4, 155, 96),
(28, 5, 17, 31),
(28, 6, 85, 48),
(28, 7, 167, 23),
(28, 8, 66, 77),
(28, 9, 172, 24),
(28, 10, 207, 92),
(28, 11, 566, 63),
(28, 12, 406, 45),
(28, 13, 129, 32),
(28, 14, 280, 21),
(28, 15, 106, 75),
(28, 16, 285, 93),
(28, 17, 2598, 92),
(28, 19, 214, 86),
(28, 21, 208, 77),
(28, 22, 106, 97),
(28, 23, 207, 93),
(28, 24, 11, 11),
(28, 25, 41, 75),
(28, 26, 171, 50),
(28, 27, 45, 24),
(28, 28, 146, 44),
(28, 29, 179, 35),
(28, 30, 76, 20),
(28, 31, 172, 78),
(28, 32, 89, 66),
(28, 33, 84, 30),
(28, 34, 103, 51),
(28, 35, 139, 39),
(28, 36, 153, 50),
(28, 37, 208, 32),
(28, 38, 130, 33),
(28, 41, 93, 39),
(28, 42, 81, 38),
(28, 43, 154, 91),
(28, 44, 209, 69),
(28, 45, 52, 13),
(28, 47, 17, 15),
(28, 49, 162, 93),
(28, 50, 37, 70),
(28, 51, 37, 35),
(28, 52, 93, 13),
(28, 53, 204, 73),
(28, 55, 45, 93),
(28, 56, 193, 99),
(28, 57, 138, 82),
(28, 58, 172, 14),
(28, 60, 103, 98),
(28, 61, 208, 25),
(29, 1, 182, 98),
(29, 2, 41, 20),
(29, 4, 97, 40),
(29, 5, 83, 57),
(29, 6, 39, 56),
(29, 7, 75, 16),
(29, 8, 14, 15),
(29, 9, 198, 79),
(29, 11, 90, 28),
(29, 13, 44, 36),
(29, 15, 84, 87),
(29, 16, 104, 84),
(29, 17, 169, 80),
(29, 19, 140, 33),
(29, 21, 98, 76),
(29, 22, 169, 31),
(29, 25, 93, 60),
(29, 26, 15, 18),
(29, 27, 135, 16),
(29, 28, 198, 50),
(29, 29, 169, 46),
(29, 30, 103, 19),
(29, 31, 119, 57),
(29, 32, 136, 79),
(29, 33, 15, 20),
(29, 34, 102, 92),
(29, 35, 79, 94),
(29, 37, 151, 61),
(29, 39, 44, 48),
(29, 40, 117, 83),
(29, 41, 213, 83),
(29, 42, 193, 63),
(29, 43, 85, 62),
(29, 46, 108, 75),
(29, 47, 108, 67),
(29, 48, 19, 18),
(29, 50, 153, 75),
(29, 51, 180, 33),
(29, 52, 207, 74),
(29, 53, 35, 43),
(29, 54, 43, 49),
(29, 56, 123, 48),
(29, 57, 107, 64),
(29, 58, 99, 17),
(29, 59, 73, 96),
(29, 61, 190, 85),
(30, 1, 109, 59),
(30, 2, 213, 38),
(30, 3, 190, 29),
(30, 5, 184, 82),
(30, 6, 63, 32),
(30, 7, 81, 14),
(30, 8, 75, 12),
(30, 9, 106, 93),
(30, 10, 18, 16),
(30, 11, 54, 46),
(30, 13, 81, 93),
(30, 14, 33, 48),
(30, 15, 209, 36),
(30, 16, 142, 60),
(30, 17, 108, 59),
(30, 19, 49, 47),
(30, 20, 49, 12),
(30, 21, 126, 12),
(30, 22, 21, 12),
(30, 23, 62, 31),
(30, 25, 23, 39),
(30, 28, 119, 72),
(30, 29, 132, 82),
(30, 30, 203, 10),
(30, 33, 184, 14),
(30, 34, 108, 85),
(30, 35, 130, 71),
(30, 36, 95, 52),
(30, 37, 56, 65),
(30, 38, 118, 29),
(30, 41, 174, 60),
(30, 42, 84, 48),
(30, 43, 71, 63),
(30, 44, 18, 34),
(30, 45, 218, 34),
(30, 46, 33, 65),
(30, 47, 149, 46),
(30, 48, 212, 78),
(30, 49, 184, 69),
(30, 50, 157, 37),
(30, 51, 22, 32),
(30, 52, 66, 48),
(30, 53, 149, 70),
(30, 54, 142, 29),
(30, 56, 176, 79),
(30, 57, 110, 38),
(30, 58, 42, 21),
(30, 59, 162, 42),
(30, 60, 90, 98),
(31, 2, 82, 40),
(31, 3, 218, 89),
(31, 4, 54, 44),
(31, 5, 23, 28),
(31, 6, 185, 99),
(31, 7, 41, 51),
(31, 8, 98, 80),
(31, 9, 91, 15),
(31, 11, 49, 83),
(31, 12, 22, 39),
(31, 13, 34, 13),
(31, 14, 84, 55),
(31, 15, 151, 79),
(31, 16, 165, 66),
(31, 17, 70, 68),
(31, 18, 48, 84),
(31, 20, 41, 87),
(31, 21, 65, 27),
(31, 22, 91, 55),
(31, 23, 135, 98),
(31, 24, 157, 64),
(31, 25, 146, 76),
(31, 26, 76, 63),
(31, 27, 66, 37),
(31, 29, 60, 61),
(31, 31, 13, 12),
(31, 32, 204, 63),
(31, 33, 179, 46),
(31, 35, 193, 38),
(31, 36, 115, 25),
(31, 37, 203, 53),
(31, 38, 143, 55),
(31, 40, 180, 23),
(31, 41, 157, 15),
(31, 42, 33, 11),
(31, 44, 113, 30),
(31, 45, 72, 97),
(31, 46, 37, 16),
(31, 47, 14, 18),
(31, 49, 190, 45),
(31, 50, 111, 56),
(31, 51, 214, 55),
(31, 52, 76, 38),
(31, 53, 73, 85),
(31, 54, 184, 35),
(31, 55, 50, 91),
(31, 56, 37, 51),
(31, 57, 49, 69),
(31, 58, 16, 28),
(31, 60, 78, 95),
(31, 61, 204, 75),
(32, 2, 84, 15),
(32, 3, 18, 18),
(32, 5, 106, 46),
(32, 6, 165, 95),
(32, 8, 79, 96),
(32, 9, 49, 57),
(32, 10, 182, 35),
(32, 11, 165, 44),
(32, 12, 108, 84),
(32, 13, 49, 77),
(32, 14, 95, 87),
(32, 15, 132, 81),
(32, 16, 185, 75),
(32, 17, 114, 24),
(32, 18, 146, 49),
(32, 19, 205, 27),
(32, 20, 211, 26),
(32, 21, 96, 51),
(32, 23, 166, 97),
(32, 24, 189, 20),
(32, 25, 66, 67),
(32, 26, 132, 70),
(32, 28, 189, 88),
(32, 29, 126, 11),
(32, 30, 216, 95),
(32, 31, 52, 17),
(32, 32, 28, 60),
(32, 33, 25, 50),
(32, 34, 139, 50),
(32, 36, 42, 82),
(32, 37, 136, 73),
(32, 38, 196, 28),
(32, 40, 100, 84),
(32, 41, 112, 69),
(32, 42, 65, 79),
(32, 45, 98, 70),
(32, 46, 132, 49),
(32, 47, 129, 75),
(32, 48, 155, 51),
(32, 50, 132, 23),
(32, 52, 205, 10),
(32, 53, 132, 72),
(32, 54, 209, 84),
(32, 55, 187, 62),
(32, 56, 168, 66),
(32, 57, 60, 54),
(32, 58, 83, 92),
(32, 60, 33, 63),
(32, 61, 136, 12),
(33, 1, 106, 19),
(33, 2, 186, 38),
(33, 4, 122, 28),
(33, 5, 147, 12),
(33, 6, 71, 68),
(33, 8, 73, 46),
(33, 9, 170, 14),
(33, 10, 31, 47),
(33, 11, 61, 76),
(33, 12, 81, 98),
(33, 13, 57, 87),
(33, 14, 120, 91),
(33, 15, 20, 11),
(33, 17, 171, 66),
(33, 18, 31, 25),
(33, 20, 171, 85),
(33, 21, 99, 71),
(33, 22, 108, 46),
(33, 23, 197, 90),
(33, 25, 40, 43),
(33, 26, 19, 20),
(33, 27, 96, 96),
(33, 28, 47, 87),
(33, 29, 178, 16),
(33, 30, 138, 81),
(33, 31, 40, 21),
(33, 32, 49, 30),
(33, 33, 28, 52),
(33, 35, 188, 66),
(33, 36, 217, 74),
(33, 37, 146, 60),
(33, 39, 122, 47),
(33, 40, 212, 99),
(33, 41, 26, 52),
(33, 42, 114, 16),
(33, 43, 183, 35),
(33, 44, 67, 50),
(33, 45, 201, 34),
(33, 46, 193, 58),
(33, 47, 19, 19),
(33, 48, 31, 39),
(33, 49, 209, 70),
(33, 50, 126, 50),
(33, 51, 149, 88),
(33, 52, 134, 41),
(33, 53, 113, 57),
(33, 54, 117, 79),
(33, 55, 39, 55),
(33, 56, 126, 19),
(33, 57, 70, 25),
(33, 58, 73, 18),
(33, 59, 15, 18),
(33, 60, 65, 61),
(34, 2, 262, 61),
(34, 3, 92, 45),
(34, 5, 429, 32),
(34, 6, 167, 11),
(34, 7, 306, 37),
(34, 9, 113, 64),
(34, 10, 245, 58),
(34, 11, 382, 19),
(34, 12, 93, 87),
(34, 13, 456, 91),
(34, 14, 321, 66),
(34, 15, 142, 77),
(34, 16, 225, 38),
(34, 17, 43, 38),
(34, 18, 457, 26),
(34, 19, 144, 88),
(34, 21, 189, 78),
(34, 22, 246, 84),
(34, 23, 481, 86),
(34, 25, 169, 59),
(34, 26, 436, 57),
(34, 27, 252, 99),
(34, 28, 276, 35),
(34, 30, 414, 36),
(34, 31, 120, 34),
(34, 32, 366, 31),
(34, 33, 204, 21),
(34, 34, 202, 75),
(34, 35, 280, 67),
(34, 36, 23, 11),
(34, 39, 480, 68),
(34, 40, 318, 96),
(34, 41, 303, 95),
(34, 42, 267, 43),
(34, 43, 157, 68),
(34, 44, 108, 95),
(34, 45, 417, 53),
(34, 47, 465, 69),
(34, 48, 213, 41),
(34, 49, 212, 78),
(34, 51, 463, 53),
(34, 52, 262, 46),
(34, 54, 35, 23),
(34, 55, 393, 32),
(34, 56, 221, 44),
(34, 57, 368, 65),
(34, 58, 321, 43),
(34, 59, 300, 72),
(34, 60, 172, 52),
(34, 61, 435, 75),
(35, 1, 64, 90),
(35, 2, 191, 11),
(35, 3, 135, 54),
(35, 4, 154, 83),
(35, 5, 98, 57),
(35, 6, 130, 12),
(35, 7, 190, 59),
(35, 8, 214, 91),
(35, 10, 103, 31),
(35, 11, 179, 68),
(35, 12, 123, 54),
(35, 14, 39, 60),
(35, 15, 72, 10),
(35, 17, 108, 22),
(35, 18, 154, 10),
(35, 19, 216, 34),
(35, 20, 130, 47),
(35, 21, 81, 43),
(35, 22, 25, 13),
(35, 23, 107, 45),
(35, 24, 75, 74),
(35, 25, 85, 71),
(35, 26, 171, 66),
(35, 28, 73, 84),
(35, 30, 174, 85),
(35, 31, 46, 77),
(35, 32, 108, 10),
(35, 33, 160, 91),
(35, 34, 35, 55),
(35, 35, 131, 52),
(35, 36, 113, 85),
(35, 37, 31, 56),
(35, 38, 113, 28),
(35, 39, 41, 16),
(35, 42, 61, 71),
(35, 43, 162, 44),
(35, 44, 77, 40),
(35, 45, 28, 12),
(35, 46, 87, 48),
(35, 48, 110, 36),
(35, 49, 38, 23),
(35, 50, 63, 81),
(35, 51, 170, 19),
(35, 52, 131, 47),
(35, 53, 43, 64),
(35, 54, 92, 85),
(35, 55, 183, 30),
(35, 56, 207, 70),
(35, 57, 45, 41),
(35, 58, 175, 89),
(35, 59, 95, 43),
(35, 60, 178, 23),
(35, 61, 112, 71),
(36, 1, 66, 42),
(36, 2, 203, 70),
(36, 3, 68, 84),
(36, 4, 79, 47),
(36, 5, 155, 49),
(36, 6, 92, 47),
(36, 7, 132, 37),
(36, 8, 44, 17),
(36, 10, 96, 95),
(36, 11, 106, 51),
(36, 12, 37, 17),
(36, 13, 73, 82),
(36, 14, 161, 11),
(36, 17, 189, 66),
(36, 18, 126, 78),
(36, 19, 99, 89),
(36, 20, 114, 64),
(36, 21, 216, 50),
(36, 22, 130, 95),
(36, 23, 194, 26),
(36, 25, 89, 59),
(36, 26, 106, 99),
(36, 27, 60, 90),
(36, 28, 138, 100),
(36, 30, 27, 23),
(36, 31, 81, 34),
(36, 32, 209, 97),
(36, 33, 79, 97),
(36, 34, 38, 51),
(36, 35, 33, 43),
(36, 36, 98, 51),
(36, 38, 146, 90),
(36, 39, 90, 26),
(36, 40, 84, 17),
(36, 41, 81, 48),
(36, 42, 163, 19),
(36, 43, 28, 27),
(36, 44, 116, 47),
(36, 45, 171, 59),
(36, 47, 173, 58),
(36, 48, 155, 38),
(36, 49, 37, 67),
(36, 50, 47, 65),
(36, 51, 132, 66),
(36, 52, 206, 17),
(36, 53, 197, 21),
(36, 55, 169, 54),
(36, 57, 83, 99),
(36, 58, 142, 41),
(37, 2, 178, 47),
(37, 3, 176, 59),
(37, 4, 87, 94),
(37, 5, 70, 19),
(37, 6, 84, 40),
(37, 9, 95, 43),
(37, 10, 90, 61),
(37, 12, 26, 34),
(37, 13, 93, 23),
(37, 14, 197, 94),
(37, 15, 153, 11),
(37, 16, 162, 44),
(37, 17, 111, 52),
(37, 18, 47, 67),
(37, 19, 146, 77),
(37, 20, 30, 53),
(37, 21, 101, 33),
(37, 22, 76, 61),
(37, 23, 17, 22),
(37, 24, 139, 45),
(37, 25, 106, 80),
(37, 26, 54, 17),
(37, 27, 52, 51),
(37, 28, 30, 37),
(37, 29, 13, 10),
(37, 30, 60, 75),
(37, 31, 135, 69),
(37, 32, 213, 30),
(37, 34, 130, 95),
(37, 36, 167, 18),
(37, 37, 54, 41),
(37, 38, 114, 97),
(37, 39, 106, 24),
(37, 40, 19, 15),
(37, 41, 130, 61),
(37, 42, 53, 66),
(37, 44, 90, 86),
(37, 45, 87, 56),
(37, 46, 176, 25),
(37, 47, 213, 21),
(37, 48, 40, 63),
(37, 49, 153, 74),
(37, 50, 36, 69),
(37, 51, 202, 57),
(37, 52, 216, 77),
(37, 53, 45, 26),
(37, 54, 18, 22),
(37, 55, 171, 59),
(37, 56, 110, 50),
(37, 57, 171, 100),
(37, 59, 43, 60),
(38, 1, 212, 22),
(38, 2, 14, 21),
(38, 3, 21, 18),
(38, 4, 73, 72),
(38, 6, 106, 70),
(38, 7, 45, 19),
(38, 8, 203, 86),
(38, 9, 136, 58),
(38, 10, 46, 12),
(38, 11, 179, 72),
(38, 12, 17, 28),
(38, 13, 181, 37),
(38, 14, 125, 55),
(38, 15, 203, 17),
(38, 16, 82, 26),
(38, 17, 205, 17),
(38, 18, 28, 17),
(38, 21, 143, 82),
(38, 22, 61, 79),
(38, 23, 113, 65),
(38, 24, 18, 28),
(38, 25, 37, 55),
(38, 26, 117, 77),
(38, 27, 149, 41),
(38, 30, 151, 61),
(38, 31, 93, 88),
(38, 32, 146, 49),
(38, 33, 187, 76),
(38, 34, 154, 64),
(38, 35, 21, 10),
(38, 36, 21, 27),
(38, 37, 180, 62),
(38, 38, 174, 58),
(38, 39, 132, 80),
(38, 40, 102, 75),
(38, 41, 175, 96),
(38, 42, 96, 91),
(38, 44, 179, 54),
(38, 46, 24, 33),
(38, 47, 32, 43),
(38, 48, 177, 98),
(38, 49, 168, 98),
(38, 50, 213, 19),
(38, 51, 56, 11),
(38, 52, 209, 45),
(38, 54, 89, 62),
(38, 55, 113, 82),
(38, 56, 161, 69),
(38, 57, 132, 70),
(38, 58, 16, 14),
(38, 60, 16, 21),
(38, 61, 32, 26),
(39, 2, 200, 81),
(39, 3, 66, 67),
(39, 4, 146, 24),
(39, 5, 81, 69),
(39, 7, 56, 62),
(39, 8, 59, 58),
(39, 10, 209, 77),
(39, 11, 86, 85),
(39, 12, 47, 50),
(39, 13, 207, 51),
(39, 14, 163, 91),
(39, 15, 192, 48),
(39, 17, 211, 60),
(39, 18, 126, 65),
(39, 20, 108, 36),
(39, 21, 66, 26),
(39, 23, 108, 52),
(39, 26, 54, 90),
(39, 29, 18, 31),
(39, 30, 24, 24),
(39, 31, 162, 85),
(39, 32, 84, 42),
(39, 33, 73, 92),
(39, 34, 72, 32),
(39, 35, 152, 93),
(39, 36, 114, 49),
(39, 37, 72, 42),
(39, 39, 84, 21),
(39, 40, 155, 35),
(39, 41, 166, 33),
(39, 42, 37, 58),
(39, 43, 24, 48),
(39, 45, 183, 13),
(39, 46, 129, 51),
(39, 47, 180, 80),
(39, 49, 206, 32),
(39, 50, 162, 31),
(39, 51, 41, 66),
(39, 53, 102, 17),
(39, 54, 54, 60),
(39, 55, 12, 21),
(39, 56, 89, 24),
(39, 57, 17, 17),
(39, 58, 144, 45),
(39, 59, 98, 14),
(39, 60, 56, 90),
(39, 61, 146, 58),
(40, 1, 32, 48),
(40, 2, 106, 55),
(40, 3, 154, 39),
(40, 4, 136, 82),
(40, 6, 108, 26),
(40, 8, 31, 21),
(40, 9, 65, 11),
(40, 10, 114, 38),
(40, 11, 36, 75),
(40, 12, 160, 69),
(40, 13, 91, 26),
(40, 14, 98, 56),
(40, 15, 54, 96),
(40, 16, 112, 72),
(40, 17, 167, 98),
(40, 18, 218, 59),
(40, 19, 45, 67),
(40, 21, 27, 26),
(40, 22, 123, 94),
(40, 23, 93, 30),
(40, 24, 73, 64),
(40, 26, 133, 80),
(40, 28, 152, 31),
(40, 29, 143, 28),
(40, 31, 141, 90),
(40, 32, 196, 32),
(40, 33, 126, 92),
(40, 35, 98, 85),
(40, 36, 83, 60),
(40, 37, 41, 55),
(40, 39, 126, 50),
(40, 42, 112, 60),
(40, 43, 132, 47),
(40, 44, 190, 59),
(40, 45, 12, 10),
(40, 46, 126, 19),
(40, 48, 73, 92),
(40, 50, 180, 96),
(40, 51, 189, 92),
(40, 52, 28, 40),
(40, 53, 93, 14),
(40, 54, 132, 63),
(40, 55, 142, 57),
(40, 56, 129, 69),
(40, 57, 57, 74),
(40, 58, 50, 87),
(40, 59, 34, 63),
(40, 60, 212, 62),
(40, 61, 54, 70);

-- --------------------------------------------------------

--
-- Δομή πίνακα για τον πίνακα `suppliers`
--

CREATE TABLE `suppliers` (
  `supplier_id` int(11) NOT NULL,
  `full_name` varchar(100) NOT NULL,
  `address` varchar(255) DEFAULT NULL,
  `phone` varchar(20) DEFAULT NULL
) ENGINE=InnoDB DEFAULT CHARSET=utf8mb4 COLLATE=utf8mb4_general_ci;

--
-- Άδειασμα δεδομένων του πίνακα `suppliers`
--

INSERT INTO `suppliers` (`supplier_id`, `full_name`, `address`, `phone`) VALUES
(1, 'Aegean Fresh Produce Co.', 'Οδός Ανθέων 45, Αθήνα, Ελλάδα', '+30 210 1234567'),
(2, 'Hellenic Food Suppliers', 'Οδός Πατησίων 89, Αθήνα, Ελλάδα', '+30 210 9876543'),
(3, 'Ionian Goods Ltd.', 'Οδός Σπύρου Λούη 20, Πάτρα, Ελλάδα', '+30 2610 234567'),
(4, 'Olympus Dairy Products', 'Λεωφόρος Κηφισίας 130, Μαρούσι, Ελλάδα', '+30 210 6543210'),
(5, 'Crete Harvest Exporters', 'Οδός Ιδομενέως 50, Ηράκλειο, Κρήτη', '+30 2810 765432'),
(6, 'ThessFoods S.A.', 'Οδός Εγνατίας 120, Θεσσαλονίκη, Ελλάδα', '+30 2310 111222'),
(7, 'Mediterranean Seafoods', 'Οδός Νεαπόλεως 9, Βόλος, Ελλάδα', '+30 2421 456789'),
(8, 'Santorini Select Wines', 'Οία, Σαντορίνη, Ελλάδα', '+30 2286 987654'),
(9, 'Rhodes Spice Co.', 'Οδός Ρόδου-Λίνδου 55, Ρόδος, Ελλάδα', '+30 2241 123321'),
(10, 'Peloponnesus Farms Ltd.', 'Οδός Κορίνθου 10, Ναύπλιο, Ελλάδα', '+30 2752 678901'),
(11, 'Epirus Organic Suppliers', 'Οδός Καραϊσκάκη 3, Ιωάννινα, Ελλάδα', '+30 2651 567890'),
(12, 'Athens Market Distribution', 'Οδός Αθηνάς 21, Αθήνα, Ελλάδα', '+30 210 3322111'),
(13, 'Aegean Eco Trade', 'Οδός Κρήτης 6, Χίος, Ελλάδα', '+30 2271 445566'),
(14, 'Macedonia Agro', 'Οδός Βενιζέλου 13, Καβάλα, Ελλάδα', '+30 2510 443322'),
(15, 'Delphi Foods Co.', 'Οδός Απόλλωνος 1, Δελφοί, Ελλάδα', '+30 2265 998877'),
(16, 'Zakynthos Fruit Supply', 'Οδός Σολωμού 8, Ζάκυνθος, Ελλάδα', '+30 2695 112233'),
(17, 'Naxos Cheese Traders', 'Οδός Παπαδιαμάντη 4, Νάξος, Ελλάδα', '+30 2285 223344'),
(18, 'Laconia Grains', 'Οδός Σπάρτης 22, Σπάρτη, Ελλάδα', '+30 2731 334455'),
(19, 'Mykonos Premium Meats', 'Χώρα, Μύκονος, Ελλάδα', '+30 2289 556677'),
(20, 'Samos Beverage Co.', 'Οδός Καρλοβάσου 7, Σάμος, Ελλάδα', '+30 2273 667788'),
(21, 'Chania Herbs & Spices', 'Οδός Χατζημιχάλη 18, Χανιά, Κρήτη', '+30 2821 334455'),
(22, 'Kavala Fish Traders', 'Οδός Θάσου 2, Καβάλα, Ελλάδα', '+30 2510 776655'),
(23, 'Volos Mill Co.', 'Οδός Δημητριάδος 100, Βόλος, Ελλάδα', '+30 2421 998877'),
(24, 'Larissa Grain Supply', 'Οδός Φαρσάλων 44, Λάρισα, Ελλάδα', '+30 2410 554433'),
(25, 'Agrinio Olive Co.', 'Οδός Παπαδάτου 12, Αγρίνιο, Ελλάδα', '+30 2641 445566'),
(26, 'Kalamata Olive Exports', 'Οδός Ναυαρίνου 30, Καλαμάτα, Ελλάδα', '+30 2721 998877'),
(27, 'Xanthi Beverage Distributors', 'Οδός Δημοκρατίας 5, Ξάνθη, Ελλάδα', '+30 2541 123456'),
(28, 'Serres Agriculture', 'Οδός Κωνσταντινουπόλεως 14, Σέρρες, Ελλάδα', '+30 2321 654321'),
(29, 'Florina Spice & Tea', 'Οδός Μακεδονομάχων 3, Φλώρινα, Ελλάδα', '+30 2385 445566'),
(30, 'Edessa Dairy Supply', 'Οδός Καραολή 19, Έδεσσα, Ελλάδα', '+30 2381 778899'),
(31, 'Tripoli Supplies Inc.', 'Οδός Λυκούργου 2, Τρίπολη, Ελλάδα', '+30 2710 123321'),
(32, 'Kos Quality Products', 'Οδός Ελευθερίου Βενιζέλου 40, Κως, Ελλάδα', '+30 2242 334455'),
(33, 'Kastoria Premium Goods', 'Οδός Ορεστιάδος 6, Καστοριά, Ελλάδα', '+30 2467 998877'),
(34, 'Grevena Local Produce', 'Οδός Γρεβενών 8, Γρεβενά, Ελλάδα', '+30 2462 556677'),
(35, 'Lamia Agricultural Partners', 'Οδός Ρούμελης 10, Λαμία, Ελλάδα', '+30 2231 332211'),
(36, 'Drama Natural Products', 'Οδός Δράμας 3, Δράμα, Ελλάδα', '+30 2521 887766'),
(37, 'Preveza Coastal Supply', 'Οδός Ναυαρίνου 21, Πρέβεζα, Ελλάδα', '+30 2682 445577'),
(38, 'Kilkis Agri-Fresh', 'Οδός Παπακυριαζή 17, Κιλκίς, Ελλάδα', '+30 2341 778899'),
(39, 'Corfu Island Traders', 'Οδός Σπιανάδας 12, Κέρκυρα, Ελλάδα', '+30 2661 998811'),
(40, 'Lefkada Organic Exports', 'Οδός Αγίου Μηνά 5, Λευκάδα, Ελλάδα', '+30 2645 112244');

-- --------------------------------------------------------

--
-- Δομή πίνακα για τον πίνακα `supplier_product`
--

CREATE TABLE `supplier_product` (
  `supplier_id` int(11) NOT NULL,
  `product_id` int(11) NOT NULL,
  `sale_price` decimal(10,2) DEFAULT NULL
) ENGINE=InnoDB DEFAULT CHARSET=utf8mb4 COLLATE=utf8mb4_general_ci;

--
-- Άδειασμα δεδομένων του πίνακα `supplier_product`
--

INSERT INTO `supplier_product` (`supplier_id`, `product_id`, `sale_price`) VALUES
(1, 1, 105.41),
(1, 3, 46.87),
(1, 4, 60.05),
(1, 5, 46.10),
(1, 6, 38.05),
(1, 8, 171.93),
(1, 9, 143.86),
(1, 11, 98.02),
(1, 12, 49.62),
(1, 13, 79.72),
(1, 14, 97.68),
(1, 15, 169.08),
(1, 16, 193.73),
(1, 18, 172.13),
(1, 19, 41.31),
(1, 20, 170.63),
(1, 21, 66.47),
(1, 22, 2.99),
(1, 25, 94.12),
(1, 26, 189.11),
(1, 27, 73.85),
(1, 28, 181.74),
(1, 29, 192.16),
(1, 30, 112.60),
(1, 31, 88.60),
(1, 32, 93.69),
(1, 33, 79.71),
(1, 34, 195.93),
(1, 35, 161.74),
(1, 36, 121.07),
(1, 39, 168.11),
(1, 40, 97.38),
(1, 41, 101.47),
(1, 42, 156.02),
(1, 43, 132.00),
(1, 45, 16.44),
(1, 46, 186.19),
(1, 47, 110.52),
(1, 49, 116.73),
(1, 50, 198.08),
(1, 51, 160.33),
(1, 52, 85.29),
(1, 53, 182.37),
(1, 55, 123.95),
(1, 56, 134.50),
(1, 57, 132.52),
(1, 58, 132.08),
(1, 59, 22.60),
(1, 60, 32.85),
(1, 61, 85.91),
(2, 1, 155.89),
(2, 2, 42.13),
(2, 3, 107.39),
(2, 4, 123.07),
(2, 5, 174.01),
(2, 6, 77.81),
(2, 7, 184.59),
(2, 9, 138.70),
(2, 13, 130.77),
(2, 14, 56.62),
(2, 15, 129.09),
(2, 16, 88.21),
(2, 17, 160.75),
(2, 18, 93.43),
(2, 20, 77.86),
(2, 22, 187.96),
(2, 25, 106.43),
(2, 26, 84.78),
(2, 27, 127.09),
(2, 28, 131.23),
(2, 29, 12.43),
(2, 30, 96.38),
(2, 31, 134.91),
(2, 32, 119.33),
(2, 33, 191.43),
(2, 34, 152.07),
(2, 35, 43.43),
(2, 37, 100.70),
(2, 38, 90.40),
(2, 39, 79.80),
(2, 40, 148.77),
(2, 41, 145.09),
(2, 42, 154.29),
(2, 43, 165.95),
(2, 44, 190.14),
(2, 48, 47.65),
(2, 49, 95.15),
(2, 50, 151.53),
(2, 51, 161.58),
(2, 52, 163.34),
(2, 53, 61.46),
(2, 54, 171.55),
(2, 55, 37.69),
(2, 57, 90.99),
(2, 58, 7.96),
(2, 59, 65.14),
(2, 60, 25.99),
(2, 61, 187.68),
(3, 1, 96.29),
(3, 2, 92.92),
(3, 3, 5.35),
(3, 4, 84.00),
(3, 6, 30.48),
(3, 8, 12.45),
(3, 9, 179.14),
(3, 11, 155.40),
(3, 12, 185.30),
(3, 13, 146.25),
(3, 14, 190.85),
(3, 15, 189.09),
(3, 16, 26.91),
(3, 17, 152.10),
(3, 18, 86.57),
(3, 19, 86.15),
(3, 20, 44.24),
(3, 21, 176.19),
(3, 23, 119.73),
(3, 24, 21.52),
(3, 25, 197.62),
(3, 26, 84.56),
(3, 27, 124.19),
(3, 28, 72.12),
(3, 29, 97.78),
(3, 31, 176.68),
(3, 32, 158.19),
(3, 33, 23.36),
(3, 34, 54.98),
(3, 36, 97.98),
(3, 38, 191.47),
(3, 39, 54.29),
(3, 40, 117.37),
(3, 42, 172.05),
(3, 43, 2.74),
(3, 44, 138.17),
(3, 46, 198.72),
(3, 47, 34.37),
(3, 48, 178.43),
(3, 50, 159.07),
(3, 51, 26.00),
(3, 52, 88.16),
(3, 54, 81.42),
(3, 56, 82.65),
(3, 58, 57.46),
(3, 60, 40.27),
(3, 61, 9.95),
(4, 1, 69.17),
(4, 3, 60.32),
(4, 4, 49.18),
(4, 7, 58.53),
(4, 9, 27.81),
(4, 10, 135.26),
(4, 11, 73.00),
(4, 12, 192.13),
(4, 13, 150.45),
(4, 14, 11.56),
(4, 15, 28.02),
(4, 16, 127.24),
(4, 19, 164.43),
(4, 20, 57.87),
(4, 23, 113.45),
(4, 24, 168.22),
(4, 26, 88.92),
(4, 27, 17.63),
(4, 28, 44.46),
(4, 29, 151.62),
(4, 30, 70.65),
(4, 31, 170.07),
(4, 33, 135.62),
(4, 34, 87.18),
(4, 35, 1.53),
(4, 36, 8.44),
(4, 37, 124.03),
(4, 39, 53.73),
(4, 40, 125.68),
(4, 41, 153.00),
(4, 42, 145.20),
(4, 43, 52.36),
(4, 44, 184.85),
(4, 46, 87.30),
(4, 47, 60.91),
(4, 48, 14.88),
(4, 49, 127.89),
(4, 50, 72.67),
(4, 51, 154.30),
(4, 52, 57.83),
(4, 53, 120.24),
(4, 54, 173.13),
(4, 55, 115.52),
(4, 58, 20.09),
(4, 59, 102.45),
(4, 61, 36.20),
(5, 1, 15.97),
(5, 2, 66.37),
(5, 3, 65.79),
(5, 4, 40.37),
(5, 5, 188.34),
(5, 6, 163.99),
(5, 7, 100.26),
(5, 8, 59.87),
(5, 9, 179.70),
(5, 10, 157.25),
(5, 11, 170.85),
(5, 12, 124.97),
(5, 13, 6.20),
(5, 16, 187.62),
(5, 18, 135.47),
(5, 19, 1.96),
(5, 20, 40.81),
(5, 21, 152.68),
(5, 22, 52.28),
(5, 23, 100.36),
(5, 24, 20.64),
(5, 25, 137.77),
(5, 26, 164.19),
(5, 28, 44.12),
(5, 32, 28.06),
(5, 33, 67.71),
(5, 34, 39.53),
(5, 35, 13.56),
(5, 36, 89.94),
(5, 37, 30.97),
(5, 38, 101.09),
(5, 39, 116.81),
(5, 40, 104.01),
(5, 41, 197.10),
(5, 42, 15.41),
(5, 44, 88.18),
(5, 45, 174.56),
(5, 46, 40.56),
(5, 47, 146.39),
(5, 48, 89.94),
(5, 49, 58.53),
(5, 51, 163.51),
(5, 52, 8.49),
(5, 53, 19.60),
(5, 55, 146.43),
(5, 57, 152.40),
(5, 59, 47.17),
(5, 60, 119.92),
(6, 1, 55.13),
(6, 2, 166.41),
(6, 3, 102.75),
(6, 4, 3.86),
(6, 5, 110.95),
(6, 6, 15.98),
(6, 8, 7.03),
(6, 9, 44.73),
(6, 10, 70.50),
(6, 11, 98.14),
(6, 12, 157.68),
(6, 13, 181.24),
(6, 14, 25.29),
(6, 18, 119.33),
(6, 19, 132.58),
(6, 20, 135.72),
(6, 21, 172.98),
(6, 22, 8.68),
(6, 23, 19.93),
(6, 24, 175.64),
(6, 25, 161.29),
(6, 27, 59.95),
(6, 28, 65.56),
(6, 29, 147.00),
(6, 30, 72.81),
(6, 31, 117.87),
(6, 35, 146.80),
(6, 36, 29.69),
(6, 37, 150.14),
(6, 38, 122.78),
(6, 39, 76.52),
(6, 40, 78.73),
(6, 42, 106.65),
(6, 44, 110.21),
(6, 45, 65.77),
(6, 47, 40.92),
(6, 49, 40.52),
(6, 50, 32.72),
(6, 51, 10.84),
(6, 52, 158.60),
(6, 53, 52.99),
(6, 54, 195.06),
(6, 55, 123.10),
(6, 56, 74.90),
(6, 57, 177.81),
(6, 58, 63.11),
(6, 59, 16.58),
(6, 60, 185.30),
(6, 61, 147.83),
(7, 1, 120.33),
(7, 2, 54.59),
(7, 3, 176.81),
(7, 4, 84.12),
(7, 5, 25.02),
(7, 6, 97.32),
(7, 7, 165.45),
(7, 8, 160.00),
(7, 9, 58.57),
(7, 10, 20.01),
(7, 11, 101.15),
(7, 12, 152.51),
(7, 13, 83.55),
(7, 14, 140.90),
(7, 15, 150.17),
(7, 16, 81.94),
(7, 17, 127.51),
(7, 19, 1.88),
(7, 20, 176.95),
(7, 21, 153.62),
(7, 22, 5.70),
(7, 23, 149.68),
(7, 24, 83.59),
(7, 26, 35.58),
(7, 27, 153.85),
(7, 28, 123.98),
(7, 29, 30.39),
(7, 30, 114.76),
(7, 31, 124.56),
(7, 32, 33.42),
(7, 33, 11.49),
(7, 34, 1.50),
(7, 35, 190.07),
(7, 36, 189.80),
(7, 37, 148.45),
(7, 38, 45.50),
(7, 39, 126.91),
(7, 40, 191.50),
(7, 42, 167.54),
(7, 43, 88.82),
(7, 44, 53.98),
(7, 45, 12.27),
(7, 46, 140.24),
(7, 47, 21.16),
(7, 48, 133.55),
(7, 49, 33.79),
(7, 50, 109.18),
(7, 51, 188.20),
(7, 52, 39.97),
(7, 53, 33.67),
(7, 54, 118.43),
(7, 55, 50.79),
(7, 56, 61.67),
(7, 57, 67.65),
(7, 58, 196.39),
(7, 59, 77.12),
(7, 60, 23.36),
(7, 61, 39.03),
(8, 1, 166.06),
(8, 2, 22.83),
(8, 3, 99.78),
(8, 4, 119.70),
(8, 5, 66.64),
(8, 6, 75.78),
(8, 8, 114.89),
(8, 9, 37.38),
(8, 10, 180.91),
(8, 11, 48.62),
(8, 13, 128.57),
(8, 14, 109.43),
(8, 15, 170.77),
(8, 16, 29.37),
(8, 17, 27.82),
(8, 19, 73.35),
(8, 20, 58.41),
(8, 21, 40.21),
(8, 23, 192.58),
(8, 24, 105.72),
(8, 25, 173.83),
(8, 26, 36.12),
(8, 28, 76.50),
(8, 29, 45.77),
(8, 30, 47.46),
(8, 31, 147.78),
(8, 32, 177.94),
(8, 33, 198.12),
(8, 35, 149.96),
(8, 36, 189.78),
(8, 37, 119.05),
(8, 38, 106.63),
(8, 39, 24.93),
(8, 40, 66.31),
(8, 41, 30.03),
(8, 42, 103.25),
(8, 44, 198.95),
(8, 46, 136.17),
(8, 47, 52.17),
(8, 48, 191.73),
(8, 49, 165.62),
(8, 51, 145.21),
(8, 52, 149.22),
(8, 53, 20.23),
(8, 54, 154.00),
(8, 55, 18.07),
(8, 56, 36.25),
(8, 57, 1.51),
(8, 58, 128.44),
(8, 59, 73.39),
(8, 60, 6.77),
(8, 61, 10.28),
(9, 2, 59.85),
(9, 4, 125.78),
(9, 5, 120.74),
(9, 6, 121.02),
(9, 7, 120.18),
(9, 8, 12.85),
(9, 9, 9.94),
(9, 10, 151.51),
(9, 11, 53.31),
(9, 12, 45.94),
(9, 13, 116.66),
(9, 14, 114.78),
(9, 15, 141.94),
(9, 16, 88.02),
(9, 17, 165.05),
(9, 21, 167.35),
(9, 23, 180.01),
(9, 24, 126.07),
(9, 25, 19.99),
(9, 26, 143.80),
(9, 27, 131.94),
(9, 28, 191.79),
(9, 29, 1.43),
(9, 33, 150.49),
(9, 35, 91.49),
(9, 36, 193.57),
(9, 37, 184.45),
(9, 38, 104.53),
(9, 39, 195.02),
(9, 40, 187.17),
(9, 41, 36.90),
(9, 42, 11.71),
(9, 44, 50.60),
(9, 45, 189.23),
(9, 46, 54.55),
(9, 47, 97.02),
(9, 49, 55.05),
(9, 50, 121.32),
(9, 51, 178.80),
(9, 52, 170.85),
(9, 53, 26.64),
(9, 54, 54.20),
(9, 55, 80.88),
(9, 56, 37.61),
(9, 57, 186.61),
(9, 59, 16.79),
(9, 60, 104.14),
(9, 61, 32.28),
(10, 1, 90.71),
(10, 2, 150.26),
(10, 3, 111.01),
(10, 4, 95.10),
(10, 5, 40.51),
(10, 7, 24.91),
(10, 8, 149.45),
(10, 10, 192.82),
(10, 11, 105.68),
(10, 12, 101.70),
(10, 13, 24.44),
(10, 14, 47.52),
(10, 15, 90.29),
(10, 16, 147.01),
(10, 17, 84.78),
(10, 18, 179.04),
(10, 19, 137.38),
(10, 20, 153.56),
(10, 22, 78.58),
(10, 23, 6.81),
(10, 24, 33.42),
(10, 26, 144.50),
(10, 27, 37.09),
(10, 30, 40.80),
(10, 31, 179.86),
(10, 32, 143.41),
(10, 33, 52.08),
(10, 34, 196.18),
(10, 35, 68.51),
(10, 37, 84.42),
(10, 39, 104.59),
(10, 40, 50.78),
(10, 41, 154.82),
(10, 42, 135.63),
(10, 43, 146.26),
(10, 45, 66.21),
(10, 46, 197.19),
(10, 47, 53.91),
(10, 49, 95.04),
(10, 50, 159.08),
(10, 51, 140.81),
(10, 52, 12.87),
(10, 53, 91.01),
(10, 54, 110.60),
(10, 56, 89.18),
(10, 59, 113.22),
(10, 60, 31.01),
(10, 61, 156.77),
(11, 2, 168.72),
(11, 3, 112.08),
(11, 4, 11.89),
(11, 5, 37.56),
(11, 6, 180.97),
(11, 8, 66.56),
(11, 9, 53.42),
(11, 10, 44.42),
(11, 11, 171.22),
(11, 12, 69.41),
(11, 13, 151.22),
(11, 14, 83.93),
(11, 15, 135.94),
(11, 17, 67.39),
(11, 18, 67.75),
(11, 20, 10.70),
(11, 21, 39.66),
(11, 22, 149.19),
(11, 23, 192.64),
(11, 24, 33.93),
(11, 25, 106.49),
(11, 26, 13.27),
(11, 28, 176.50),
(11, 29, 176.17),
(11, 30, 47.76),
(11, 32, 196.00),
(11, 33, 35.54),
(11, 34, 95.43),
(11, 35, 171.09),
(11, 36, 59.05),
(11, 38, 58.19),
(11, 40, 155.81),
(11, 41, 70.95),
(11, 43, 134.71),
(11, 44, 68.03),
(11, 45, 15.94),
(11, 46, 86.31),
(11, 47, 165.54),
(11, 49, 184.54),
(11, 51, 57.32),
(11, 52, 44.13),
(11, 55, 17.76),
(11, 56, 75.86),
(11, 57, 142.77),
(11, 59, 103.94),
(11, 61, 29.00),
(12, 1, 21.54),
(12, 3, 34.43),
(12, 4, 82.64),
(12, 6, 39.75),
(12, 7, 105.85),
(12, 9, 45.36),
(12, 10, 32.28),
(12, 11, 4.59),
(12, 12, 186.64),
(12, 13, 199.63),
(12, 14, 54.99),
(12, 15, 103.42),
(12, 16, 18.33),
(12, 17, 8.76),
(12, 18, 124.58),
(12, 20, 136.50),
(12, 21, 138.59),
(12, 22, 151.42),
(12, 23, 154.28),
(12, 25, 146.51),
(12, 26, 1.73),
(12, 27, 67.48),
(12, 28, 104.51),
(12, 29, 17.00),
(12, 30, 45.86),
(12, 31, 9.39),
(12, 32, 190.92),
(12, 34, 169.95),
(12, 36, 5.72),
(12, 38, 182.98),
(12, 40, 79.20),
(12, 41, 56.56),
(12, 42, 86.58),
(12, 43, 96.06),
(12, 44, 104.00),
(12, 45, 75.23),
(12, 46, 90.16),
(12, 47, 26.55),
(12, 48, 120.98),
(12, 50, 66.67),
(12, 51, 147.15),
(12, 53, 181.41),
(12, 54, 65.58),
(12, 55, 66.00),
(12, 56, 106.33),
(12, 57, 93.46),
(12, 58, 68.11),
(12, 59, 15.99),
(12, 61, 138.95),
(13, 2, 22.08),
(13, 3, 191.30),
(13, 4, 188.08),
(13, 5, 117.66),
(13, 6, 147.73),
(13, 7, 125.99),
(13, 8, 44.94),
(13, 9, 133.16),
(13, 10, 69.59),
(13, 11, 95.91),
(13, 13, 102.09),
(13, 14, 139.42),
(13, 15, 23.22),
(13, 16, 198.10),
(13, 17, 61.43),
(13, 18, 22.88),
(13, 19, 88.53),
(13, 20, 90.48),
(13, 21, 70.07),
(13, 24, 146.20),
(13, 25, 180.48),
(13, 26, 39.40),
(13, 27, 0.85),
(13, 28, 114.21),
(13, 29, 185.16),
(13, 30, 169.55),
(13, 31, 141.43),
(13, 32, 189.36),
(13, 33, 195.97),
(13, 34, 49.36),
(13, 35, 57.87),
(13, 36, 187.96),
(13, 38, 176.91),
(13, 39, 108.54),
(13, 40, 100.17),
(13, 41, 167.28),
(13, 44, 1.24),
(13, 45, 151.76),
(13, 46, 109.09),
(13, 47, 154.62),
(13, 48, 81.37),
(13, 50, 112.55),
(13, 51, 22.81),
(13, 52, 115.84),
(13, 53, 22.89),
(13, 54, 145.39),
(13, 55, 18.73),
(13, 56, 147.93),
(13, 57, 153.89),
(13, 58, 22.44),
(13, 59, 190.13),
(13, 60, 198.64),
(13, 61, 122.62),
(14, 1, 188.10),
(14, 2, 2.52),
(14, 3, 181.14),
(14, 4, 105.70),
(14, 5, 141.41),
(14, 7, 36.65),
(14, 8, 47.51),
(14, 9, 62.97),
(14, 10, 80.77),
(14, 12, 123.42),
(14, 14, 90.99),
(14, 15, 177.27),
(14, 17, 21.32),
(14, 20, 70.31),
(14, 21, 181.48),
(14, 22, 21.58),
(14, 23, 15.13),
(14, 24, 20.51),
(14, 25, 97.85),
(14, 26, 11.81),
(14, 27, 13.92),
(14, 28, 149.13),
(14, 29, 96.16),
(14, 30, 13.22),
(14, 31, 7.16),
(14, 32, 167.12),
(14, 33, 44.70),
(14, 35, 65.49),
(14, 36, 125.12),
(14, 37, 196.35),
(14, 38, 42.37),
(14, 39, 111.66),
(14, 40, 22.65),
(14, 41, 192.21),
(14, 43, 94.52),
(14, 44, 130.39),
(14, 45, 47.61),
(14, 46, 36.65),
(14, 47, 60.17),
(14, 51, 156.25),
(14, 53, 35.93),
(14, 55, 9.88),
(14, 56, 183.15),
(14, 58, 53.14),
(14, 59, 180.40),
(14, 60, 139.33),
(15, 1, 186.66),
(15, 2, 27.66),
(15, 4, 166.99),
(15, 5, 67.99),
(15, 7, 196.21),
(15, 8, 81.87),
(15, 9, 125.67),
(15, 10, 97.49),
(15, 12, 176.11),
(15, 13, 18.58),
(15, 14, 180.86),
(15, 15, 197.17),
(15, 16, 161.13),
(15, 17, 110.30),
(15, 18, 57.55),
(15, 19, 47.33),
(15, 20, 75.83),
(15, 21, 196.26),
(15, 22, 10.92),
(15, 23, 89.40),
(15, 24, 66.15),
(15, 25, 12.09),
(15, 26, 71.44),
(15, 27, 85.35),
(15, 28, 33.35),
(15, 29, 81.14),
(15, 30, 175.17),
(15, 31, 71.16),
(15, 33, 79.67),
(15, 35, 60.57),
(15, 36, 175.68),
(15, 37, 100.39),
(15, 38, 44.33),
(15, 39, 104.32),
(15, 42, 96.63),
(15, 43, 157.22),
(15, 44, 198.09),
(15, 45, 41.57),
(15, 46, 109.98),
(15, 48, 150.50),
(15, 49, 147.96),
(15, 50, 160.57),
(15, 52, 146.02),
(15, 53, 162.74),
(15, 54, 197.56),
(15, 55, 81.60),
(15, 56, 67.09),
(15, 57, 59.90),
(15, 59, 103.21),
(15, 60, 60.37),
(15, 61, 84.79),
(16, 1, 67.23),
(16, 2, 27.22),
(16, 4, 198.44),
(16, 5, 114.05),
(16, 8, 13.62),
(16, 10, 64.12),
(16, 11, 174.53),
(16, 12, 76.03),
(16, 13, 175.49),
(16, 15, 116.50),
(16, 16, 11.72),
(16, 17, 46.47),
(16, 18, 166.33),
(16, 19, 77.07),
(16, 20, 12.95),
(16, 21, 159.78),
(16, 22, 67.17),
(16, 24, 76.50),
(16, 25, 92.15),
(16, 26, 71.58),
(16, 27, 97.79),
(16, 28, 158.34),
(16, 29, 73.32),
(16, 30, 4.60),
(16, 31, 76.30),
(16, 32, 53.90),
(16, 33, 158.69),
(16, 34, 69.29),
(16, 35, 51.53),
(16, 36, 99.38),
(16, 38, 138.76),
(16, 39, 192.61),
(16, 40, 101.18),
(16, 41, 1.84),
(16, 42, 164.36),
(16, 43, 57.61),
(16, 44, 127.05),
(16, 45, 2.99),
(16, 46, 114.28),
(16, 48, 133.34),
(16, 50, 80.14),
(16, 51, 148.51),
(16, 52, 103.78),
(16, 53, 82.28),
(16, 54, 129.13),
(16, 55, 133.65),
(16, 56, 162.67),
(16, 57, 175.38),
(16, 58, 64.14),
(16, 59, 183.94),
(16, 60, 176.42),
(16, 61, 193.57),
(17, 2, 183.49),
(17, 3, 178.88),
(17, 4, 17.52),
(17, 5, 40.79),
(17, 6, 174.94),
(17, 7, 158.93),
(17, 8, 132.29),
(17, 9, 86.20),
(17, 10, 48.40),
(17, 11, 25.27),
(17, 12, 67.36),
(17, 13, 103.20),
(17, 14, 172.77),
(17, 15, 157.13),
(17, 16, 9.79),
(17, 17, 98.20),
(17, 18, 147.58),
(17, 22, 147.55),
(17, 23, 78.61),
(17, 24, 2.48),
(17, 25, 158.14),
(17, 26, 121.32),
(17, 27, 88.60),
(17, 30, 4.73),
(17, 31, 48.58),
(17, 32, 134.06),
(17, 33, 28.01),
(17, 34, 15.36),
(17, 35, 130.09),
(17, 36, 133.72),
(17, 37, 43.95),
(17, 38, 57.12),
(17, 39, 128.65),
(17, 40, 64.65),
(17, 41, 96.18),
(17, 42, 171.96),
(17, 43, 43.85),
(17, 44, 180.41),
(17, 45, 28.18),
(17, 46, 191.76),
(17, 47, 134.04),
(17, 48, 167.98),
(17, 49, 181.22),
(17, 50, 139.45),
(17, 51, 24.75),
(17, 52, 67.96),
(17, 53, 115.60),
(17, 55, 49.79),
(17, 57, 54.91),
(17, 58, 139.09),
(17, 59, 124.33),
(17, 60, 74.17),
(17, 61, 1.18),
(18, 1, 191.38),
(18, 2, 65.22),
(18, 3, 26.11),
(18, 4, 31.10),
(18, 6, 88.27),
(18, 8, 126.20),
(18, 9, 156.57),
(18, 10, 166.53),
(18, 11, 21.24),
(18, 12, 173.76),
(18, 13, 180.63),
(18, 14, 40.08),
(18, 16, 51.13),
(18, 17, 185.31),
(18, 18, 19.98),
(18, 21, 149.89),
(18, 22, 114.96),
(18, 23, 15.70),
(18, 24, 167.65),
(18, 26, 191.26),
(18, 27, 73.57),
(18, 28, 75.11),
(18, 29, 141.77),
(18, 30, 97.33),
(18, 31, 90.01),
(18, 32, 20.01),
(18, 33, 61.26),
(18, 34, 54.71),
(18, 35, 110.80),
(18, 36, 95.23),
(18, 37, 171.01),
(18, 38, 69.40),
(18, 40, 2.67),
(18, 41, 25.95),
(18, 42, 65.93),
(18, 43, 91.92),
(18, 44, 83.06),
(18, 45, 158.02),
(18, 46, 156.44),
(18, 47, 144.89),
(18, 49, 180.01),
(18, 51, 134.40),
(18, 52, 49.26),
(18, 53, 140.77),
(18, 55, 64.42),
(18, 56, 41.95),
(18, 57, 163.24),
(18, 60, 67.25),
(18, 61, 24.24),
(19, 1, 196.43),
(19, 2, 185.43),
(19, 3, 37.02),
(19, 6, 124.54),
(19, 7, 58.66),
(19, 8, 3.36),
(19, 9, 70.29),
(19, 10, 120.63),
(19, 11, 175.22),
(19, 12, 181.07),
(19, 13, 0.99),
(19, 15, 28.90),
(19, 17, 125.56),
(19, 18, 50.10),
(19, 19, 47.85),
(19, 20, 12.64),
(19, 21, 45.45),
(19, 22, 18.63),
(19, 23, 82.95),
(19, 24, 35.18),
(19, 25, 132.04),
(19, 26, 33.47),
(19, 30, 81.30),
(19, 32, 14.59),
(19, 33, 78.12),
(19, 34, 156.79),
(19, 35, 116.98),
(19, 36, 13.75),
(19, 39, 120.97),
(19, 40, 146.27),
(19, 41, 88.82),
(19, 44, 41.75),
(19, 45, 135.06),
(19, 46, 32.74),
(19, 47, 2.73),
(19, 48, 74.26),
(19, 50, 116.98),
(19, 51, 12.87),
(19, 52, 96.91),
(19, 53, 185.43),
(19, 54, 48.25),
(19, 55, 35.31),
(19, 56, 54.22),
(19, 57, 43.47),
(19, 58, 98.11),
(19, 59, 48.85),
(19, 60, 2.85),
(19, 61, 173.07),
(20, 3, 113.45),
(20, 4, 195.50),
(20, 5, 42.94),
(20, 6, 17.73),
(20, 7, 45.35),
(20, 8, 150.48),
(20, 9, 165.35),
(20, 10, 99.31),
(20, 11, 13.40),
(20, 12, 5.46),
(20, 13, 40.51),
(20, 14, 15.32),
(20, 15, 137.67),
(20, 16, 115.39),
(20, 18, 81.05),
(20, 19, 50.23),
(20, 20, 57.32),
(20, 21, 4.80),
(20, 22, 148.04),
(20, 23, 145.56),
(20, 24, 171.76),
(20, 25, 57.77),
(20, 27, 24.10),
(20, 28, 197.23),
(20, 29, 61.47),
(20, 31, 199.79),
(20, 32, 174.40),
(20, 33, 195.29),
(20, 34, 81.87),
(20, 35, 25.84),
(20, 36, 113.70),
(20, 37, 67.50),
(20, 38, 183.91),
(20, 39, 65.15),
(20, 41, 48.58),
(20, 42, 156.99),
(20, 43, 23.45),
(20, 45, 140.77),
(20, 46, 157.82),
(20, 48, 160.65),
(20, 50, 159.40),
(20, 51, 19.76),
(20, 54, 71.32),
(20, 55, 50.95),
(20, 58, 129.14),
(20, 59, 75.57),
(20, 61, 78.60),
(21, 1, 76.13),
(21, 2, 119.64),
(21, 3, 92.31),
(21, 5, 116.23),
(21, 6, 83.47),
(21, 7, 61.49),
(21, 8, 3.82),
(21, 9, 68.52),
(21, 10, 35.19),
(21, 11, 76.53),
(21, 12, 46.53),
(21, 14, 116.62),
(21, 15, 58.31),
(21, 17, 182.00),
(21, 18, 40.05),
(21, 19, 135.98),
(21, 20, 17.28),
(21, 21, 8.17),
(21, 22, 6.54),
(21, 23, 185.32),
(21, 25, 139.74),
(21, 27, 167.38),
(21, 29, 45.01),
(21, 30, 196.51),
(21, 32, 78.71),
(21, 33, 148.02),
(21, 35, 175.61),
(21, 36, 134.63),
(21, 37, 16.97),
(21, 38, 65.45),
(21, 39, 129.16),
(21, 40, 117.91),
(21, 41, 85.55),
(21, 42, 7.12),
(21, 43, 73.94),
(21, 44, 53.20),
(21, 46, 180.03),
(21, 49, 36.99),
(21, 50, 107.70),
(21, 51, 183.01),
(21, 52, 115.50),
(21, 54, 83.59),
(21, 57, 136.58),
(21, 58, 137.12),
(21, 59, 142.85),
(21, 60, 86.49),
(21, 61, 196.48),
(22, 1, 112.94),
(22, 2, 33.48),
(22, 3, 70.66),
(22, 4, 127.95),
(22, 7, 14.27),
(22, 8, 189.81),
(22, 9, 107.85),
(22, 10, 141.40),
(22, 11, 63.29),
(22, 12, 2.05),
(22, 13, 130.16),
(22, 14, 76.18),
(22, 15, 199.57),
(22, 16, 14.17),
(22, 17, 44.09),
(22, 19, 20.09),
(22, 20, 126.33),
(22, 21, 41.57),
(22, 22, 68.88),
(22, 23, 68.17),
(22, 24, 195.76),
(22, 25, 77.27),
(22, 26, 196.59),
(22, 28, 167.24),
(22, 30, 147.86),
(22, 31, 21.63),
(22, 33, 47.44),
(22, 37, 185.10),
(22, 38, 156.66),
(22, 39, 175.74),
(22, 40, 16.71),
(22, 41, 77.30),
(22, 42, 167.44),
(22, 44, 75.09),
(22, 45, 49.20),
(22, 46, 42.57),
(22, 48, 163.02),
(22, 49, 30.18),
(22, 50, 125.55),
(22, 51, 191.60),
(22, 52, 83.30),
(22, 53, 14.08),
(22, 54, 169.77),
(22, 55, 190.70),
(22, 56, 30.37),
(22, 57, 4.48),
(22, 58, 181.85),
(22, 59, 83.23),
(22, 60, 67.28),
(22, 61, 103.10),
(23, 1, 28.07),
(23, 2, 182.49),
(23, 4, 31.01),
(23, 5, 73.78),
(23, 7, 186.30),
(23, 10, 19.37),
(23, 12, 20.45),
(23, 13, 142.47),
(23, 14, 60.56),
(23, 15, 75.21),
(23, 17, 85.65),
(23, 18, 153.66),
(23, 19, 75.93),
(23, 20, 183.94),
(23, 22, 144.38),
(23, 23, 96.07),
(23, 24, 141.88),
(23, 25, 184.00),
(23, 26, 87.16),
(23, 28, 63.75),
(23, 29, 154.29),
(23, 30, 95.94),
(23, 31, 43.78),
(23, 32, 8.88),
(23, 34, 71.30),
(23, 35, 145.22),
(23, 37, 2.73),
(23, 38, 187.65),
(23, 39, 6.63),
(23, 40, 38.52),
(23, 41, 183.23),
(23, 42, 51.57),
(23, 43, 107.43),
(23, 44, 183.93),
(23, 45, 89.14),
(23, 46, 32.82),
(23, 47, 112.52),
(23, 48, 84.56),
(23, 49, 37.16),
(23, 51, 103.05),
(23, 52, 194.82),
(23, 53, 143.19),
(23, 54, 71.02),
(23, 55, 69.34),
(23, 56, 29.53),
(23, 57, 172.16),
(23, 58, 52.75),
(23, 59, 82.15),
(23, 60, 16.53),
(24, 1, 145.66),
(24, 3, 50.85),
(24, 4, 154.55),
(24, 5, 118.42),
(24, 6, 52.78),
(24, 7, 10.40),
(24, 8, 112.31),
(24, 10, 79.23),
(24, 11, 56.23),
(24, 12, 78.19),
(24, 13, 49.55),
(24, 14, 13.85),
(24, 15, 2.21),
(24, 16, 26.12),
(24, 17, 85.82),
(24, 19, 108.03),
(24, 20, 49.12),
(24, 21, 12.81),
(24, 22, 167.64),
(24, 23, 60.06),
(24, 24, 123.97),
(24, 25, 95.23),
(24, 26, 125.77),
(24, 27, 182.25),
(24, 28, 130.38),
(24, 30, 8.65),
(24, 31, 197.61),
(24, 32, 32.58),
(24, 33, 104.45),
(24, 34, 88.39),
(24, 35, 92.25),
(24, 36, 70.71),
(24, 37, 57.49),
(24, 38, 59.15),
(24, 39, 134.29),
(24, 40, 116.39),
(24, 42, 66.26),
(24, 43, 133.12),
(24, 45, 65.63),
(24, 46, 197.30),
(24, 47, 132.50),
(24, 48, 148.24),
(24, 49, 32.53),
(24, 50, 61.57),
(24, 52, 154.31),
(24, 53, 82.50),
(24, 55, 91.41),
(24, 56, 176.69),
(24, 57, 10.69),
(24, 59, 28.52),
(24, 60, 193.59),
(24, 61, 123.22),
(25, 2, 87.16),
(25, 3, 127.73),
(25, 4, 135.82),
(25, 5, 146.76),
(25, 6, 43.94),
(25, 7, 49.78),
(25, 8, 137.57),
(25, 9, 78.46),
(25, 10, 2.54),
(25, 11, 3.91),
(25, 12, 184.51),
(25, 14, 176.05),
(25, 15, 56.75),
(25, 16, 126.67),
(25, 17, 21.43),
(25, 18, 51.36),
(25, 19, 155.70),
(25, 20, 10.80),
(25, 21, 119.53),
(25, 22, 115.75),
(25, 23, 76.04),
(25, 24, 167.63),
(25, 25, 137.82),
(25, 27, 94.42),
(25, 28, 3.44),
(25, 29, 17.00),
(25, 30, 174.96),
(25, 31, 46.39),
(25, 32, 108.25),
(25, 33, 95.70),
(25, 34, 10.53),
(25, 35, 105.55),
(25, 36, 49.17),
(25, 37, 141.23),
(25, 38, 28.98),
(25, 39, 3.08),
(25, 40, 119.97),
(25, 41, 190.92),
(25, 42, 10.44),
(25, 43, 97.79),
(25, 45, 168.75),
(25, 46, 83.07),
(25, 47, 49.21),
(25, 48, 189.66),
(25, 49, 20.92),
(25, 50, 181.34),
(25, 51, 172.42),
(25, 52, 193.47),
(25, 54, 95.60),
(25, 55, 148.38),
(25, 56, 161.55),
(25, 57, 185.57),
(25, 58, 93.11),
(25, 61, 176.31),
(26, 1, 52.49),
(26, 2, 56.81),
(26, 3, 140.64),
(26, 4, 189.49),
(26, 5, 49.98),
(26, 6, 7.48),
(26, 7, 184.06),
(26, 8, 141.15),
(26, 10, 114.31),
(26, 11, 172.95),
(26, 12, 9.06),
(26, 13, 176.41),
(26, 14, 111.78),
(26, 16, 170.54),
(26, 17, 132.49),
(26, 18, 41.40),
(26, 19, 74.33),
(26, 20, 166.43),
(26, 22, 145.54),
(26, 23, 124.24),
(26, 24, 123.23),
(26, 25, 62.00),
(26, 26, 135.81),
(26, 29, 138.76),
(26, 30, 68.21),
(26, 31, 16.38),
(26, 34, 187.13),
(26, 35, 183.52),
(26, 36, 43.85),
(26, 38, 115.73),
(26, 39, 19.69),
(26, 40, 111.66),
(26, 41, 117.07),
(26, 42, 116.76),
(26, 43, 127.43),
(26, 44, 170.94),
(26, 45, 29.64),
(26, 46, 13.31),
(26, 47, 157.07),
(26, 48, 154.08),
(26, 49, 135.39),
(26, 50, 6.28),
(26, 51, 74.34),
(26, 52, 128.34),
(26, 53, 153.14),
(26, 54, 44.12),
(26, 56, 9.37),
(26, 57, 155.05),
(26, 58, 162.65),
(26, 60, 35.74),
(26, 61, 173.47),
(27, 2, 104.07),
(27, 3, 14.41),
(27, 4, 61.64),
(27, 7, 91.08),
(27, 9, 9.71),
(27, 10, 65.83),
(27, 11, 158.39),
(27, 12, 162.96),
(27, 14, 64.07),
(27, 15, 80.74),
(27, 17, 103.01),
(27, 18, 52.15),
(27, 19, 98.85),
(27, 20, 99.02),
(27, 22, 192.87),
(27, 24, 33.74),
(27, 25, 87.83),
(27, 26, 48.00),
(27, 27, 86.03),
(27, 29, 32.04),
(27, 31, 167.91),
(27, 33, 75.84),
(27, 34, 152.96),
(27, 35, 106.26),
(27, 36, 133.60),
(27, 37, 83.23),
(27, 39, 133.15),
(27, 40, 104.61),
(27, 41, 3.89),
(27, 42, 48.24),
(27, 44, 128.54),
(27, 45, 171.91),
(27, 46, 76.75),
(27, 47, 47.86),
(27, 48, 65.82),
(27, 49, 104.58),
(27, 50, 90.79),
(27, 51, 176.61),
(27, 52, 67.56),
(27, 53, 140.63),
(27, 55, 73.95),
(27, 56, 117.32),
(27, 57, 101.76),
(27, 59, 157.23),
(27, 60, 105.51),
(27, 61, 3.25),
(28, 1, 64.74),
(28, 2, 155.33),
(28, 3, 180.65),
(28, 4, 135.79),
(28, 6, 150.09),
(28, 7, 77.53),
(28, 8, 18.75),
(28, 9, 194.76),
(28, 10, 63.12),
(28, 12, 111.69),
(28, 13, 75.48),
(28, 14, 85.20),
(28, 15, 35.88),
(28, 16, 44.04),
(28, 17, 131.70),
(28, 18, 71.60),
(28, 19, 111.12),
(28, 20, 57.21),
(28, 21, 70.03),
(28, 22, 145.00),
(28, 23, 106.51),
(28, 24, 175.13),
(28, 25, 116.69),
(28, 26, 53.83),
(28, 27, 23.48),
(28, 28, 180.90),
(28, 29, 199.07),
(28, 30, 39.91),
(28, 31, 17.75),
(28, 33, 11.33),
(28, 34, 33.73),
(28, 35, 56.61),
(28, 36, 81.38),
(28, 38, 46.34),
(28, 39, 174.41),
(28, 40, 154.37),
(28, 42, 25.22),
(28, 43, 89.31),
(28, 44, 166.74),
(28, 45, 102.91),
(28, 46, 20.75),
(28, 47, 37.67),
(28, 48, 12.49),
(28, 49, 48.37),
(28, 50, 12.65),
(28, 51, 120.64),
(28, 52, 97.66),
(28, 53, 7.07),
(28, 54, 146.42),
(28, 55, 29.95),
(28, 56, 14.41),
(28, 57, 193.81),
(28, 58, 35.94),
(28, 59, 164.09),
(28, 60, 64.61),
(28, 61, 87.32),
(29, 1, 148.82),
(29, 2, 4.66),
(29, 4, 28.13),
(29, 5, 38.96),
(29, 6, 26.80),
(29, 7, 52.39),
(29, 9, 161.98),
(29, 10, 78.63),
(29, 11, 116.18),
(29, 13, 69.55),
(29, 14, 178.48),
(29, 15, 188.09),
(29, 17, 98.32),
(29, 18, 12.47),
(29, 19, 69.46),
(29, 20, 168.33),
(29, 22, 189.38),
(29, 25, 85.75),
(29, 26, 71.74),
(29, 27, 127.68),
(29, 28, 171.63),
(29, 29, 175.36),
(29, 30, 126.89),
(29, 31, 152.42),
(29, 32, 94.27),
(29, 33, 50.22),
(29, 34, 28.83),
(29, 35, 73.15),
(29, 36, 74.10),
(29, 37, 90.14),
(29, 38, 155.89),
(29, 39, 142.13),
(29, 40, 125.75),
(29, 41, 92.87),
(29, 42, 124.05),
(29, 43, 175.54),
(29, 44, 104.10),
(29, 45, 163.92),
(29, 46, 2.58),
(29, 47, 108.89),
(29, 48, 66.87),
(29, 49, 55.28),
(29, 50, 13.28),
(29, 51, 51.36),
(29, 52, 65.90),
(29, 53, 79.68),
(29, 54, 158.95),
(29, 55, 126.12),
(29, 56, 18.26),
(29, 57, 144.48),
(29, 58, 7.35),
(29, 59, 52.10),
(29, 60, 79.75),
(29, 61, 102.90),
(30, 1, 163.75),
(30, 3, 82.13),
(30, 4, 114.87),
(30, 5, 133.42),
(30, 6, 89.32),
(30, 7, 53.87),
(30, 8, 26.06),
(30, 9, 124.50),
(30, 11, 141.64),
(30, 12, 1.71),
(30, 13, 54.98),
(30, 14, 55.69),
(30, 15, 10.36),
(30, 16, 143.37),
(30, 17, 87.99),
(30, 18, 17.16),
(30, 19, 34.68),
(30, 20, 47.79),
(30, 21, 72.88),
(30, 22, 8.85),
(30, 23, 27.99),
(30, 24, 112.44),
(30, 26, 159.75),
(30, 27, 147.66),
(30, 28, 169.34),
(30, 29, 185.80),
(30, 30, 104.85),
(30, 31, 135.53),
(30, 32, 147.43),
(30, 33, 97.03),
(30, 34, 38.32),
(30, 36, 123.18),
(30, 37, 96.94),
(30, 38, 165.90),
(30, 40, 161.07),
(30, 41, 198.90),
(30, 43, 26.38),
(30, 44, 188.29),
(30, 45, 99.39),
(30, 46, 155.32),
(30, 47, 164.61),
(30, 48, 111.84),
(30, 49, 168.72),
(30, 51, 39.06),
(30, 53, 87.94),
(30, 54, 186.45),
(30, 55, 137.46),
(30, 56, 0.98),
(30, 59, 91.96),
(30, 60, 34.73),
(30, 61, 126.02),
(31, 1, 145.32),
(31, 2, 10.52),
(31, 3, 151.55),
(31, 5, 37.66),
(31, 6, 165.74),
(31, 7, 25.34),
(31, 9, 69.75),
(31, 10, 92.52),
(31, 11, 182.79),
(31, 12, 89.13),
(31, 13, 127.38),
(31, 15, 2.34),
(31, 17, 88.65),
(31, 18, 198.34),
(31, 19, 98.80),
(31, 20, 3.58),
(31, 21, 167.69),
(31, 22, 38.73),
(31, 23, 131.86),
(31, 24, 102.74),
(31, 25, 160.21),
(31, 26, 32.17),
(31, 27, 130.64),
(31, 28, 172.49),
(31, 29, 121.41),
(31, 30, 179.50),
(31, 32, 124.50),
(31, 33, 173.65),
(31, 34, 95.66),
(31, 35, 15.01),
(31, 36, 192.32),
(31, 37, 123.06),
(31, 38, 165.08),
(31, 40, 176.03),
(31, 41, 0.86),
(31, 42, 21.78),
(31, 43, 146.60),
(31, 45, 22.87),
(31, 46, 11.56),
(31, 47, 161.91),
(31, 50, 126.55),
(31, 53, 159.30),
(31, 54, 54.45),
(31, 55, 105.49),
(31, 57, 131.80),
(31, 58, 79.00),
(31, 59, 13.62),
(31, 60, 153.50),
(31, 61, 91.38),
(32, 1, 29.62),
(32, 2, 122.60),
(32, 3, 105.53),
(32, 4, 95.75),
(32, 5, 79.36),
(32, 7, 6.73),
(32, 8, 107.64),
(32, 9, 81.53),
(32, 10, 190.13),
(32, 11, 196.17),
(32, 12, 155.81),
(32, 13, 93.06),
(32, 15, 100.23),
(32, 16, 38.39),
(32, 17, 22.63),
(32, 18, 12.27),
(32, 20, 184.20),
(32, 22, 166.42),
(32, 23, 184.87),
(32, 24, 125.24),
(32, 25, 22.04),
(32, 26, 48.78),
(32, 27, 83.27),
(32, 28, 29.34),
(32, 30, 57.15),
(32, 31, 59.84),
(32, 32, 30.87),
(32, 33, 41.33),
(32, 34, 26.55),
(32, 35, 163.02),
(32, 36, 155.01),
(32, 37, 173.99),
(32, 38, 115.67),
(32, 40, 196.59),
(32, 41, 186.91),
(32, 42, 194.72),
(32, 44, 28.37),
(32, 48, 193.33),
(32, 49, 32.81),
(32, 50, 4.38),
(32, 52, 191.60),
(32, 53, 115.98),
(32, 54, 131.11),
(32, 55, 115.42),
(32, 56, 169.82),
(32, 57, 174.48),
(32, 58, 9.37),
(32, 59, 63.53),
(32, 60, 50.50),
(32, 61, 146.38),
(33, 1, 89.17),
(33, 2, 111.49),
(33, 3, 38.18),
(33, 4, 39.43),
(33, 5, 30.52),
(33, 7, 108.32),
(33, 8, 165.02),
(33, 9, 65.94),
(33, 10, 62.58),
(33, 11, 199.95),
(33, 12, 9.16),
(33, 13, 45.32),
(33, 14, 134.84),
(33, 15, 148.92),
(33, 16, 57.91),
(33, 17, 183.37),
(33, 18, 80.98),
(33, 19, 117.67),
(33, 20, 191.50),
(33, 21, 4.46),
(33, 22, 59.43),
(33, 23, 75.96),
(33, 24, 128.08),
(33, 25, 189.21),
(33, 26, 192.25),
(33, 28, 168.19),
(33, 29, 182.48),
(33, 30, 22.08),
(33, 32, 128.34),
(33, 33, 141.22),
(33, 35, 121.19),
(33, 36, 134.01),
(33, 37, 113.73),
(33, 38, 26.58),
(33, 39, 97.58),
(33, 40, 112.31),
(33, 41, 33.83),
(33, 42, 179.13),
(33, 43, 165.03),
(33, 44, 181.07),
(33, 45, 115.00),
(33, 46, 97.10),
(33, 48, 53.90),
(33, 49, 40.36),
(33, 50, 3.68),
(33, 51, 162.71),
(33, 52, 103.90),
(33, 54, 21.21),
(33, 55, 154.99),
(33, 56, 45.81),
(33, 57, 171.75),
(33, 58, 19.30),
(33, 59, 78.18),
(33, 61, 188.57),
(34, 1, 166.79),
(34, 2, 12.95),
(34, 3, 1.16),
(34, 4, 133.23),
(34, 5, 117.85),
(34, 6, 170.77),
(34, 7, 74.27),
(34, 8, 85.03),
(34, 9, 103.77),
(34, 10, 42.86),
(34, 11, 161.54),
(34, 12, 74.04),
(34, 13, 1.63),
(34, 14, 16.52),
(34, 16, 158.77),
(34, 17, 169.95),
(34, 18, 62.29),
(34, 20, 61.85),
(34, 23, 142.53),
(34, 24, 52.70),
(34, 26, 69.82),
(34, 27, 134.19),
(34, 28, 156.64),
(34, 30, 117.60),
(34, 31, 45.99),
(34, 32, 29.38),
(34, 33, 191.52),
(34, 34, 98.79),
(34, 36, 188.96),
(34, 37, 78.15),
(34, 38, 82.65),
(34, 39, 7.16),
(34, 40, 20.26),
(34, 41, 149.51),
(34, 44, 36.20),
(34, 46, 46.11),
(34, 47, 87.52),
(34, 48, 34.65),
(34, 50, 108.97),
(34, 51, 52.50),
(34, 52, 187.64),
(34, 53, 154.33),
(34, 55, 193.87),
(34, 56, 177.86),
(34, 57, 26.90),
(34, 58, 56.73),
(34, 59, 119.30),
(34, 61, 196.75),
(35, 1, 85.13),
(35, 2, 152.99),
(35, 4, 3.44),
(35, 5, 189.77),
(35, 7, 87.73),
(35, 8, 167.42),
(35, 9, 112.62),
(35, 11, 195.03),
(35, 12, 193.82),
(35, 15, 184.40),
(35, 16, 65.39),
(35, 17, 110.53),
(35, 18, 173.90),
(35, 20, 135.02),
(35, 23, 196.49),
(35, 24, 7.05),
(35, 26, 193.39),
(35, 27, 19.05),
(35, 28, 132.22),
(35, 29, 136.78),
(35, 30, 17.37),
(35, 32, 6.08),
(35, 33, 120.33),
(35, 34, 133.08),
(35, 35, 176.38),
(35, 36, 120.72),
(35, 38, 194.05),
(35, 39, 61.43),
(35, 40, 137.40),
(35, 41, 23.45),
(35, 42, 188.81),
(35, 43, 181.59),
(35, 44, 33.27),
(35, 45, 188.18),
(35, 46, 168.26),
(35, 48, 131.85),
(35, 49, 126.88),
(35, 50, 12.42),
(35, 51, 75.04),
(35, 53, 136.75),
(35, 54, 141.93),
(35, 55, 167.61),
(35, 56, 54.22),
(35, 58, 130.74),
(35, 59, 94.25),
(35, 60, 196.92),
(35, 61, 12.61),
(36, 1, 186.74),
(36, 2, 82.53),
(36, 3, 188.77),
(36, 4, 176.94),
(36, 5, 10.84),
(36, 6, 190.48),
(36, 7, 125.30),
(36, 8, 3.60),
(36, 9, 119.57),
(36, 11, 17.08),
(36, 12, 79.07),
(36, 13, 87.39),
(36, 14, 19.20),
(36, 15, 106.85),
(36, 17, 45.43),
(36, 18, 168.22),
(36, 20, 16.95),
(36, 21, 175.50),
(36, 22, 196.49),
(36, 24, 64.21),
(36, 25, 22.63),
(36, 26, 68.26),
(36, 27, 84.45),
(36, 28, 191.24),
(36, 29, 177.10),
(36, 30, 88.45),
(36, 31, 140.99),
(36, 32, 156.78),
(36, 33, 44.66),
(36, 34, 98.10),
(36, 35, 17.70),
(36, 36, 21.49),
(36, 37, 123.26),
(36, 38, 92.44),
(36, 39, 93.90),
(36, 40, 127.84),
(36, 41, 146.90),
(36, 42, 55.29),
(36, 43, 154.82),
(36, 45, 93.39),
(36, 46, 94.43),
(36, 47, 166.72),
(36, 50, 189.15),
(36, 51, 193.87),
(36, 52, 98.57),
(36, 53, 99.43),
(36, 54, 115.93),
(36, 55, 91.13),
(36, 56, 61.90),
(36, 57, 4.17),
(36, 58, 196.55),
(36, 59, 156.07),
(37, 1, 6.96),
(37, 2, 114.10),
(37, 3, 185.35),
(37, 4, 142.48),
(37, 5, 62.02),
(37, 6, 19.67),
(37, 7, 85.75),
(37, 8, 127.86),
(37, 9, 63.71),
(37, 10, 165.39),
(37, 11, 197.00),
(37, 12, 79.03),
(37, 14, 26.33),
(37, 15, 143.65),
(37, 17, 168.17),
(37, 18, 74.12),
(37, 19, 149.61),
(37, 20, 33.26),
(37, 21, 45.35),
(37, 24, 172.38),
(37, 26, 70.04),
(37, 28, 44.25),
(37, 30, 38.88),
(37, 32, 65.76),
(37, 33, 36.05),
(37, 34, 120.83),
(37, 35, 66.75),
(37, 36, 123.71),
(37, 37, 167.99),
(37, 38, 133.40),
(37, 40, 60.27),
(37, 41, 3.64),
(37, 42, 198.84),
(37, 43, 166.77),
(37, 45, 130.71),
(37, 46, 29.14),
(37, 47, 192.08),
(37, 48, 78.61),
(37, 49, 7.29),
(37, 50, 129.74),
(37, 51, 31.30),
(37, 52, 10.04),
(37, 53, 35.27),
(37, 54, 90.26),
(37, 55, 197.14),
(37, 56, 71.79),
(37, 58, 128.34),
(37, 59, 185.54),
(37, 60, 191.35),
(37, 61, 10.35),
(38, 2, 181.49),
(38, 4, 54.90),
(38, 5, 168.07),
(38, 7, 63.34),
(38, 8, 155.70),
(38, 9, 134.33),
(38, 10, 96.32),
(38, 11, 135.46),
(38, 14, 68.02),
(38, 15, 10.66),
(38, 16, 144.56),
(38, 17, 16.10),
(38, 18, 185.95),
(38, 19, 98.50),
(38, 20, 27.84),
(38, 21, 52.19),
(38, 22, 111.66),
(38, 23, 173.04),
(38, 24, 87.94),
(38, 25, 96.31),
(38, 26, 199.94),
(38, 27, 119.99),
(38, 29, 133.43),
(38, 30, 195.95),
(38, 31, 60.54),
(38, 33, 83.74),
(38, 34, 197.94),
(38, 36, 107.75),
(38, 37, 160.48),
(38, 38, 141.98),
(38, 39, 139.97),
(38, 40, 95.57),
(38, 41, 32.24),
(38, 42, 155.40),
(38, 43, 65.43),
(38, 44, 87.85),
(38, 46, 46.34),
(38, 48, 180.55),
(38, 49, 182.39),
(38, 50, 185.22),
(38, 51, 71.38),
(38, 52, 137.13),
(38, 54, 136.16),
(38, 55, 132.88),
(38, 56, 40.68),
(38, 58, 157.35),
(38, 59, 163.78),
(38, 60, 119.87),
(38, 61, 134.24),
(39, 2, 131.46),
(39, 3, 37.55),
(39, 4, 65.58),
(39, 6, 165.81),
(39, 7, 198.17),
(39, 8, 144.52),
(39, 9, 82.82),
(39, 10, 189.62),
(39, 13, 110.64),
(39, 14, 92.03),
(39, 15, 33.16),
(39, 16, 155.31),
(39, 17, 179.64),
(39, 18, 102.45),
(39, 20, 127.04),
(39, 21, 186.19),
(39, 22, 74.14),
(39, 23, 109.56),
(39, 24, 197.67),
(39, 25, 67.84),
(39, 26, 85.57),
(39, 27, 77.40),
(39, 28, 40.79),
(39, 29, 121.98),
(39, 30, 69.15),
(39, 31, 34.99),
(39, 32, 25.42),
(39, 33, 95.27),
(39, 34, 40.94),
(39, 35, 124.97),
(39, 36, 167.14),
(39, 37, 165.29),
(39, 38, 115.63),
(39, 39, 102.17),
(39, 40, 42.90),
(39, 41, 135.63),
(39, 42, 107.84),
(39, 44, 172.18),
(39, 45, 147.22),
(39, 46, 195.62),
(39, 47, 146.50),
(39, 48, 98.88),
(39, 51, 197.73),
(39, 52, 85.57),
(39, 53, 83.09),
(39, 54, 78.54),
(39, 55, 68.05),
(39, 56, 168.36),
(39, 57, 194.20),
(39, 58, 189.92),
(39, 60, 4.26),
(39, 61, 123.37),
(40, 1, 31.04),
(40, 3, 89.11),
(40, 4, 10.74),
(40, 5, 59.96),
(40, 6, 121.54),
(40, 7, 24.56),
(40, 8, 129.82),
(40, 9, 124.21),
(40, 10, 177.27),
(40, 12, 49.29),
(40, 13, 103.09),
(40, 14, 189.35),
(40, 15, 23.24),
(40, 16, 148.29),
(40, 17, 175.73),
(40, 18, 24.00),
(40, 19, 70.96),
(40, 20, 11.74),
(40, 21, 91.51),
(40, 22, 78.87),
(40, 23, 84.63),
(40, 24, 136.54),
(40, 25, 137.74),
(40, 26, 53.32),
(40, 27, 161.25),
(40, 28, 136.26),
(40, 29, 31.51),
(40, 30, 21.01),
(40, 31, 127.25),
(40, 32, 101.36),
(40, 33, 60.10),
(40, 35, 122.84),
(40, 37, 184.81),
(40, 40, 111.47),
(40, 41, 134.18),
(40, 42, 128.43),
(40, 43, 199.53),
(40, 44, 42.99),
(40, 45, 81.58),
(40, 47, 168.57),
(40, 48, 133.30),
(40, 50, 81.41),
(40, 51, 129.49),
(40, 52, 107.57),
(40, 53, 22.66),
(40, 55, 111.12),
(40, 57, 42.01),
(40, 58, 30.96),
(40, 59, 55.00),
(40, 60, 91.86),
(40, 61, 141.44);

-- --------------------------------------------------------

--
-- Δομή πίνακα για τον πίνακα `users`
--

CREATE TABLE `users` (
  `id` int(11) NOT NULL,
  `username` varchar(255) NOT NULL,
  `email` varchar(255) NOT NULL,
  `password_hash` varchar(255) NOT NULL,
  `created_at` timestamp NOT NULL DEFAULT current_timestamp(),
  `updated_at` timestamp NOT NULL DEFAULT current_timestamp() ON UPDATE current_timestamp()
) ENGINE=InnoDB DEFAULT CHARSET=utf8mb4 COLLATE=utf8mb4_general_ci;

--
-- Άδειασμα δεδομένων του πίνακα `users`
--

INSERT INTO `users` (`id`, `username`, `email`, `password_hash`, `created_at`, `updated_at`) VALUES
(1, 'ab', 'chiefpower.go@gmail.com', '$2y$10$.oRAVXAPj0J/Fee3.B4Nxe3x89fsBvuln.ho49Jfr15PGi9tyOO/K', '2025-04-09 21:01:40', '2025-04-19 20:20:52'),
(3, 'ab2', 'chiefpower.go@gmail.com4', '$2y$10$ZVUXugLJgDL2KCwHWwcUX.cvIJYgGHsJ013uwcvCiCRJZehp27SCa', '2025-04-09 21:05:34', '2025-04-09 21:05:34'),
(7, 'qw', 'chiefpower.go1@gmail.com', '$2y$10$RUR6WFqxLIDsGfNxA4dP5uUVZpI79FMzzUxB9iQw4mHbXpNDoNEiq', '2025-04-12 12:28:34', '2025-04-12 12:28:34'),
(11, 'qwe', 'chiefpower.go2@gmail.com', '$2y$10$yNdilfWLqv9z1zI2Folki.41lgnQTv/S.TcZOz84Gmo1H5T95Er.W', '2025-04-12 12:34:51', '2025-04-12 12:34:51'),
(14, 'qw2', 'chiefpower.go3@gmail.com', '$2y$10$/jemjwALDDN1cC9/yA0BjuumINf9i5ZG6KQY/8ke3u8kkceKpdDay', '2025-04-12 12:37:31', '2025-04-12 12:37:31'),
(18, 'ab5', 'chiefpower.go4@gmail.com', '$2y$10$QDohtmPG8V1b.eaAtrJN..R9vQoPL9LD1SJ/1QD9UNgcZB141yxj6', '2025-04-12 12:59:39', '2025-04-12 12:59:39'),
(23, 'ab4', 'chiefpower.g2o@gmail.com', '$2y$10$Y.XCa3Fshh95YdrDjJ5iou8i5xiBHvgHlT2R/Hvo8QbHniAuWz7NS', '2025-04-12 13:14:32', '2025-04-12 13:14:32'),
(27, 'guest_26570', 'w@uu.com', '1beadce8ff1450cf70f3ca580a951229', '2025-04-19 12:09:54', '2025-04-19 12:09:54'),
(29, 'guest_82910', 'chiefpower.eego2@gmail.com', 'dd2f006d451d067ddd15f99f3398467b', '2025-04-19 13:19:04', '2025-04-19 13:19:04'),
(30, 'guest_42602', 'chiefpower.ddgo2@gmail.com', '4e3963a986fbdd3b1b8673bb563c7987', '2025-04-19 13:20:04', '2025-04-19 13:20:04'),
(31, 'guest_63170', 'chiefpower.etetgo@gmail.com', '9998a0b802c505f3102c59d1caca0761', '2025-04-19 14:06:02', '2025-04-19 14:06:02'),
(32, 'guest_90042', 'chiefpower.go555@gmail.com', '055daefe709e5b39f565ee75a645eec3', '2025-04-19 14:26:32', '2025-04-19 14:26:32'),
(33, 'guest_89496', 'chiefpower.go55555@gmail.com', '0eaee14d3d0e25043ca5d2f3828a8eaa', '2025-04-19 14:26:46', '2025-04-19 14:26:46'),
(34, 'guest_49906', 'chiefpower.go555555@gmail.com', '26591358b559f1d5b3a0f4f196e64cc6', '2025-04-19 14:27:09', '2025-04-19 14:27:09'),
(35, 'guest_50791', 'chiefpower.goetert2@gmail.com', '4d702eeaf0dd982d06670786dc308e12', '2025-04-19 14:39:45', '2025-04-19 14:39:45'),
(36, 'guest_57536', 'chiefpower.geeo2@gmail.com', 'f8e9418c926d43acfe41ae2ba83045c6', '2025-04-19 15:37:45', '2025-04-19 15:37:45'),
(37, 'guest_71738', 'chiefpower.goee2@gmail.com', '515f1545145bdd9b75e180df02796b3f', '2025-04-19 15:40:14', '2025-04-19 15:40:14'),
(38, 'guest_34464', 'chiefpower.goasdfa@gmail.coma', 'c0db5e8fbf3ed875b46c5200eb79ab00', '2025-04-19 15:43:14', '2025-04-19 15:43:14'),
(39, 'guest_94762', 'chiefpower.go2@gmail.comertert', 'b60ca6681393fe03d7f01ceb43f79685', '2025-04-19 16:08:32', '2025-04-19 16:08:32'),
(40, 'guest_10590', 'chiefpower.go2@gmail.com23423423', '1def62a3b530546949e04bc2134cc17c', '2025-04-19 16:09:57', '2025-04-19 16:09:57'),
(41, 'guest_70075', 'chiefpower.go2@gmail.comsdgsd', 'afaa56e3dd75ef75be5657d48868a75b', '2025-04-19 16:11:38', '2025-04-19 16:11:38'),
(42, 'guest_90209', 'chiefpower.go2@gmail.comwerwer', '5ebbcb912952ab3da3c877a2a3d52130', '2025-04-19 16:12:26', '2025-04-19 16:12:26'),
(43, 'guest_31793', 'chiefpower.go2@gmail.comsaf', 'daa02ad7bcf01789fd665b6e88ac2d71', '2025-04-19 16:13:48', '2025-04-19 16:13:48'),
(44, 'guest_80039', 'chiefpower.gosf2@gmail.com', 'f401a0c5d1c164694a44ada98e6bdfc6', '2025-04-19 16:15:51', '2025-04-19 16:15:51'),
(45, 'guest_13514', 'chiefpower.godf2@gmail.com', '5c91d2bcdd3a2834ab501fbc3ab93df6', '2025-04-19 16:21:15', '2025-04-19 16:21:15'),
(46, 'guest_58972', 'chiefpower.go332@gmail.com', '89e04973372247acf32d7e59daa4bd34', '2025-04-19 16:23:38', '2025-04-19 16:23:38'),
(47, 'guest_14728', 'chiefpower.g234o2@gmail.com', 'a46779e62ec91d8dbeaf6c67c0c22bbf', '2025-04-19 16:24:22', '2025-04-19 16:24:22'),
(48, 'guest_10572', 'chiefpower.wergo2@gmail.com', '1fd53d4dc3a7f7d99c16c9006b4f38e1', '2025-04-19 16:25:28', '2025-04-19 16:25:28'),
(49, 'guest_10400', 'chiefpower.gowerwer2@gmail.com', '3af30c7aa5f436f9611e55398da648c5', '2025-04-19 16:25:59', '2025-04-19 16:25:59'),
(50, 'guest_67776', 'chiefpower.gqrro2@gmail.com', 'bbb9da5e8bd1e3c3bfa6c91a114be98d', '2025-04-19 16:44:19', '2025-04-19 16:44:19'),
(51, 'guest_52936', 'chiefpower.gsfdfo2@gmail.com', '9322b868723aac2c92bfe3e6e164c96c', '2025-04-19 16:47:25', '2025-04-19 16:47:25'),
(52, 'guest_66386', 'chiefpoweter.go2@gmail.com', 'c776be5ed54fa50f08379b55f8da02b5', '2025-04-19 16:48:49', '2025-04-19 16:48:49'),
(53, 'guest_14074', 'chiefpower.gwerwro2@gmail.com', '208e0f8aa31c6f34258242ae9b5f7a3b', '2025-04-19 16:53:55', '2025-04-19 16:53:55'),
(54, 'guest_65273', 'chiefpower.gghjo2@gmail.com', 'f57ddf23f41dcf6015fd28bcbc90a7e5', '2025-04-19 17:14:43', '2025-04-19 17:14:43'),
(55, 'qw5', 'chiefpower.go44@gmail.com', '$2y$10$8uBRq8UtLZ60SxphaxylBeuG9c.k6FARZ/si6c.dSiejkJYkyn6QW', '2025-04-19 20:33:40', '2025-04-19 20:33:40'),
(57, 'guest_87001', 'chiefpo68wer.go4@gmail.com', '9501ccd9660bc663524e5df42e8f6377', '2025-04-24 19:11:06', '2025-04-24 19:11:06'),
(58, 'guest_61428', 'chiefpo699wer.go4@gmail.com', 'dace59dd590bf0b176b1b19c3810f540', '2025-04-24 19:23:35', '2025-04-24 19:23:35'),
(59, 'guest_23283', 'chiefpoeawaweewfwer.go@gmail.com', 'e2b5b82db56e6225f8025c521e1de630', '2025-04-24 19:26:59', '2025-04-24 19:26:59'),
(60, 'guest_06420', 'chiefpoesawaweewfwer.go@gmail.com', '9deb401ccedccd0f709103aa5397f2f3', '2025-04-24 19:28:09', '2025-04-24 19:28:09'),
(61, 'guest_42646', 'chie3fpoeawaweewfwer.go@gmail.com', 'c7373b262564456321883b3d53d69cf0', '2025-04-24 19:30:03', '2025-04-24 19:30:03'),
(62, 'guest_31959', 'c2hie3fpoeawaweewfwer.go@gmail.com', 'cfa980f43d7a405ef15cb617b774fbc5', '2025-04-24 19:39:42', '2025-04-24 19:39:42'),
(63, 'guest_87726', 'chiefpoeawaweewfwer.go@gmail.comrr', 'd2984188a8773712a3338e13f171c5a3', '2025-04-24 19:43:10', '2025-04-24 19:43:10'),
(64, 'guest_56743', 'chiefpoeawawerewfwer.go@gmail.comff', '24f6c816a90fd40f3a1fb72a3982ad78', '2025-04-24 19:45:18', '2025-04-24 19:45:18'),
(70, 'guest_10036', 'chiefpoeawa4r.go@gmai.comrr', '024b1c6624ed51485bf8a4f75ff77440', '2025-04-24 20:25:22', '2025-04-24 20:25:22'),
(71, 'guest_77893', 'chiefposs2eawaweewfwer.go@gmailAA.comrr', 'fbd4fb0b27438c5502ae43e090f80c82', '2025-04-24 20:30:01', '2025-04-24 20:30:01'),
(72, 'guest_91231', 'chiefpoeawaweewfwer.go@gmail.comrraaw2aa', '04a2f86ad6395ccdbd568debc427eaa4', '2025-04-24 20:32:24', '2025-04-24 20:32:24'),
(75, 'guest_86737', 'chie3fpoeawaweewfwer.go@gmail.com2424', '03f85954af28b3fdb324c2cc27fb32d5', '2025-04-24 20:42:18', '2025-04-24 20:42:18'),
(76, 'guest_59456', 'chie3fpoeawaweewfwer234.go@gmail.com2424', 'bd5a81087daeb799909ba217478b3582', '2025-04-24 20:44:45', '2025-04-24 20:44:45'),
(77, 'guest_06195', 'c2hie3fpoeawaweewfwer.go@gmail.comssss', 'e58e7c2869678c90b27211ddf08c8f70', '2025-04-25 18:16:43', '2025-04-25 18:16:43'),
(78, 'guest_97187', 'c2hie3fpoeawaweewfwer.go@gmail.comssssssss', '14f6ad990649952f1c972ef7e1960420', '2025-04-25 21:34:05', '2025-04-25 21:34:05'),
(79, 'guest_37206', 'chie3fpoeawaweewfwer.go@gmail.com2424dddd', '3f537ef82b31bc5f855282d3491a6342', '2025-04-26 11:13:03', '2025-04-26 11:13:03'),
(80, 'guest_04603', 'chie3fpoeawaweewfwer.go@gmail.com2424ssss', '38b4b9a807d4f95ec0dea1a30a1475ad', '2025-04-26 21:56:48', '2025-04-26 21:56:48'),
(81, 'guest_34859', 'c2hie3fpoeawaweewfwer.go@gmail.c3omsssssssssss', '09b526c940afb19fa7bfdcdfddf0ec1a', '2025-04-28 19:48:20', '2025-04-28 19:48:20'),
(82, 'guest_27115', 'c2hie3fpoeawaweewfwer.go@gmail.c3omssssssssA', 'f0bc87b12d04e1a948dcf46c81d5a357', '2025-04-28 20:58:54', '2025-04-28 20:58:54'),
(83, 'guest_49607', 'chie3fpoeawaweewfwer.go@gmail.co4m2424ssss', '407dfde4f435d29a0679fcf63f5b752f', '2025-04-28 22:29:36', '2025-04-28 22:29:36');

-- --------------------------------------------------------

--
-- Δομή πίνακα για τον πίνακα `user_orders`
--

CREATE TABLE `user_orders` (
  `id` int(11) NOT NULL,
  `user_id` int(11) DEFAULT NULL,
  `total_price` decimal(10,2) DEFAULT NULL,
  `status` enum('pending','confirmed','shipped','delivered','cancelled') DEFAULT 'pending',
  `created_at` timestamp NOT NULL DEFAULT current_timestamp()
) ENGINE=InnoDB DEFAULT CHARSET=utf8mb4 COLLATE=utf8mb4_general_ci;

--
-- Άδειασμα δεδομένων του πίνακα `user_orders`
--

INSERT INTO `user_orders` (`id`, `user_id`, `total_price`, `status`, `created_at`) VALUES
(1, 27, 17.00, 'pending', '2025-04-19 12:09:54'),
(2, 29, 17.00, 'pending', '2025-04-19 13:19:04'),
(3, 30, 17.00, 'pending', '2025-04-19 13:20:04'),
(4, 31, 17.00, 'pending', '2025-04-19 14:06:02'),
(5, 32, 0.00, 'pending', '2025-04-19 14:26:32'),
(6, 33, 0.00, 'pending', '2025-04-19 14:26:46'),
(7, 34, 0.00, 'pending', '2025-04-19 14:27:09'),
(8, 35, 0.00, 'pending', '2025-04-19 14:39:45'),
(9, 36, 10.57, 'pending', '2025-04-19 15:37:45'),
(10, 37, 10.57, 'pending', '2025-04-19 15:40:14'),
(11, 38, 0.00, 'pending', '2025-04-19 15:43:14'),
(12, 39, 0.00, 'pending', '2025-04-19 16:08:32'),
(13, 40, 0.00, 'pending', '2025-04-19 16:09:57'),
(14, 41, 2.49, 'pending', '2025-04-19 16:11:38'),
(15, 42, 2.49, 'pending', '2025-04-19 16:12:26'),
(16, 43, 2.49, 'pending', '2025-04-19 16:13:48'),
(17, 44, 2.49, 'pending', '2025-04-19 16:15:51'),
(18, 45, 0.00, 'pending', '2025-04-01 16:21:15'),
(19, 46, 0.00, 'pending', '2025-04-19 16:23:38'),
(20, 47, 0.00, 'pending', '2025-04-19 16:24:22'),
(21, 48, 0.00, 'pending', '2025-04-19 16:25:28'),
(22, 49, 6.88, 'pending', '2025-04-19 16:25:59'),
(23, 50, 6.88, 'pending', '2025-04-19 16:44:19'),
(24, 51, 0.00, 'pending', '2025-04-19 16:47:25'),
(25, 52, 15.92, 'confirmed', '2025-04-27 16:48:49'),
(26, 53, 15.92, 'confirmed', '2025-04-19 16:53:55'),
(27, 54, 4.98, 'pending', '2025-04-19 17:14:43'),
(28, 57, 25.77, 'pending', '2025-04-24 19:11:06'),
(29, 58, 50.26, 'pending', '2025-04-24 19:23:35'),
(30, 59, 24.02, 'pending', '2025-04-24 19:26:59'),
(31, 60, 14.94, 'pending', '2025-04-24 19:28:09'),
(32, 61, 3.98, 'pending', '2025-04-24 19:30:03'),
(33, 62, 5.97, 'pending', '2025-04-24 19:39:42'),
(34, 63, 15.16, 'pending', '2025-04-24 19:43:10'),
(35, 64, 23.96, 'pending', '2025-04-24 19:45:18'),
(36, 70, 13.96, 'pending', '2025-04-24 20:25:22'),
(37, 71, 11.98, 'pending', '2025-04-02 20:30:01'),
(38, 72, 5.98, 'confirmed', '2025-04-24 20:32:24'),
(39, 75, 0.59, 'confirmed', '2025-04-24 20:42:18'),
(40, 76, 0.59, 'confirmed', '2025-04-24 20:44:45'),
(41, 77, 107.78, 'confirmed', '2025-04-25 18:16:43'),
(42, 78, 24.33, 'confirmed', '2025-04-25 21:34:05'),
(43, 79, 34.00, 'confirmed', '2025-04-26 21:57:31'),
(44, 80, 1842.00, 'confirmed', '2025-04-26 21:57:26'),
(45, 81, 2657.34, 'pending', '2025-04-28 19:48:20'),
(46, 82, 299.60, 'pending', '2025-04-28 20:58:54'),
(47, 83, 798.40, 'confirmed', '2025-04-28 22:29:36');

-- --------------------------------------------------------

--
-- Δομή πίνακα για τον πίνακα `user_order_items`
--

CREATE TABLE `user_order_items` (
  `id` int(11) NOT NULL,
  `order_id` int(11) DEFAULT NULL,
  `product_id` int(11) DEFAULT NULL,
  `quantity` int(11) DEFAULT NULL,
  `price` decimal(10,2) DEFAULT NULL
) ENGINE=InnoDB DEFAULT CHARSET=utf8mb4 COLLATE=utf8mb4_general_ci;

--
-- Άδειασμα δεδομένων του πίνακα `user_order_items`
--

INSERT INTO `user_order_items` (`id`, `order_id`, `product_id`, `quantity`, `price`) VALUES
(1, 1, 1, 2, 3.50),
(2, 1, 2, 1, 10.00),
(3, 2, 1, 2, 3.50),
(4, 2, 2, 1, 10.00),
(5, 3, 1, 2, 3.50),
(6, 3, 2, 1, 10.00),
(7, 4, 1, 2, 3.50),
(8, 4, 2, 1, 10.00),
(9, 9, NULL, 2, 3.79),
(10, 9, NULL, 1, 2.99),
(11, 10, NULL, 2, 3.79),
(12, 10, NULL, 1, 2.99),
(13, 14, NULL, 1, 2.49),
(14, 15, NULL, 1, 2.49),
(15, 16, NULL, 1, 2.49),
(16, 17, NULL, 1, 2.49),
(17, 22, NULL, 1, 4.99),
(18, 22, NULL, 1, 1.89),
(19, 23, NULL, 1, 4.99),
(20, 23, NULL, 1, 1.89),
(21, 25, 1, 8, 1.99),
(22, 26, 1, 8, 1.99),
(23, 27, 2, 2, 2.49),
(24, 28, 1, 1, 1.99),
(25, 28, 2, 1, 2.49),
(26, 28, 3, 1, 3.79),
(27, 28, 4, 1, 2.99),
(28, 28, 5, 1, 5.99),
(29, 28, 10, 1, 1.49),
(30, 28, 9, 1, 3.49),
(31, 28, 8, 6, 0.59),
(32, 29, 1, 3, 1.99),
(33, 29, 2, 1, 2.49),
(34, 29, 16, 1, 4.49),
(35, 29, 17, 1, 2.99),
(36, 29, 18, 1, 6.99),
(37, 29, 19, 5, 4.99),
(38, 29, 23, 2, 1.19),
(39, 30, 2, 3, 2.49),
(40, 30, 3, 2, 3.79),
(41, 30, 4, 3, 2.99),
(42, 31, 2, 6, 2.49),
(43, 32, 1, 2, 1.99),
(44, 33, 1, 3, 1.99),
(45, 34, 3, 4, 3.79),
(46, 35, 5, 4, 5.99),
(47, 36, 9, 4, 3.49),
(48, 37, 5, 2, 5.99),
(49, 38, 4, 2, 2.99),
(50, 39, 8, 1, 0.59),
(51, 40, 8, 1, 0.59),
(52, 41, 4, 8, 2.99),
(53, 41, 5, 14, 5.99),
(54, 42, 14, 1, 1.89),
(55, 42, 13, 1, 4.99),
(56, 42, 12, 1, 1.29),
(57, 42, 11, 1, 1.69),
(58, 42, 16, 1, 4.49),
(59, 42, 17, 1, 2.99),
(60, 42, 18, 1, 6.99),
(61, 43, 3, 9, 3.79),
(62, 44, 53, 205, 8.99),
(63, 45, 25, 266, 9.99),
(64, 46, 27, 40, 7.49),
(65, 47, 13, 160, 4.99);

-- --------------------------------------------------------

--
-- Δομή πίνακα για τον πίνακα `user_profiles`
--

CREATE TABLE `user_profiles` (
  `id` int(11) NOT NULL,
  `user_id` int(11) NOT NULL,
  `first_name` varchar(100) DEFAULT NULL,
  `last_name` varchar(100) DEFAULT NULL,
  `phone` varchar(20) DEFAULT NULL,
  `address_line_1` text DEFAULT NULL,
  `address_line_2` text DEFAULT NULL,
  `country` varchar(100) DEFAULT NULL,
  `zip_code` varchar(20) DEFAULT NULL,
  `notes` text DEFAULT NULL,
  `preferred_store_id` int(11) DEFAULT NULL,
  `is_guest` tinyint(1) DEFAULT 0
) ENGINE=InnoDB DEFAULT CHARSET=utf8mb4 COLLATE=utf8mb4_general_ci;

--
-- Άδειασμα δεδομένων του πίνακα `user_profiles`
--

INSERT INTO `user_profiles` (`id`, `user_id`, `first_name`, `last_name`, `phone`, `address_line_1`, `address_line_2`, `country`, `zip_code`, `notes`, `preferred_store_id`, `is_guest`) VALUES
(1, 27, 'Anastasios', 'Tsiftsis', '+420774940796', 'Pod Pramenem 4', 'C.P. 1504', 'CZ', '140 00', '', NULL, 0),
(2, 29, 'Anastasios', 'Tsiftsis', '+420774940796', 'Pod Pramenem 4', 'C.P. 1504', 'CZ', '140 00', '', NULL, 0),
(3, 30, 'Anastasios', 'Tsiftsis', '+420774940796', 'Pod Pramenem 4', 'C.P. 1504', 'CZ', '140 00', '', NULL, 0),
(4, 31, 'Anastasios', 'Tsiftsis', '+420774940796', 'Pod Pramenem 4', 'C.P. 1504', 'CZ', '140 00', '', NULL, 0),
(5, 32, 'Anastasios', 'Tsiftsis', '+420774940796', 'Pod Pramenem 4', 'C.P. 1504', 'CZ', '140 00', '', NULL, 0),
(6, 33, 'Anastasios', 'Tsiftsis', '+420774940796', 'Pod Pramenem 4', 'C.P. 1504', 'CZ', '140 00', '', NULL, 0),
(7, 34, 'Anastasios', 'Tsiftsis', '+420774940796', 'Pod Pramenem 4', 'C.P. 1504', 'CZ', '140 00', '', NULL, 0),
(8, 35, 'Anastasios', 'Tsiftsis', '+420774940796', 'Pod Pramenem 4', 'C.P. 1504', 'CZ', '140 00', '', NULL, 0),
(9, 36, 'Anastasios', 'Tsiftsis', '+420774940796', 'Pod Pramenem 4', 'C.P. 1504', 'CZ', '140 00', '', NULL, 0),
(10, 37, 'Anastasios', 'Tsiftsis', '+420774940796', 'Pod Pramenem 4', 'C.P. 1504', 'CZ', '140 00', '', NULL, 0),
(11, 38, 'Anastasios', 'Tsiftsis', '+420774940796', 'Pod Pramenem 4', 'C.P. 1504', 'CZ', '140 00', '', NULL, 0),
(12, 39, 'Anastasios', 'Tsiftsis', '+420774940796', 'Pod Pramenem 4', 'C.P. 1504', 'CZ', '140 00', '', NULL, 0),
(13, 40, 'Anastasios', 'Tsiftsis', '+420774940796', 'Pod Pramenem 4', 'C.P. 1504', 'CZ', '140 00', '', NULL, 0),
(14, 41, 'Anastasios', 'Tsiftsis', '+420774940796', 'Pod Pramenem 4', 'C.P. 1504', 'CZ', '140 00', '', NULL, 0),
(15, 42, 'Anastasios', 'Tsiftsis', '+420774940796', 'Pod Pramenem 4', 'C.P. 1504', 'CZ', '140 00', '', NULL, 0),
(16, 43, 'Anastasios', 'Tsiftsis', '+420774940796', 'Pod Pramenem 4', 'C.P. 1504', 'CZ', '140 00', '', NULL, 0),
(17, 44, 'Anastasios', 'Tsiftsis', '+420774940796', 'Pod Pramenem 4', 'C.P. 1504', 'CZ', '140 00', '', NULL, 0),
(18, 45, 'Anastasios', 'Tsiftsis', '+420774940796', 'Pod Pramenem 4', 'C.P. 1504', 'CZ', '140 00', '', NULL, 0),
(19, 46, 'Anastasios', 'Tsiftsis', '+420774940796', 'Pod Pramenem 4', 'C.P. 1504', 'CZ', '140 00', '', NULL, 0),
(20, 47, 'Anastasios', 'Tsiftsis', '+420774940796', 'Pod Pramenem 4', 'C.P. 1504', 'CZ', '140 00', '', NULL, 0),
(21, 48, 'Anastasios', 'Tsiftsis', '+420774940796', 'Pod Pramenem 4', 'C.P. 1504', 'CZ', '140 00', '', NULL, 0),
(22, 49, 'Anastasios', 'Tsiftsis', '+420774940796', 'Pod Pramenem 4', 'C.P. 1504', 'CZ', '140 00', '', NULL, 0),
(23, 50, 'Anastasios', 'Tsiftsis', '+420774940796', 'Pod Pramenem 4', 'C.P. 1504', 'CZ', '140 00', '', NULL, 0),
(24, 51, 'Anastasios', 'Tsiftsis', '+420774940796', 'Pod Pramenem 4', 'C.P. 1504', 'CZ', '140 00', '', NULL, 0),
(25, 52, 'Anastasios', 'Tsiftsis', '+420774940796', 'Pod Pramenem 4', 'C.P. 1504', 'CZ', '140 00', '', NULL, 0),
(26, 53, 'Anastasios', 'Tsiftsis', '+420774940796', 'Pod Pramenem 4', 'C.P. 1504', 'CZ', '140 00', '', NULL, 0),
(27, 54, 'Anastasios', 'Tsiftsis', '+420774940796', 'Pod Pramenem 4', 'C.P. 1504', 'CZ', '140 00', '', NULL, 0),
(28, 57, 'Anastasios', 'Tsiftsis', '+420774940796', 'Pod Pramenem 4', 'C.P. 1504', 'CZ', '140 00', '', 1, 0),
(29, 58, 'Anastasios', 'Tsiftsis', '+420774940796', 'Pod Pramenem 4', 'C.P. 1504', 'CZ', '140 00', '', 1, 0),
(30, 59, 'af', 'ff', '+344444444444', 'cadfdf', '', 'TO', '23444', '', 1, 0),
(31, 60, 'rtt', 'tt', '+344444444444', 'sdfsdf', '', 'SX', '23455', '', 1, 0),
(32, 61, 'fd', 'fewf', '+344444444444', 'cadfdf', '', 'BH', '3444', '', 1, 0),
(33, 62, '23', '23', '+344444444444', 'wef', '', 'BH', '1333', '', 1, 0),
(34, 63, '23', '223', '+344444444444', 'rrr', '', 'KE', '2332', '', 1, 0),
(35, 64, '35', '5345', '+344444444444', 'cadfdf', '', 'TZ', '34523', '', 1, 0),
(41, 70, 'SDFA', 'SF', '+344444444444', 'sdf', '', 'BW', '23', '', NULL, 1),
(42, 71, '3rt', 'ert', '+344444444444', 'vd', '', 'EE', '345', '', 29, 1),
(43, 72, 'eew', 'rwr', '+344444444444', 'ff', '', 'SX', '2324', '', 9, 1),
(46, 75, '23', 'df', '+344444444444', 'wer', '', 'TO', '34534', '', 23, 1),
(47, 76, '23', 'df', '+344444444444', 'wer', '', 'LI', '34534', '', 8, 1),
(48, 77, 'sf', 'fsaf', '+344444444444', 'fsf', '', 'BW', '3453', '', 13, 1),
(49, 78, 'err', 'wer', '+344444444444', 'wr', '', 'EE', '3444', '', 28, 1),
(50, 79, 'wer', 'wer', '+344444444444', 'cadfdf', '', 'LI', '23444', '', 1, 1),
(51, 80, 'sdf', 'werw', '+344444444444', 'sdf', '', 'SX', '23423', '', 35, 1),
(52, 81, '23', 'dsgf', '+344444444444', 'sdf', '', 'EE', '423', '', 1, 1),
(53, 82, 'RTY', 'RTY', '+344444444444', 'fsf', '', 'LI', '24', '', 2, 1),
(54, 83, 'wer', 'wer', '+344444444444', 'cc', '', 'BW', '23444', '', 28, 1);

-- --------------------------------------------------------

--
-- Δομή πίνακα για τον πίνακα `warehouses`
--

CREATE TABLE `warehouses` (
  `warehouse_id` int(11) NOT NULL,
  `name` varchar(100) NOT NULL,
  `address` varchar(255) NOT NULL
) ENGINE=InnoDB DEFAULT CHARSET=utf8mb4 COLLATE=utf8mb4_general_ci;

--
-- Άδειασμα δεδομένων του πίνακα `warehouses`
--

INSERT INTO `warehouses` (`warehouse_id`, `name`, `address`) VALUES
(1, 'Central Warehouse', 'Οδός Λεωφόρου 1, Ηράκλειο, Κρήτη'),
(2, 'Strategic Warehouse', 'Οδός Ελευθερίας 34, Ηράκλειο, Κρήτη'),
(3, 'Food Warehouse', 'Οδός Ανδρέα Παπανδρέου 2, Ηράκλειο, Κρήτη'),
(4, 'Construction Materials Warehouse', 'Οδός Μαρίνου Αντύπα 15, Ηράκλειο, Κρήτη'),
(5, 'Electronics Warehouse', 'Οδός Δημοκρατίας 78, Ηράκλειο, Κρήτη'),
(6, 'Supplies Warehouse', 'Οδός Εμμανουήλ Βερνάρδου 12, Ηράκλειο, Κρήτη'),
(7, 'Car Parts Warehouse', 'Οδός Σταυράκη 26, Ηράκλειο, Κρήτη'),
(8, 'Clothing Warehouse', 'Οδός Σοφοκλή Βενιζέλου 9, Ηράκλειο, Κρήτη'),
(9, 'Building Materials Warehouse', 'Οδός Κνωσσού 45, Ηράκλειο, Κρήτη'),
(10, 'Technology Warehouse', 'Οδός Σαχίνη 38, Ηράκλειο, Κρήτη');

-- --------------------------------------------------------

--
-- Δομή πίνακα για τον πίνακα `warehouse_inventory`
--

CREATE TABLE `warehouse_inventory` (
  `warehouse_id` int(11) NOT NULL,
  `product_id` int(11) NOT NULL,
  `quantity` int(11) NOT NULL,
  `minimum_quantity` int(11) NOT NULL DEFAULT 0
) ENGINE=InnoDB DEFAULT CHARSET=utf8mb4 COLLATE=utf8mb4_general_ci;

--
-- Άδειασμα δεδομένων του πίνακα `warehouse_inventory`
--

INSERT INTO `warehouse_inventory` (`warehouse_id`, `product_id`, `quantity`, `minimum_quantity`) VALUES
(1, 1, 702, 486),
(1, 2, 405, 486),
(1, 3, 4798, 486),
(1, 5, 349, 486),
(1, 6, 402, 486),
(1, 8, 218, 486),
(1, 9, 356, 486),
(1, 10, 149, 486),
(1, 11, 368, 486),
(1, 12, 143, 486),
(1, 13, 491, 486),
(1, 14, 210, 486),
(1, 15, 351, 486),
(1, 16, 371, 486),
(1, 17, 186, 486),
(1, 18, 376, 486),
(1, 19, 192, 486),
(1, 20, 122, 486),
(1, 21, 401, 486),
(1, 22, 458, 486),
(1, 23, 135, 486),
(1, 24, 124, 486),
(1, 25, 17, 486),
(1, 26, 255, 486),
(1, 27, 438, 486),
(1, 29, 458, 486),
(1, 30, 296, 486),
(1, 31, 281, 486),
(1, 32, 488, 486),
(1, 33, 193, 486),
(1, 34, 78, 486),
(1, 35, 102, 486),
(1, 36, 75, 486),
(1, 37, 367, 486),
(1, 38, 462, 486),
(1, 39, 358, 486),
(1, 41, 88, 486),
(1, 42, 253, 486),
(1, 43, 455, 486),
(1, 44, 122, 486),
(1, 46, 33, 486),
(1, 47, 62, 486),
(1, 49, 84, 486),
(1, 50, 231, 486),
(1, 51, 381, 486),
(1, 52, 156, 486),
(1, 53, 247, 486),
(1, 54, 148, 486),
(1, 55, 223, 486),
(1, 57, 112, 486),
(1, 58, 288, 486),
(1, 59, 331, 486),
(1, 60, 44, 486),
(1, 61, 343, 486),
(2, 1, 460, 440),
(2, 2, 486, 440),
(2, 4, 62, 440),
(2, 5, 465, 440),
(2, 6, 169, 440),
(2, 7, 117, 440),
(2, 8, 122, 440),
(2, 9, 402, 440),
(2, 10, 206, 440),
(2, 11, 329, 440),
(2, 13, 87, 440),
(2, 14, 11, 440),
(2, 15, 330, 440),
(2, 16, 41, 440),
(2, 17, 75, 440),
(2, 18, 243, 440),
(2, 20, 357, 440),
(2, 21, 292, 440),
(2, 22, 131, 440),
(2, 23, 128, 440),
(2, 24, 115, 440),
(2, 27, 212, 440),
(2, 28, 272, 440),
(2, 29, 334, 440),
(2, 30, 417, 440),
(2, 32, 231, 440),
(2, 34, 310, 440),
(2, 35, 413, 440),
(2, 37, 33, 440),
(2, 38, 388, 440),
(2, 39, 231, 440),
(2, 40, 363, 440),
(2, 41, 368, 440),
(2, 43, 99, 440),
(2, 44, 350, 440),
(2, 45, 350, 440),
(2, 46, 173, 440),
(2, 47, 448, 440),
(2, 48, 286, 440),
(2, 49, 351, 440),
(2, 50, 318, 440),
(2, 51, 499, 440),
(2, 52, 65, 440),
(2, 53, 398, 440),
(2, 54, 107, 440),
(2, 55, 247, 440),
(2, 56, 51, 440),
(2, 57, 367, 440),
(2, 58, 29, 440),
(2, 59, 71, 440),
(2, 60, 453, 440),
(2, 61, 370, 440),
(3, 1, 220, 333),
(3, 2, 366, 333),
(3, 3, 234, 333),
(3, 5, 384, 333),
(3, 6, 159, 333),
(3, 7, 248, 333),
(3, 8, 382, 333),
(3, 12, 331, 333),
(3, 13, 457, 333),
(3, 15, 490, 333),
(3, 16, 456, 333),
(3, 19, 85, 333),
(3, 20, 179, 333),
(3, 21, 84, 333),
(3, 22, 418, 333),
(3, 23, 223, 333),
(3, 24, 312, 333),
(3, 25, 440, 333),
(3, 27, 355, 333),
(3, 29, 352, 333),
(3, 30, 270, 333),
(3, 32, 190, 333),
(3, 33, 300, 333),
(3, 34, 481, 333),
(3, 35, 116, 333),
(3, 36, 254, 333),
(3, 38, 394, 333),
(3, 40, 348, 333),
(3, 41, 45, 333),
(3, 43, 437, 333),
(3, 44, 184, 333),
(3, 45, 417, 333),
(3, 46, 235, 333),
(3, 47, 102, 333),
(3, 48, 480, 333),
(3, 49, 466, 333),
(3, 50, 257, 333),
(3, 51, 385, 333),
(3, 52, 71, 333),
(3, 53, 58, 333),
(3, 56, 283, 333),
(3, 57, 356, 333),
(3, 58, 278, 333),
(3, 61, 257, 333),
(4, 1, 105, 390),
(4, 2, 195, 390),
(4, 4, 65, 390),
(4, 5, 423, 390),
(4, 6, 430, 390),
(4, 7, 324, 390),
(4, 9, 322, 390),
(4, 11, 0, 390),
(4, 12, 0, 390),
(4, 13, 60, 390),
(4, 14, 54, 390),
(4, 15, 319, 390),
(4, 16, 374, 474),
(4, 17, 137666, 390),
(4, 19, 300, 390),
(4, 21, 226, 390),
(4, 23, 141, 390),
(4, 24, 76, 390),
(4, 27, 463, 390),
(4, 28, 96, 390),
(4, 30, 220, 390),
(4, 31, 132, 390),
(4, 33, 255, 390),
(4, 34, 27, 390),
(4, 36, 380, 390),
(4, 37, 436, 390),
(4, 38, 251, 390),
(4, 39, 283, 390),
(4, 40, 352, 390),
(4, 41, 353, 390),
(4, 42, 268, 390),
(4, 43, 134, 390),
(4, 44, 391, 390),
(4, 46, 151, 390),
(4, 47, 453, 390),
(4, 49, 423, 390),
(4, 50, 301, 390),
(4, 51, 479, 390),
(4, 52, 334, 390),
(4, 53, 390, 390),
(4, 55, 37, 390),
(4, 56, 434, 390),
(4, 57, 492, 390),
(4, 59, 420, 390),
(4, 60, 18, 390),
(4, 61, 144, 390),
(5, 2, 171, 492),
(5, 6, 185, 492),
(5, 7, 76, 492),
(5, 8, 44, 492),
(5, 9, 14, 492),
(5, 12, 213, 492),
(5, 13, 119, 492),
(5, 15, 22, 492),
(5, 16, 110, 492),
(5, 17, 56, 492),
(5, 18, 33, 492),
(5, 19, 30, 492),
(5, 20, 16, 492),
(5, 22, 295, 492),
(5, 23, 253, 492),
(5, 24, 429, 492),
(5, 25, 406, 492),
(5, 26, 126, 492),
(5, 27, 157, 492),
(5, 28, 427, 492),
(5, 30, 63, 492),
(5, 31, 53, 492),
(5, 32, 107, 492),
(5, 33, 69, 492),
(5, 34, 237, 492),
(5, 35, 270, 492),
(5, 36, 120, 492),
(5, 37, 458, 492),
(5, 39, 436, 492),
(5, 40, 461, 492),
(5, 41, 315, 492),
(5, 42, 76, 492),
(5, 44, 57, 492),
(5, 46, 311, 492),
(5, 47, 255, 492),
(5, 48, 90, 492),
(5, 49, 359, 492),
(5, 51, 215, 492),
(5, 52, 224, 492),
(5, 53, 86, 492),
(5, 54, 441, 492),
(5, 55, 495, 492),
(5, 56, 457, 492),
(5, 57, 356, 492),
(5, 58, 452, 492),
(5, 59, 431, 492),
(5, 60, 142, 492),
(5, 61, 305, 492),
(6, 1, 475, 362),
(6, 2, 290, 362),
(6, 3, 112, 362),
(6, 4, 149, 362),
(6, 5, 335, 362),
(6, 6, 59, 362),
(6, 9, 394, 362),
(6, 10, 434, 362),
(6, 11, 197, 362),
(6, 12, 336, 362),
(6, 14, 382, 362),
(6, 15, 64, 362),
(6, 16, 259, 362),
(6, 17, 239, 362),
(6, 18, 256, 362),
(6, 19, 60, 362),
(6, 20, 414, 362),
(6, 22, 337, 362),
(6, 24, 448, 362),
(6, 25, 213, 362),
(6, 26, 17, 362),
(6, 28, 226, 362),
(6, 29, 419, 362),
(6, 30, 244, 362),
(6, 31, 81, 362),
(6, 32, 237, 362),
(6, 33, 75, 362),
(6, 34, 111, 362),
(6, 35, 408, 362),
(6, 36, 302, 362),
(6, 37, 498, 362),
(6, 38, 333, 362),
(6, 39, 446, 362),
(6, 40, 152, 362),
(6, 41, 462, 362),
(6, 43, 486, 362),
(6, 44, 483, 362),
(6, 46, 420, 362),
(6, 47, 240, 362),
(6, 48, 319, 362),
(6, 51, 58, 362),
(6, 52, 310, 362),
(6, 55, 460, 362),
(6, 56, 236, 362),
(6, 57, 362, 362),
(6, 58, 258, 362),
(6, 59, 128, 362),
(6, 60, 397, 362),
(7, 1, 419, 574),
(7, 2, 341, 574),
(7, 3, 314, 574),
(7, 4, 592278, 574),
(7, 5, 126190, 574),
(7, 6, 202, 574),
(7, 7, 166, 574),
(7, 9, 306, 574),
(7, 10, 140, 574),
(7, 11, 43, 574),
(7, 12, 106, 574),
(7, 13, 491, 574),
(7, 14, 331, 574),
(7, 15, 379, 574),
(7, 17, 308, 574),
(7, 18, 27, 574),
(7, 19, 491, 574),
(7, 20, 181, 574),
(7, 21, 349, 574),
(7, 22, 488, 574),
(7, 23, 463, 574),
(7, 24, 493, 574),
(7, 25, 419, 574),
(7, 26, 222, 574),
(7, 27, 292, 574),
(7, 28, 440, 574),
(7, 30, 219, 574),
(7, 31, 216, 574),
(7, 32, 120, 574),
(7, 33, 75, 574),
(7, 34, 109, 574),
(7, 35, 87, 574),
(7, 36, 195, 574),
(7, 37, 176, 574),
(7, 38, 498, 574),
(7, 39, 124, 574),
(7, 40, 151, 574),
(7, 42, 11, 574),
(7, 43, 186, 574),
(7, 44, 468, 574),
(7, 46, 179, 574),
(7, 47, 484, 574),
(7, 48, 58, 574),
(7, 49, 183, 574),
(7, 50, 182, 574),
(7, 51, 263, 574),
(7, 52, 303, 574),
(7, 53, 294, 574),
(7, 54, 162, 574),
(7, 55, 410, 574),
(7, 56, 252, 574),
(7, 57, 34, 574),
(7, 59, 361, 574),
(7, 60, 41, 574),
(8, 1, 310, 368),
(8, 2, 388, 368),
(8, 4, 188, 368),
(8, 5, 38, 368),
(8, 6, 156, 368),
(8, 7, 83, 368),
(8, 8, 276, 368),
(8, 9, 466, 368),
(8, 10, 380, 368),
(8, 11, 280, 368),
(8, 13, 63, 368),
(8, 14, 315, 368),
(8, 15, 344, 368),
(8, 16, 141, 368),
(8, 18, 84, 368),
(8, 19, 263, 368),
(8, 20, 225, 368),
(8, 21, 325, 368),
(8, 22, 171, 368),
(8, 23, 96, 368),
(8, 24, 416, 368),
(8, 25, 290, 368),
(8, 27, 64, 368),
(8, 28, 335, 368),
(8, 29, 223, 368),
(8, 30, 418, 368),
(8, 31, 139, 368),
(8, 32, 314, 368),
(8, 33, 411, 368),
(8, 34, 215, 368),
(8, 35, 215, 368),
(8, 36, 67, 368),
(8, 37, 314, 368),
(8, 38, 411, 368),
(8, 40, 86, 368),
(8, 41, 140, 368),
(8, 42, 270, 368),
(8, 43, 268, 368),
(8, 44, 481, 368),
(8, 45, 21, 368),
(8, 47, 420, 368),
(8, 48, 422, 368),
(8, 50, 322, 368),
(8, 51, 241, 368),
(8, 52, 73, 368),
(8, 53, 3672, 368),
(8, 54, 229, 368),
(8, 55, 123, 368),
(8, 56, 183, 368),
(8, 57, 217, 368),
(8, 59, 143, 368),
(8, 60, 81, 368),
(9, 1, 162, 394),
(9, 2, 194, 394),
(9, 3, 348, 394),
(9, 4, 433, 394),
(9, 6, 43, 394),
(9, 7, 192, 394),
(9, 8, 316, 394),
(9, 9, 446, 394),
(9, 10, 162, 394),
(9, 11, 388, 394),
(9, 12, 479, 394),
(9, 13, 134, 394),
(9, 14, 377, 394),
(9, 15, 320, 394),
(9, 17, 26, 394),
(9, 18, 153, 394),
(9, 19, 117, 394),
(9, 20, 122, 394),
(9, 21, 342, 394),
(9, 22, 83, 394),
(9, 23, 211, 394),
(9, 24, 282, 394),
(9, 25, 389, 394),
(9, 26, 411, 394),
(9, 27, 41, 394),
(9, 28, 378, 394),
(9, 29, 31, 394),
(9, 30, 434, 394),
(9, 32, 106, 394),
(9, 33, 460, 394),
(9, 35, 181, 394),
(9, 36, 393, 394),
(9, 37, 107, 394),
(9, 39, 293, 394),
(9, 40, 451, 394),
(9, 41, 205, 394),
(9, 42, 443, 394),
(9, 44, 126, 394),
(9, 46, 97, 394),
(9, 47, 205, 394),
(9, 48, 234, 394),
(9, 49, 24, 394),
(9, 50, 280, 394),
(9, 51, 231, 394),
(9, 53, 420, 394),
(9, 54, 86, 394),
(9, 55, 321, 394),
(9, 56, 140, 394),
(9, 57, 349, 394),
(9, 58, 135, 394),
(9, 59, 104, 394),
(9, 60, 359, 394),
(9, 61, 346, 394),
(10, 1, 223, 577),
(10, 2, 118, 577),
(10, 3, 85, 577),
(10, 4, 286, 577),
(10, 5, 317, 577),
(10, 6, 120, 577),
(10, 7, 318, 577),
(10, 9, 417, 577),
(10, 10, 299, 577),
(10, 11, 238, 577),
(10, 12, 249, 577),
(10, 13, 180, 577),
(10, 14, 17, 577),
(10, 15, 479, 577),
(10, 16, 33, 577),
(10, 18, 484, 577),
(10, 19, 497, 577),
(10, 20, 14, 577),
(10, 21, 400, 577),
(10, 22, 157, 577),
(10, 23, 500, 577),
(10, 25, 451, 577),
(10, 26, 298, 577),
(10, 27, 466, 577),
(10, 28, 149, 577),
(10, 29, 179, 577),
(10, 30, 230, 577),
(10, 31, 415, 577),
(10, 33, 100, 577),
(10, 34, 357, 577),
(10, 35, 178, 577),
(10, 36, 239, 577),
(10, 37, 428, 577),
(10, 38, 482, 577),
(10, 39, 294, 577),
(10, 40, 131, 577),
(10, 41, 153, 577),
(10, 42, 276, 577),
(10, 43, 166, 577),
(10, 44, 398, 577),
(10, 45, 179, 577),
(10, 46, 384, 577),
(10, 47, 466, 577),
(10, 49, 416, 577),
(10, 50, 188, 577),
(10, 51, 11, 577),
(10, 52, 148, 577),
(10, 54, 37, 577),
(10, 57, 167, 577),
(10, 58, 357, 577),
(10, 61, 15, 577);

--
-- Ευρετήρια για άχρηστους πίνακες
--

--
-- Ευρετήρια για πίνακα `backorder_requests`
--
ALTER TABLE `backorder_requests`
  ADD PRIMARY KEY (`id`);

--
-- Ευρετήρια για πίνακα `employees`
--
ALTER TABLE `employees`
  ADD PRIMARY KEY (`employee_id`),
  ADD UNIQUE KEY `id_number` (`id_number`),
  ADD KEY `store_id` (`store_id`),
  ADD KEY `fk_employee_user` (`user_id`);

--
-- Ευρετήρια για πίνακα `inventory_reductions`
--
ALTER TABLE `inventory_reductions`
  ADD PRIMARY KEY (`id`),
  ADD UNIQUE KEY `reduction_date` (`reduction_date`);

--
-- Ευρετήρια για πίνακα `inventory_transactions`
--
ALTER TABLE `inventory_transactions`
  ADD PRIMARY KEY (`id`);

--
-- Ευρετήρια για πίνακα `low_inventory_alerts`
--
ALTER TABLE `low_inventory_alerts`
  ADD PRIMARY KEY (`alert_id`);

--
-- Ευρετήρια για πίνακα `orders`
--
ALTER TABLE `orders`
  ADD PRIMARY KEY (`order_id`),
  ADD KEY `product_id` (`product_id`),
  ADD KEY `supplier_id` (`supplier_id`),
  ADD KEY `warehouse_id` (`warehouse_id`);

--
-- Ευρετήρια για πίνακα `products`
--
ALTER TABLE `products`
  ADD PRIMARY KEY (`product_id`);

--
-- Ευρετήρια για πίνακα `stores`
--
ALTER TABLE `stores`
  ADD PRIMARY KEY (`store_id`),
  ADD KEY `warehouse_id` (`warehouse_id`);

--
-- Ευρετήρια για πίνακα `store_inventory`
--
ALTER TABLE `store_inventory`
  ADD PRIMARY KEY (`store_id`,`product_id`),
  ADD KEY `product_id` (`product_id`);

--
-- Ευρετήρια για πίνακα `suppliers`
--
ALTER TABLE `suppliers`
  ADD PRIMARY KEY (`supplier_id`);

--
-- Ευρετήρια για πίνακα `supplier_product`
--
ALTER TABLE `supplier_product`
  ADD PRIMARY KEY (`supplier_id`,`product_id`),
  ADD KEY `product_id` (`product_id`);

--
-- Ευρετήρια για πίνακα `users`
--
ALTER TABLE `users`
  ADD PRIMARY KEY (`id`),
  ADD UNIQUE KEY `username` (`username`),
  ADD UNIQUE KEY `email` (`email`);

--
-- Ευρετήρια για πίνακα `user_orders`
--
ALTER TABLE `user_orders`
  ADD PRIMARY KEY (`id`),
  ADD KEY `user_id` (`user_id`);

--
-- Ευρετήρια για πίνακα `user_order_items`
--
ALTER TABLE `user_order_items`
  ADD PRIMARY KEY (`id`),
  ADD KEY `order_id` (`order_id`),
  ADD KEY `product_id` (`product_id`);

--
-- Ευρετήρια για πίνακα `user_profiles`
--
ALTER TABLE `user_profiles`
  ADD PRIMARY KEY (`id`),
  ADD KEY `user_id` (`user_id`),
  ADD KEY `preferred_store_id` (`preferred_store_id`);

--
-- Ευρετήρια για πίνακα `warehouses`
--
ALTER TABLE `warehouses`
  ADD PRIMARY KEY (`warehouse_id`);

--
-- Ευρετήρια για πίνακα `warehouse_inventory`
--
ALTER TABLE `warehouse_inventory`
  ADD PRIMARY KEY (`warehouse_id`,`product_id`),
  ADD KEY `product_id` (`product_id`);

--
-- AUTO_INCREMENT για άχρηστους πίνακες
--

--
-- AUTO_INCREMENT για πίνακα `backorder_requests`
--
ALTER TABLE `backorder_requests`
  MODIFY `id` int(11) NOT NULL AUTO_INCREMENT, AUTO_INCREMENT=88;

--
-- AUTO_INCREMENT για πίνακα `employees`
--
ALTER TABLE `employees`
  MODIFY `employee_id` int(11) NOT NULL AUTO_INCREMENT, AUTO_INCREMENT=1598;

--
-- AUTO_INCREMENT για πίνακα `inventory_reductions`
--
ALTER TABLE `inventory_reductions`
  MODIFY `id` int(11) NOT NULL AUTO_INCREMENT, AUTO_INCREMENT=60;

--
-- AUTO_INCREMENT για πίνακα `inventory_transactions`
--
ALTER TABLE `inventory_transactions`
  MODIFY `id` int(11) NOT NULL AUTO_INCREMENT, AUTO_INCREMENT=1111;

--
-- AUTO_INCREMENT για πίνακα `low_inventory_alerts`
--
ALTER TABLE `low_inventory_alerts`
  MODIFY `alert_id` int(11) NOT NULL AUTO_INCREMENT, AUTO_INCREMENT=231;

--
-- AUTO_INCREMENT για πίνακα `orders`
--
ALTER TABLE `orders`
  MODIFY `order_id` int(11) NOT NULL AUTO_INCREMENT;

--
-- AUTO_INCREMENT για πίνακα `products`
--
ALTER TABLE `products`
  MODIFY `product_id` int(11) NOT NULL AUTO_INCREMENT, AUTO_INCREMENT=62;

--
-- AUTO_INCREMENT για πίνακα `stores`
--
ALTER TABLE `stores`
  MODIFY `store_id` int(11) NOT NULL AUTO_INCREMENT, AUTO_INCREMENT=41;

--
-- AUTO_INCREMENT για πίνακα `suppliers`
--
ALTER TABLE `suppliers`
  MODIFY `supplier_id` int(11) NOT NULL AUTO_INCREMENT, AUTO_INCREMENT=41;

--
-- AUTO_INCREMENT για πίνακα `users`
--
ALTER TABLE `users`
  MODIFY `id` int(11) NOT NULL AUTO_INCREMENT, AUTO_INCREMENT=84;

--
-- AUTO_INCREMENT για πίνακα `user_orders`
--
ALTER TABLE `user_orders`
  MODIFY `id` int(11) NOT NULL AUTO_INCREMENT, AUTO_INCREMENT=48;

--
-- AUTO_INCREMENT για πίνακα `user_order_items`
--
ALTER TABLE `user_order_items`
  MODIFY `id` int(11) NOT NULL AUTO_INCREMENT, AUTO_INCREMENT=66;

--
-- AUTO_INCREMENT για πίνακα `user_profiles`
--
ALTER TABLE `user_profiles`
  MODIFY `id` int(11) NOT NULL AUTO_INCREMENT, AUTO_INCREMENT=55;

--
-- AUTO_INCREMENT για πίνακα `warehouses`
--
ALTER TABLE `warehouses`
  MODIFY `warehouse_id` int(11) NOT NULL AUTO_INCREMENT, AUTO_INCREMENT=11;

--
-- Περιορισμοί για άχρηστους πίνακες
--

--
-- Περιορισμοί για πίνακα `employees`
--
ALTER TABLE `employees`
  ADD CONSTRAINT `employees_ibfk_1` FOREIGN KEY (`store_id`) REFERENCES `stores` (`store_id`),
  ADD CONSTRAINT `fk_employee_user` FOREIGN KEY (`user_id`) REFERENCES `users` (`id`) ON DELETE SET NULL;

--
-- Περιορισμοί για πίνακα `orders`
--
ALTER TABLE `orders`
  ADD CONSTRAINT `orders_ibfk_1` FOREIGN KEY (`product_id`) REFERENCES `products` (`product_id`),
  ADD CONSTRAINT `orders_ibfk_2` FOREIGN KEY (`supplier_id`) REFERENCES `suppliers` (`supplier_id`),
  ADD CONSTRAINT `orders_ibfk_3` FOREIGN KEY (`warehouse_id`) REFERENCES `warehouses` (`warehouse_id`);

--
-- Περιορισμοί για πίνακα `stores`
--
ALTER TABLE `stores`
  ADD CONSTRAINT `stores_ibfk_1` FOREIGN KEY (`warehouse_id`) REFERENCES `warehouses` (`warehouse_id`);

--
-- Περιορισμοί για πίνακα `store_inventory`
--
ALTER TABLE `store_inventory`
  ADD CONSTRAINT `store_inventory_ibfk_1` FOREIGN KEY (`store_id`) REFERENCES `stores` (`store_id`),
  ADD CONSTRAINT `store_inventory_ibfk_2` FOREIGN KEY (`product_id`) REFERENCES `products` (`product_id`);

--
-- Περιορισμοί για πίνακα `supplier_product`
--
ALTER TABLE `supplier_product`
  ADD CONSTRAINT `supplier_product_ibfk_1` FOREIGN KEY (`supplier_id`) REFERENCES `suppliers` (`supplier_id`),
  ADD CONSTRAINT `supplier_product_ibfk_2` FOREIGN KEY (`product_id`) REFERENCES `products` (`product_id`);

--
-- Περιορισμοί για πίνακα `user_orders`
--
ALTER TABLE `user_orders`
  ADD CONSTRAINT `user_orders_ibfk_1` FOREIGN KEY (`user_id`) REFERENCES `users` (`id`);

--
-- Περιορισμοί για πίνακα `user_order_items`
--
ALTER TABLE `user_order_items`
  ADD CONSTRAINT `user_order_items_ibfk_1` FOREIGN KEY (`order_id`) REFERENCES `user_orders` (`id`),
  ADD CONSTRAINT `user_order_items_ibfk_2` FOREIGN KEY (`product_id`) REFERENCES `products` (`product_id`);

--
-- Περιορισμοί για πίνακα `user_profiles`
--
ALTER TABLE `user_profiles`
  ADD CONSTRAINT `user_profiles_ibfk_1` FOREIGN KEY (`user_id`) REFERENCES `users` (`id`) ON DELETE CASCADE,
  ADD CONSTRAINT `user_profiles_ibfk_2` FOREIGN KEY (`preferred_store_id`) REFERENCES `stores` (`store_id`);

--
-- Περιορισμοί για πίνακα `warehouse_inventory`
--
ALTER TABLE `warehouse_inventory`
  ADD CONSTRAINT `warehouse_inventory_ibfk_1` FOREIGN KEY (`warehouse_id`) REFERENCES `warehouses` (`warehouse_id`),
  ADD CONSTRAINT `warehouse_inventory_ibfk_2` FOREIGN KEY (`product_id`) REFERENCES `products` (`product_id`);
COMMIT;

/*!40101 SET CHARACTER_SET_CLIENT=@OLD_CHARACTER_SET_CLIENT */;
/*!40101 SET CHARACTER_SET_RESULTS=@OLD_CHARACTER_SET_RESULTS */;
/*!40101 SET COLLATION_CONNECTION=@OLD_COLLATION_CONNECTION */;
